url,domain,path,category,include_in_mvp,discovered_from,discovered_at
https://monzo.com/,monzo.com,/,other,False,https://monzo.com/gb-sitemap.xml,2026-08-16T18:47:09.246728+00:00
https://monzo.com/about,monzo.com,/about,corporate,False,https://monzo.com/gb-sitemap.xml,2026-08-16T18:47:09.246728+00:00
https://monzo.com/accessibility,monzo.com,/accessibility,corporate,False,https://monzo.com/gb-sitemap.xml,2026-08-16T18:47:09.246728+00:00
https://monzo.com/accessibility-statement,monzo.com,/accessibility-statement,corporate,False,https://monzo.com/gb-sitemap.xml,2026-08-16T18:47:09.246728+00:00
https://monzo.com/annual-report,monzo.com,/annual-report,corporate,False,https://monzo.com/gb-sitemap.xml,2026-08-16T18:47:09.246728+00:00
https://monzo.com/annual-report/2024,monzo.com,/annual-report/2024,corporate,False,https://monzo.com/gb-sitemap.xml,2026-08-16T18:47:09.246728+00:00
https://monzo.com/bereavements,monzo.com,/bereavements,other,False,https://monzo.com/gb-sitemap.xml,2026-08-16T18:47:09.246728+00:00
https://monzo.com/blog,monzo.com,/blog,blog,False,https://monzo.com/gb-sitemap.xml,2026-08-16T18:47:09.246728+00:00
https://monzo.com/blog/10-magical-monzo-features,monzo.com,/blog/10-magical-monzo-features,blog,False,https://monzo.com/gb-sitemap.xml,2026-08-16T18:47:09.246728+00:00
https://monzo.com/blog/10-things-they-didnt-teach-you-about-money-in-school,monzo.com,/blog/10-things-they-didnt-teach-you-about-money-in-school,blog,False,https://monzo.com/gb-sitemap.xml,2026-08-16T18:47:09.246728+00:00
https://monzo.com/blog/10-times-you-hated-monzo,monzo.com,/blog/10-times-you-hated-monzo,blog,False,https://monzo.com/gb-sitemap.xml,2026-08-16T18:47:09.246728+00:00
https://monzo.com/blog/11-reasons-to-get-monzo-business,monzo.com,/blog/11-reasons-to-get-monzo-business,blog,False,https://monzo.com/gb-sitemap.xml,2026-08-16T18:47:09.246728+00:00
https://monzo.com/blog/12-essential-interview-questions-to-help-find-your-next-hire,monzo.com,/blog/12-essential-interview-questions-to-help-find-your-next-hire,blog,False,https://monzo.com/gb-sitemap.xml,2026-08-16T18:47:09.246728+00:00
https://monzo.com/blog/2015/06/01/welcome-to-mondo,monzo.com,/blog/2015/06/01/welcome-to-mondo,blog,False,https://monzo.com/gb-sitemap.xml,2026-08-16T18:47:09.246728+00:00
https://monzo.com/blog/2015/10/01/the-first-mondo-hackathon,monzo.com,/blog/2015/10/01/the-first-mondo-hackathon,blog,False,https://monzo.com/gb-sitemap.xml,2026-08-16T18:47:09.246728+00:00
https://monzo.com/blog/2015/10/30/we-are-ready,monzo.com,/blog/2015/10/30/we-are-ready,blog,False,https://monzo.com/gb-sitemap.xml,2026-08-16T18:47:09.246728+00:00
https://monzo.com/blog/2015/11/16/diversity-debt,monzo.com,/blog/2015/11/16/diversity-debt,blog,False,https://monzo.com/gb-sitemap.xml,2026-08-16T18:47:09.246728+00:00
https://monzo.com/blog/2015/12/02/3-second-sandwich,monzo.com,/blog/2015/12/02/3-second-sandwich,blog,False,https://monzo.com/gb-sitemap.xml,2026-08-16T18:47:09.246728+00:00
https://monzo.com/blog/2015/12/15/why-are-foreign-card-payments-such-a-mess,monzo.com,/blog/2015/12/15/why-are-foreign-card-payments-such-a-mess,blog,False,https://monzo.com/gb-sitemap.xml,2026-08-16T18:47:09.246728+00:00
https://monzo.com/blog/2016/01/08/how-does-the-wholesale-foreign-exchange-market-work,monzo.com,/blog/2016/01/08/how-does-the-wholesale-foreign-exchange-market-work,blog,False,https://monzo.com/gb-sitemap.xml,2026-08-16T18:47:09.246728+00:00
https://monzo.com/blog/2016/01/20/how-do-bank-payments-work,monzo.com,/blog/2016/01/20/how-do-bank-payments-work,blog,False,https://monzo.com/gb-sitemap.xml,2026-08-16T18:47:09.246728+00:00
https://monzo.com/blog/2016/03/10/meet-jonas,monzo.com,/blog/2016/03/10/meet-jonas,blog,False,https://monzo.com/gb-sitemap.xml,2026-08-16T18:47:09.246728+00:00
https://monzo.com/blog/2016/03/17/beta,monzo.com,/blog/2016/03/17/beta,blog,False,https://monzo.com/gb-sitemap.xml,2026-08-16T18:47:09.246728+00:00
https://monzo.com/blog/2016/06/03/ask-us-anything-join-the-forum,monzo.com,/blog/2016/06/03/ask-us-anything-join-the-forum,blog,False,https://monzo.com/gb-sitemap.xml,2026-08-16T18:47:09.246728+00:00
https://monzo.com/blog/2016/06/07/ethical-banking,monzo.com,/blog/2016/06/07/ethical-banking,blog,False,https://monzo.com/gb-sitemap.xml,2026-08-16T18:47:09.246728+00:00
https://monzo.com/blog/2016/06/13/1-5,monzo.com,/blog/2016/06/13/1-5,blog,False,https://monzo.com/gb-sitemap.xml,2026-08-16T18:47:09.246728+00:00
https://monzo.com/blog/2016/06/13/new-mondo-changing-our-name,monzo.com,/blog/2016/06/13/new-mondo-changing-our-name,blog,False,https://monzo.com/gb-sitemap.xml,2026-08-16T18:47:09.246728+00:00
https://monzo.com/blog/2016/06/23/update-on-our-name-change,monzo.com,/blog/2016/06/23/update-on-our-name-change,blog,False,https://monzo.com/gb-sitemap.xml,2026-08-16T18:47:09.246728+00:00
https://monzo.com/blog/2016/07/18/touchid-profile-update,monzo.com,/blog/2016/07/18/touchid-profile-update,blog,False,https://monzo.com/gb-sitemap.xml,2026-08-16T18:47:09.246728+00:00
https://monzo.com/blog/2016/07/22/name-change-update-snapchat,monzo.com,/blog/2016/07/22/name-change-update-snapchat,blog,False,https://monzo.com/gb-sitemap.xml,2026-08-16T18:47:09.246728+00:00
https://monzo.com/blog/2016/08/05/spending-on-mondo-update,monzo.com,/blog/2016/08/05/spending-on-mondo-update,blog,False,https://monzo.com/gb-sitemap.xml,2026-08-16T18:47:09.246728+00:00
https://monzo.com/blog/2016/08/08/updated-design,monzo.com,/blog/2016/08/08/updated-design,blog,False,https://monzo.com/gb-sitemap.xml,2026-08-16T18:47:09.246728+00:00
https://monzo.com/blog/2016/08/11/we-are-now-a-bank,monzo.com,/blog/2016/08/11/we-are-now-a-bank,blog,False,https://monzo.com/gb-sitemap.xml,2026-08-16T18:47:09.246728+00:00
https://monzo.com/blog/2016/08/15/launching-the-bank,monzo.com,/blog/2016/08/15/launching-the-bank,blog,False,https://monzo.com/gb-sitemap.xml,2026-08-16T18:47:09.246728+00:00
https://monzo.com/blog/2016/08/25/monzo,monzo.com,/blog/2016/08/25/monzo,blog,False,https://monzo.com/gb-sitemap.xml,2026-08-16T18:47:09.246728+00:00
https://monzo.com/blog/2016/08/26/how-we-picked-monzo,monzo.com,/blog/2016/08/26/how-we-picked-monzo,blog,False,https://monzo.com/gb-sitemap.xml,2026-08-16T18:47:09.246728+00:00
https://monzo.com/blog/2016/09/07/our-approach-to-overdrafts,monzo.com,/blog/2016/09/07/our-approach-to-overdrafts,blog,False,https://monzo.com/gb-sitemap.xml,2026-08-16T18:47:09.246728+00:00
https://monzo.com/blog/2016/09/12/1-6-3,monzo.com,/blog/2016/09/12/1-6-3,blog,False,https://monzo.com/gb-sitemap.xml,2026-08-16T18:47:09.246728+00:00
https://monzo.com/blog/2016/09/19/building-a-modern-bank-backend,monzo.com,/blog/2016/09/19/building-a-modern-bank-backend,blog,False,https://monzo.com/gb-sitemap.xml,2026-08-16T18:47:09.246728+00:00
https://monzo.com/blog/2016/09/20/monzo-journals-philippines,monzo.com,/blog/2016/09/20/monzo-journals-philippines,blog,False,https://monzo.com/gb-sitemap.xml,2026-08-16T18:47:09.246728+00:00
https://monzo.com/blog/2016/09/29/android,monzo.com,/blog/2016/09/29/android,blog,False,https://monzo.com/gb-sitemap.xml,2026-08-16T18:47:09.246728+00:00
https://monzo.com/blog/2016/10/19/target-practice,monzo.com,/blog/2016/10/19/target-practice,blog,False,https://monzo.com/gb-sitemap.xml,2026-08-16T18:47:09.246728+00:00
https://monzo.com/blog/2016/10/26/card-replacement-android,monzo.com,/blog/2016/10/26/card-replacement-android,blog,False,https://monzo.com/gb-sitemap.xml,2026-08-16T18:47:09.246728+00:00
https://monzo.com/blog/2016/11/04/living-wage,monzo.com,/blog/2016/11/04/living-wage,blog,False,https://monzo.com/gb-sitemap.xml,2026-08-16T18:47:09.246728+00:00
https://monzo.com/blog/2016/11/14/spending-android,monzo.com,/blog/2016/11/14/spending-android,blog,False,https://monzo.com/gb-sitemap.xml,2026-08-16T18:47:09.246728+00:00
https://monzo.com/blog/2016/11/30/laying-the-foundation-for-a-data-team,monzo.com,/blog/2016/11/30/laying-the-foundation-for-a-data-team,blog,False,https://monzo.com/gb-sitemap.xml,2026-08-16T18:47:09.246728+00:00
https://monzo.com/blog/2017/01/16/app-shortcuts-android,monzo.com,/blog/2017/01/16/app-shortcuts-android,blog,False,https://monzo.com/gb-sitemap.xml,2026-08-16T18:47:09.246728+00:00
https://monzo.com/blog/2017/01/24/100000th-user,monzo.com,/blog/2017/01/24/100000th-user,blog,False,https://monzo.com/gb-sitemap.xml,2026-08-16T18:47:09.246728+00:00
https://monzo.com/blog/2017/01/26/our-new-community-page,monzo.com,/blog/2017/01/26/our-new-community-page,blog,False,https://monzo.com/gb-sitemap.xml,2026-08-16T18:47:09.246728+00:00
https://monzo.com/blog/2017/01/27/designing-product-mental-health-mind,monzo.com,/blog/2017/01/27/designing-product-mental-health-mind,blog,False,https://monzo.com/gb-sitemap.xml,2026-08-16T18:47:09.246728+00:00
https://monzo.com/blog/2017/01/31/fincrime-and-security-week-introduction,monzo.com,/blog/2017/01/31/fincrime-and-security-week-introduction,blog,False,https://monzo.com/gb-sitemap.xml,2026-08-16T18:47:09.246728+00:00
https://monzo.com/blog/2017/02/01/natasha-profile,monzo.com,/blog/2017/02/01/natasha-profile,blog,False,https://monzo.com/gb-sitemap.xml,2026-08-16T18:47:09.246728+00:00
https://monzo.com/blog/2017/02/03/fighting-fraud-with-machine-learning,monzo.com,/blog/2017/02/03/fighting-fraud-with-machine-learning,blog,False,https://monzo.com/gb-sitemap.xml,2026-08-16T18:47:09.246728+00:00
https://monzo.com/blog/2017/02/08/meet-irina,monzo.com,/blog/2017/02/08/meet-irina,blog,False,https://monzo.com/gb-sitemap.xml,2026-08-16T18:47:09.246728+00:00
https://monzo.com/blog/2017/02/09/customer-support-quotables-short,monzo.com,/blog/2017/02/09/customer-support-quotables-short,blog,False,https://monzo.com/gb-sitemap.xml,2026-08-16T18:47:09.246728+00:00
https://monzo.com/blog/2017/02/09/launching-settings-android,monzo.com,/blog/2017/02/09/launching-settings-android,blog,False,https://monzo.com/gb-sitemap.xml,2026-08-16T18:47:09.246728+00:00
https://monzo.com/blog/2017/02/13/5-features-your-mobile-bank-account-should-have-by-now,monzo.com,/blog/2017/02/13/5-features-your-mobile-bank-account-should-have-by-now,blog,False,https://monzo.com/gb-sitemap.xml,2026-08-16T18:47:09.246728+00:00
https://monzo.com/blog/2017/02/16/the-richest-man-in-babylon,monzo.com,/blog/2017/02/16/the-richest-man-in-babylon,blog,False,https://monzo.com/gb-sitemap.xml,2026-08-16T18:47:09.246728+00:00
https://monzo.com/blog/2017/02/17/four-useful-services-your-bank-should-not-be-charging-for,monzo.com,/blog/2017/02/17/four-useful-services-your-bank-should-not-be-charging-for,blog,False,https://monzo.com/gb-sitemap.xml,2026-08-16T18:47:09.246728+00:00
https://monzo.com/blog/2017/02/22/josh-profile,monzo.com,/blog/2017/02/22/josh-profile,blog,False,https://monzo.com/gb-sitemap.xml,2026-08-16T18:47:09.246728+00:00
https://monzo.com/blog/2017/02/24/monzome-on-android,monzo.com,/blog/2017/02/24/monzome-on-android,blog,False,https://monzo.com/gb-sitemap.xml,2026-08-16T18:47:09.246728+00:00
https://monzo.com/blog/2017/03/09/diversity-and-inclusion,monzo.com,/blog/2017/03/09/diversity-and-inclusion,blog,False,https://monzo.com/gb-sitemap.xml,2026-08-16T18:47:09.246728+00:00
https://monzo.com/blog/2017/03/09/emma-profile,monzo.com,/blog/2017/03/09/emma-profile,blog,False,https://monzo.com/gb-sitemap.xml,2026-08-16T18:47:09.246728+00:00
https://monzo.com/blog/2017/03/10/transparent-by-default,monzo.com,/blog/2017/03/10/transparent-by-default,blog,False,https://monzo.com/gb-sitemap.xml,2026-08-16T18:47:09.246728+00:00
https://monzo.com/blog/2017/03/14/12000000,monzo.com,/blog/2017/03/14/12000000,blog,False,https://monzo.com/gb-sitemap.xml,2026-08-16T18:47:09.246728+00:00
https://monzo.com/blog/2017/03/22/meet-venkat,monzo.com,/blog/2017/03/22/meet-venkat,blog,False,https://monzo.com/gb-sitemap.xml,2026-08-16T18:47:09.246728+00:00
https://monzo.com/blog/2017/03/28/i-forgot-my-pin,monzo.com,/blog/2017/03/28/i-forgot-my-pin,blog,False,https://monzo.com/gb-sitemap.xml,2026-08-16T18:47:09.246728+00:00
https://monzo.com/blog/2017/03/31/budget-targets,monzo.com,/blog/2017/03/31/budget-targets,blog,False,https://monzo.com/gb-sitemap.xml,2026-08-16T18:47:09.246728+00:00
https://monzo.com/blog/2017/03/31/designers-inspiration,monzo.com,/blog/2017/03/31/designers-inspiration,blog,False,https://monzo.com/gb-sitemap.xml,2026-08-16T18:47:09.246728+00:00
https://monzo.com/blog/2017/04/05/banking-licence,monzo.com,/blog/2017/04/05/banking-licence,blog,False,https://monzo.com/gb-sitemap.xml,2026-08-16T18:47:09.246728+00:00
https://monzo.com/blog/2017/04/05/profile-pictures-update,monzo.com,/blog/2017/04/05/profile-pictures-update,blog,False,https://monzo.com/gb-sitemap.xml,2026-08-16T18:47:09.246728+00:00
https://monzo.com/blog/2017/04/06/meet-dan,monzo.com,/blog/2017/04/06/meet-dan,blog,False,https://monzo.com/gb-sitemap.xml,2026-08-16T18:47:09.246728+00:00
https://monzo.com/blog/2017/04/11/search-on-android,monzo.com,/blog/2017/04/11/search-on-android,blog,False,https://monzo.com/gb-sitemap.xml,2026-08-16T18:47:09.246728+00:00
https://monzo.com/blog/2017/04/20/crowdfunding-in-numbers,monzo.com,/blog/2017/04/20/crowdfunding-in-numbers,blog,False,https://monzo.com/gb-sitemap.xml,2026-08-16T18:47:09.246728+00:00
https://monzo.com/blog/2017/04/27/welcome-to-the-drawing-board,monzo.com,/blog/2017/04/27/welcome-to-the-drawing-board,blog,False,https://monzo.com/gb-sitemap.xml,2026-08-16T18:47:09.246728+00:00
https://monzo.com/blog/2017/05/03/practical-machine-learning-for-startups,monzo.com,/blog/2017/05/03/practical-machine-learning-for-startups,blog,False,https://monzo.com/gb-sitemap.xml,2026-08-16T18:47:09.246728+00:00
https://monzo.com/blog/2017/05/05/why-payments-are-declined,monzo.com,/blog/2017/05/05/why-payments-are-declined,blog,False,https://monzo.com/gb-sitemap.xml,2026-08-16T18:47:09.246728+00:00
https://monzo.com/blog/2017/05/08/android-pay-on-monzome,monzo.com,/blog/2017/05/08/android-pay-on-monzome,blog,False,https://monzo.com/gb-sitemap.xml,2026-08-16T18:47:09.246728+00:00
https://monzo.com/blog/2017/05/15/intro-to-cops,monzo.com,/blog/2017/05/15/intro-to-cops,blog,False,https://monzo.com/gb-sitemap.xml,2026-08-16T18:47:09.246728+00:00
https://monzo.com/blog/2017/05/16/200k-250m,monzo.com,/blog/2017/05/16/200k-250m,blog,False,https://monzo.com/gb-sitemap.xml,2026-08-16T18:47:09.246728+00:00
https://monzo.com/blog/2017/05/17/meet-tapas,monzo.com,/blog/2017/05/17/meet-tapas,blog,False,https://monzo.com/gb-sitemap.xml,2026-08-16T18:47:09.246728+00:00
https://monzo.com/blog/2017/05/18/night-cops,monzo.com,/blog/2017/05/18/night-cops,blog,False,https://monzo.com/gb-sitemap.xml,2026-08-16T18:47:09.246728+00:00
https://monzo.com/blog/2017/05/19/future-of-cops,monzo.com,/blog/2017/05/19/future-of-cops,blog,False,https://monzo.com/gb-sitemap.xml,2026-08-16T18:47:09.246728+00:00
https://monzo.com/blog/2017/05/22/top-up-with-android-pay,monzo.com,/blog/2017/05/22/top-up-with-android-pay,blog,False,https://monzo.com/gb-sitemap.xml,2026-08-16T18:47:09.246728+00:00
https://monzo.com/blog/2017/06/07/referral-bonus,monzo.com,/blog/2017/06/07/referral-bonus,blog,False,https://monzo.com/gb-sitemap.xml,2026-08-16T18:47:09.246728+00:00
https://monzo.com/blog/2017/06/08/host-a-monzo-meetup,monzo.com,/blog/2017/06/08/host-a-monzo-meetup,blog,False,https://monzo.com/gb-sitemap.xml,2026-08-16T18:47:09.246728+00:00
https://monzo.com/blog/2017/06/09/journey-of-a-card,monzo.com,/blog/2017/06/09/journey-of-a-card,blog,False,https://monzo.com/gb-sitemap.xml,2026-08-16T18:47:09.246728+00:00
https://monzo.com/blog/2017/06/13/identity-verification-upgrade,monzo.com,/blog/2017/06/13/identity-verification-upgrade,blog,False,https://monzo.com/gb-sitemap.xml,2026-08-16T18:47:09.246728+00:00
https://monzo.com/blog/2017/06/22/meet-gary,monzo.com,/blog/2017/06/22/meet-gary,blog,False,https://monzo.com/gb-sitemap.xml,2026-08-16T18:47:09.246728+00:00
https://monzo.com/blog/2017/06/23/new-beginnings-at-Monzo,monzo.com,/blog/2017/06/23/new-beginnings-at-Monzo,blog,False,https://monzo.com/gb-sitemap.xml,2026-08-16T18:47:09.246728+00:00
https://monzo.com/blog/2017/06/30/tried-and-tested,monzo.com,/blog/2017/06/30/tried-and-tested,blog,False,https://monzo.com/gb-sitemap.xml,2026-08-16T18:47:09.246728+00:00
https://monzo.com/blog/2017/07/03/monzo-mixtape,monzo.com,/blog/2017/07/03/monzo-mixtape,blog,False,https://monzo.com/gb-sitemap.xml,2026-08-16T18:47:09.246728+00:00
https://monzo.com/blog/2017/07/07/working-with-backend-services-on-ios,monzo.com,/blog/2017/07/07/working-with-backend-services-on-ios,blog,False,https://monzo.com/gb-sitemap.xml,2026-08-16T18:47:09.246728+00:00
https://monzo.com/blog/2017/07/17/current-account-preview,monzo.com,/blog/2017/07/17/current-account-preview,blog,False,https://monzo.com/gb-sitemap.xml,2026-08-16T18:47:09.246728+00:00
https://monzo.com/blog/2017/07/25/meet-will,monzo.com,/blog/2017/07/25/meet-will,blog,False,https://monzo.com/gb-sitemap.xml,2026-08-16T18:47:09.246728+00:00
https://monzo.com/blog/2017/07/27/monzo-insider,monzo.com,/blog/2017/07/27/monzo-insider,blog,False,https://monzo.com/gb-sitemap.xml,2026-08-16T18:47:09.246728+00:00
https://monzo.com/blog/2017/08/01/bottom-nav-bar,monzo.com,/blog/2017/08/01/bottom-nav-bar,blog,False,https://monzo.com/gb-sitemap.xml,2026-08-16T18:47:09.246728+00:00
https://monzo.com/blog/2017/08/07/current-account-android,monzo.com,/blog/2017/08/07/current-account-android,blog,False,https://monzo.com/gb-sitemap.xml,2026-08-16T18:47:09.246728+00:00
https://monzo.com/blog/2017/08/09/complaints-at-monzo,monzo.com,/blog/2017/08/09/complaints-at-monzo,blog,False,https://monzo.com/gb-sitemap.xml,2026-08-16T18:47:09.246728+00:00
https://monzo.com/blog/2017/08/22/the-help-search-algorithm,monzo.com,/blog/2017/08/22/the-help-search-algorithm,blog,False,https://monzo.com/gb-sitemap.xml,2026-08-16T18:47:09.246728+00:00
https://monzo.com/blog/2017/08/23/preview-distance-signup,monzo.com,/blog/2017/08/23/preview-distance-signup,blog,False,https://monzo.com/gb-sitemap.xml,2026-08-16T18:47:09.246728+00:00
https://monzo.com/blog/2017/09/01/open-office-august,monzo.com,/blog/2017/09/01/open-office-august,blog,False,https://monzo.com/gb-sitemap.xml,2026-08-16T18:47:09.246728+00:00
https://monzo.com/blog/2017/09/04/meet-phil-hewinson-head-of-partnerships,monzo.com,/blog/2017/09/04/meet-phil-hewinson-head-of-partnerships,blog,False,https://monzo.com/gb-sitemap.xml,2026-08-16T18:47:09.246728+00:00
https://monzo.com/blog/2017/09/25/android-progress-update,monzo.com,/blog/2017/09/25/android-progress-update,blog,False,https://monzo.com/gb-sitemap.xml,2026-08-16T18:47:09.246728+00:00
https://monzo.com/blog/2017/09/27/android-help-search,monzo.com,/blog/2017/09/27/android-help-search,blog,False,https://monzo.com/gb-sitemap.xml,2026-08-16T18:47:09.246728+00:00
https://monzo.com/blog/2017/09/29/android-engineers,monzo.com,/blog/2017/09/29/android-engineers,blog,False,https://monzo.com/gb-sitemap.xml,2026-08-16T18:47:09.246728+00:00
https://monzo.com/blog/2017/10/30/monzo-to-monzo-payments,monzo.com,/blog/2017/10/30/monzo-to-monzo-payments,blog,False,https://monzo.com/gb-sitemap.xml,2026-08-16T18:47:09.246728+00:00
https://monzo.com/blog/2017/11/03/simple-signup-kyc,monzo.com,/blog/2017/11/03/simple-signup-kyc,blog,False,https://monzo.com/gb-sitemap.xml,2026-08-16T18:47:09.246728+00:00
https://monzo.com/blog/2017/11/14/nfc-card-activation,monzo.com,/blog/2017/11/14/nfc-card-activation,blog,False,https://monzo.com/gb-sitemap.xml,2026-08-16T18:47:09.246728+00:00
https://monzo.com/blog/2017/11/16/monzo-marketplace,monzo.com,/blog/2017/11/16/monzo-marketplace,blog,False,https://monzo.com/gb-sitemap.xml,2026-08-16T18:47:09.246728+00:00
https://monzo.com/blog/2017/11/23/2017-todo-list,monzo.com,/blog/2017/11/23/2017-todo-list,blog,False,https://monzo.com/gb-sitemap.xml,2026-08-16T18:47:09.246728+00:00
https://monzo.com/blog/2017/11/29/very-robust-etcd,monzo.com,/blog/2017/11/29/very-robust-etcd,blog,False,https://monzo.com/gb-sitemap.xml,2026-08-16T18:47:09.246728+00:00
https://monzo.com/blog/2017/12/01/cardiff,monzo.com,/blog/2017/12/01/cardiff,blog,False,https://monzo.com/gb-sitemap.xml,2026-08-16T18:47:09.246728+00:00
https://monzo.com/blog/2017/12/01/top-ups-are-back,monzo.com,/blog/2017/12/01/top-ups-are-back,blog,False,https://monzo.com/gb-sitemap.xml,2026-08-16T18:47:09.246728+00:00
https://monzo.com/blog/2017/12/08/monzo-mixtape-two,monzo.com,/blog/2017/12/08/monzo-mixtape-two,blog,False,https://monzo.com/gb-sitemap.xml,2026-08-16T18:47:09.246728+00:00
https://monzo.com/blog/2017/12/12/meet-jordan,monzo.com,/blog/2017/12/12/meet-jordan,blog,False,https://monzo.com/gb-sitemap.xml,2026-08-16T18:47:09.246728+00:00
https://monzo.com/blog/2017/12/18/using-monzo-over-christmas,monzo.com,/blog/2017/12/18/using-monzo-over-christmas,blog,False,https://monzo.com/gb-sitemap.xml,2026-08-16T18:47:09.246728+00:00
https://monzo.com/blog/2018/01/10/golden-tickets-are-back,monzo.com,/blog/2018/01/10/golden-tickets-are-back,blog,False,https://monzo.com/gb-sitemap.xml,2026-08-16T18:47:09.246728+00:00
https://monzo.com/blog/2018/01/18/future-of-prepaid,monzo.com,/blog/2018/01/18/future-of-prepaid,blog,False,https://monzo.com/gb-sitemap.xml,2026-08-16T18:47:09.246728+00:00
https://monzo.com/blog/2018/01/25/bank-statements,monzo.com,/blog/2018/01/25/bank-statements,blog,False,https://monzo.com/gb-sitemap.xml,2026-08-16T18:47:09.246728+00:00
https://monzo.com/blog/2018/01/26/upgrade-credit-score,monzo.com,/blog/2018/01/26/upgrade-credit-score,blog,False,https://monzo.com/gb-sitemap.xml,2026-08-16T18:47:09.246728+00:00
https://monzo.com/blog/2018/02/02/user-research,monzo.com,/blog/2018/02/02/user-research,blog,False,https://monzo.com/gb-sitemap.xml,2026-08-16T18:47:09.246728+00:00
https://monzo.com/blog/2018/02/07/upgrade-overdrafts,monzo.com,/blog/2018/02/07/upgrade-overdrafts,blog,False,https://monzo.com/gb-sitemap.xml,2026-08-16T18:47:09.246728+00:00
https://monzo.com/blog/2018/02/12/monzo-me,monzo.com,/blog/2018/02/12/monzo-me,blog,False,https://monzo.com/gb-sitemap.xml,2026-08-16T18:47:09.246728+00:00
https://monzo.com/blog/2018/02/14/android-pulse,monzo.com,/blog/2018/02/14/android-pulse,blog,False,https://monzo.com/gb-sitemap.xml,2026-08-16T18:47:09.246728+00:00
https://monzo.com/blog/2018/02/15/android-crowdsourcing-merchant-data,monzo.com,/blog/2018/02/15/android-crowdsourcing-merchant-data,blog,False,https://monzo.com/gb-sitemap.xml,2026-08-16T18:47:09.246728+00:00
https://monzo.com/blog/2018/02/19/third-birthday,monzo.com,/blog/2018/02/19/third-birthday,blog,False,https://monzo.com/gb-sitemap.xml,2026-08-16T18:47:09.246728+00:00
https://monzo.com/blog/2018/02/28/march-update,monzo.com,/blog/2018/02/28/march-update,blog,False,https://monzo.com/gb-sitemap.xml,2026-08-16T18:47:09.246728+00:00
https://monzo.com/blog/2018/03/02/app-development,monzo.com,/blog/2018/03/02/app-development,blog,False,https://monzo.com/gb-sitemap.xml,2026-08-16T18:47:09.246728+00:00
https://monzo.com/blog/2018/03/07/coin-jar,monzo.com,/blog/2018/03/07/coin-jar,blog,False,https://monzo.com/gb-sitemap.xml,2026-08-16T18:47:09.246728+00:00
https://monzo.com/blog/2018/03/19/500k-customers,monzo.com,/blog/2018/03/19/500k-customers,blog,False,https://monzo.com/gb-sitemap.xml,2026-08-16T18:47:09.246728+00:00
https://monzo.com/blog/2018/03/20/terms-and-conditions-monzo,monzo.com,/blog/2018/03/20/terms-and-conditions-monzo,blog,False,https://monzo.com/gb-sitemap.xml,2026-08-16T18:47:09.246728+00:00
https://monzo.com/blog/2018/04/03/switch-to-monzo-current-account-switch-service,monzo.com,/blog/2018/04/03/switch-to-monzo-current-account-switch-service,blog,False,https://monzo.com/gb-sitemap.xml,2026-08-16T18:47:09.246728+00:00
https://monzo.com/blog/2018/04/05/april-update,monzo.com,/blog/2018/04/05/april-update,blog,False,https://monzo.com/gb-sitemap.xml,2026-08-16T18:47:09.246728+00:00
https://monzo.com/blog/2018/04/05/how-monzo-to-monzo-payments-work,monzo.com,/blog/2018/04/05/how-monzo-to-monzo-payments-work,blog,False,https://monzo.com/gb-sitemap.xml,2026-08-16T18:47:09.246728+00:00
https://monzo.com/blog/2018/04/12/transaction-tags,monzo.com,/blog/2018/04/12/transaction-tags,blog,False,https://monzo.com/gb-sitemap.xml,2026-08-16T18:47:09.246728+00:00
https://monzo.com/blog/2018/04/18/payment-reactions,monzo.com,/blog/2018/04/18/payment-reactions,blog,False,https://monzo.com/gb-sitemap.xml,2026-08-16T18:47:09.246728+00:00
https://monzo.com/blog/2018/04/25/switch-to-monzo,monzo.com,/blog/2018/04/25/switch-to-monzo,blog,False,https://monzo.com/gb-sitemap.xml,2026-08-16T18:47:09.246728+00:00
https://monzo.com/blog/2018/04/27/backend-engineer-bonus,monzo.com,/blog/2018/04/27/backend-engineer-bonus,blog,False,https://monzo.com/gb-sitemap.xml,2026-08-16T18:47:09.246728+00:00
https://monzo.com/blog/2018/04/27/introducing-monzo-labs,monzo.com,/blog/2018/04/27/introducing-monzo-labs,blog,False,https://monzo.com/gb-sitemap.xml,2026-08-16T18:47:09.246728+00:00
https://monzo.com/blog/2018/04/30/switching-bank-accounts-overdraft,monzo.com,/blog/2018/04/30/switching-bank-accounts-overdraft,blog,False,https://monzo.com/gb-sitemap.xml,2026-08-16T18:47:09.246728+00:00
https://monzo.com/blog/2018/05/04/may-update,monzo.com,/blog/2018/05/04/may-update,blog,False,https://monzo.com/gb-sitemap.xml,2026-08-16T18:47:09.246728+00:00
https://monzo.com/blog/2018/05/09/new-categories,monzo.com,/blog/2018/05/09/new-categories,blog,False,https://monzo.com/gb-sitemap.xml,2026-08-16T18:47:09.246728+00:00
https://monzo.com/blog/2018/05/09/sneak-peeks,monzo.com,/blog/2018/05/09/sneak-peeks,blog,False,https://monzo.com/gb-sitemap.xml,2026-08-16T18:47:09.246728+00:00
https://monzo.com/blog/2018/05/11/coin-jar-update,monzo.com,/blog/2018/05/11/coin-jar-update,blog,False,https://monzo.com/gb-sitemap.xml,2026-08-16T18:47:09.246728+00:00
https://monzo.com/blog/2018/05/15/meet-vulnerable-customers-team,monzo.com,/blog/2018/05/15/meet-vulnerable-customers-team,blog,False,https://monzo.com/gb-sitemap.xml,2026-08-16T18:47:09.246728+00:00
https://monzo.com/blog/2018/05/16/gambling-self-exclusion,monzo.com,/blog/2018/05/16/gambling-self-exclusion,blog,False,https://monzo.com/gb-sitemap.xml,2026-08-16T18:47:09.246728+00:00
https://monzo.com/blog/2018/05/18/mindfulness-and-wellbeing,monzo.com,/blog/2018/05/18/mindfulness-and-wellbeing,blog,False,https://monzo.com/gb-sitemap.xml,2026-08-16T18:47:09.246728+00:00
https://monzo.com/blog/2018/05/18/voluntary-disclosure,monzo.com,/blog/2018/05/18/voluntary-disclosure,blog,False,https://monzo.com/gb-sitemap.xml,2026-08-16T18:47:09.246728+00:00
https://monzo.com/blog/2018/05/21/monzo-2-launch,monzo.com,/blog/2018/05/21/monzo-2-launch,blog,False,https://monzo.com/gb-sitemap.xml,2026-08-16T18:47:09.246728+00:00
https://monzo.com/blog/2018/05/22/big-news-about-small-print,monzo.com,/blog/2018/05/22/big-news-about-small-print,blog,False,https://monzo.com/gb-sitemap.xml,2026-08-16T18:47:09.246728+00:00
https://monzo.com/blog/2018/05/24/no-more-monzo-waiting-list,monzo.com,/blog/2018/05/24/no-more-monzo-waiting-list,blog,False,https://monzo.com/gb-sitemap.xml,2026-08-16T18:47:09.246728+00:00
https://monzo.com/blog/2018/05/25/improving-merchant-acceptance,monzo.com,/blog/2018/05/25/improving-merchant-acceptance,blog,False,https://monzo.com/gb-sitemap.xml,2026-08-16T18:47:09.246728+00:00
https://monzo.com/blog/2018/05/25/just-landed,monzo.com,/blog/2018/05/25/just-landed,blog,False,https://monzo.com/gb-sitemap.xml,2026-08-16T18:47:09.246728+00:00
https://monzo.com/blog/2018/05/25/monzo-2-events-roundup,monzo.com,/blog/2018/05/25/monzo-2-events-roundup,blog,False,https://monzo.com/gb-sitemap.xml,2026-08-16T18:47:09.246728+00:00
https://monzo.com/blog/2018/05/29/financial-inclusion,monzo.com,/blog/2018/05/29/financial-inclusion,blog,False,https://monzo.com/gb-sitemap.xml,2026-08-16T18:47:09.246728+00:00
https://monzo.com/blog/2018/05/29/getting-bank-account-immigrant,monzo.com,/blog/2018/05/29/getting-bank-account-immigrant,blog,False,https://monzo.com/gb-sitemap.xml,2026-08-16T18:47:09.246728+00:00
https://monzo.com/blog/2018/05/30/getting-bank-account-refugee,monzo.com,/blog/2018/05/30/getting-bank-account-refugee,blog,False,https://monzo.com/gb-sitemap.xml,2026-08-16T18:47:09.246728+00:00
https://monzo.com/blog/2018/06/04/june-update,monzo.com,/blog/2018/06/04/june-update,blog,False,https://monzo.com/gb-sitemap.xml,2026-08-16T18:47:09.246728+00:00
https://monzo.com/blog/2018/06/05/monzo-exchange-rate,monzo.com,/blog/2018/06/05/monzo-exchange-rate,blog,False,https://monzo.com/gb-sitemap.xml,2026-08-16T18:47:09.246728+00:00
https://monzo.com/blog/2018/06/07/is-monzo-a-bank,monzo.com,/blog/2018/06/07/is-monzo-a-bank,blog,False,https://monzo.com/gb-sitemap.xml,2026-08-16T18:47:09.246728+00:00
https://monzo.com/blog/2018/06/08/adding-money-to-monzo,monzo.com,/blog/2018/06/08/adding-money-to-monzo,blog,False,https://monzo.com/gb-sitemap.xml,2026-08-16T18:47:09.246728+00:00
https://monzo.com/blog/2018/06/11/lost-or-stolen-card,monzo.com,/blog/2018/06/11/lost-or-stolen-card,blog,False,https://monzo.com/gb-sitemap.xml,2026-08-16T18:47:09.246728+00:00
https://monzo.com/blog/2018/06/13/how-card-payments-work,monzo.com,/blog/2018/06/13/how-card-payments-work,blog,False,https://monzo.com/gb-sitemap.xml,2026-08-16T18:47:09.246728+00:00
https://monzo.com/blog/2018/06/13/how-to-get-online-in-an-emergency,monzo.com,/blog/2018/06/13/how-to-get-online-in-an-emergency,blog,False,https://monzo.com/gb-sitemap.xml,2026-08-16T18:47:09.246728+00:00
https://monzo.com/blog/2018/06/14/bill-tracker,monzo.com,/blog/2018/06/14/bill-tracker,blog,False,https://monzo.com/gb-sitemap.xml,2026-08-16T18:47:09.246728+00:00
https://monzo.com/blog/2018/06/14/what-is-open-banking,monzo.com,/blog/2018/06/14/what-is-open-banking,blog,False,https://monzo.com/gb-sitemap.xml,2026-08-16T18:47:09.246728+00:00
https://monzo.com/blog/2018/06/19/gambling-block-self-exclusion,monzo.com,/blog/2018/06/19/gambling-block-self-exclusion,blog,False,https://monzo.com/gb-sitemap.xml,2026-08-16T18:47:09.246728+00:00
https://monzo.com/blog/2018/06/22/why-doesnt-monzo-have-branches,monzo.com,/blog/2018/06/22/why-doesnt-monzo-have-branches,blog,False,https://monzo.com/gb-sitemap.xml,2026-08-16T18:47:09.246728+00:00
https://monzo.com/blog/2018/06/25/monzos-transparent-engineering-progression-framework,monzo.com,/blog/2018/06/25/monzos-transparent-engineering-progression-framework,blog,False,https://monzo.com/gb-sitemap.xml,2026-08-16T18:47:09.246728+00:00
https://monzo.com/blog/2018/06/26/monzo-time,monzo.com,/blog/2018/06/26/monzo-time,blog,False,https://monzo.com/gb-sitemap.xml,2026-08-16T18:47:09.246728+00:00
https://monzo.com/blog/2018/06/27/engineering-management-at-monzo,monzo.com,/blog/2018/06/27/engineering-management-at-monzo,blog,False,https://monzo.com/gb-sitemap.xml,2026-08-16T18:47:09.246728+00:00
https://monzo.com/blog/2018/06/28/joining-monzo-engineer-onboarding,monzo.com,/blog/2018/06/28/joining-monzo-engineer-onboarding,blog,False,https://monzo.com/gb-sitemap.xml,2026-08-16T18:47:09.246728+00:00
https://monzo.com/blog/2018/06/28/ticketmaster-breach,monzo.com,/blog/2018/06/28/ticketmaster-breach,blog,False,https://monzo.com/gb-sitemap.xml,2026-08-16T18:47:09.246728+00:00
https://monzo.com/blog/2018/06/29/engineering-principles,monzo.com,/blog/2018/06/29/engineering-principles,blog,False,https://monzo.com/gb-sitemap.xml,2026-08-16T18:47:09.246728+00:00
https://monzo.com/blog/2018/06/29/typeform-breach,monzo.com,/blog/2018/06/29/typeform-breach,blog,False,https://monzo.com/gb-sitemap.xml,2026-08-16T18:47:09.246728+00:00
https://monzo.com/blog/2018/07/02/publishing-our-2018-annual-report,monzo.com,/blog/2018/07/02/publishing-our-2018-annual-report,blog,False,https://monzo.com/gb-sitemap.xml,2026-08-16T18:47:09.246728+00:00
https://monzo.com/blog/2018/07/02/the-monzo-mission,monzo.com,/blog/2018/07/02/the-monzo-mission,blog,False,https://monzo.com/gb-sitemap.xml,2026-08-16T18:47:09.246728+00:00
https://monzo.com/blog/2018/07/03/custom-app-icons,monzo.com,/blog/2018/07/03/custom-app-icons,blog,False,https://monzo.com/gb-sitemap.xml,2026-08-16T18:47:09.246728+00:00
https://monzo.com/blog/2018/07/03/the-big-list-update,monzo.com,/blog/2018/07/03/the-big-list-update,blog,False,https://monzo.com/gb-sitemap.xml,2026-08-16T18:47:09.246728+00:00
https://monzo.com/blog/2018/07/05/fingerprint-pay-android,monzo.com,/blog/2018/07/05/fingerprint-pay-android,blog,False,https://monzo.com/gb-sitemap.xml,2026-08-16T18:47:09.246728+00:00
https://monzo.com/blog/2018/07/05/july-update,monzo.com,/blog/2018/07/05/july-update,blog,False,https://monzo.com/gb-sitemap.xml,2026-08-16T18:47:09.246728+00:00
https://monzo.com/blog/2018/07/06/celebrating-pride,monzo.com,/blog/2018/07/06/celebrating-pride,blog,False,https://monzo.com/gb-sitemap.xml,2026-08-16T18:47:09.246728+00:00
https://monzo.com/blog/2018/07/10/making-quarterly-goals-public,monzo.com,/blog/2018/07/10/making-quarterly-goals-public,blog,False,https://monzo.com/gb-sitemap.xml,2026-08-16T18:47:09.246728+00:00
https://monzo.com/blog/2018/07/11/working-towards-company-goals,monzo.com,/blog/2018/07/11/working-towards-company-goals,blog,False,https://monzo.com/gb-sitemap.xml,2026-08-16T18:47:09.246728+00:00
https://monzo.com/blog/2018/07/13/joints-accounts-in-labs,monzo.com,/blog/2018/07/13/joints-accounts-in-labs,blog,False,https://monzo.com/gb-sitemap.xml,2026-08-16T18:47:09.246728+00:00
https://monzo.com/blog/2018/07/16/schedule-payments-into-pots,monzo.com,/blog/2018/07/16/schedule-payments-into-pots,blog,False,https://monzo.com/gb-sitemap.xml,2026-08-16T18:47:09.246728+00:00
https://monzo.com/blog/2018/07/18/our-company-finances,monzo.com,/blog/2018/07/18/our-company-finances,blog,False,https://monzo.com/gb-sitemap.xml,2026-08-16T18:47:09.246728+00:00
https://monzo.com/blog/2018/07/18/round-up-monzo-purchases-automatically,monzo.com,/blog/2018/07/18/round-up-monzo-purchases-automatically,blog,False,https://monzo.com/gb-sitemap.xml,2026-08-16T18:47:09.246728+00:00
https://monzo.com/blog/2018/07/19/set-savings-goals,monzo.com,/blog/2018/07/19/set-savings-goals,blog,False,https://monzo.com/gb-sitemap.xml,2026-08-16T18:47:09.246728+00:00
https://monzo.com/blog/2018/07/24/what-is-sepa,monzo.com,/blog/2018/07/24/what-is-sepa,blog,False,https://monzo.com/gb-sitemap.xml,2026-08-16T18:47:09.246728+00:00
https://monzo.com/blog/2018/07/25/monzo-reliability-report,monzo.com,/blog/2018/07/25/monzo-reliability-report,blog,False,https://monzo.com/gb-sitemap.xml,2026-08-16T18:47:09.246728+00:00
https://monzo.com/blog/2018/07/27/how-we-monitor-monzo,monzo.com,/blog/2018/07/27/how-we-monitor-monzo,blog,False,https://monzo.com/gb-sitemap.xml,2026-08-16T18:47:09.246728+00:00
https://monzo.com/blog/2018/07/30/scaling-our-customer-support,monzo.com,/blog/2018/07/30/scaling-our-customer-support,blog,False,https://monzo.com/gb-sitemap.xml,2026-08-16T18:47:09.246728+00:00
https://monzo.com/blog/2018/07/31/monzo-las-vegas,monzo.com,/blog/2018/07/31/monzo-las-vegas,blog,False,https://monzo.com/gb-sitemap.xml,2026-08-16T18:47:09.246728+00:00
https://monzo.com/blog/2018/08/01/data-help,monzo.com,/blog/2018/08/01/data-help,blog,False,https://monzo.com/gb-sitemap.xml,2026-08-16T18:47:09.246728+00:00
https://monzo.com/blog/2018/08/02/pots-goals,monzo.com,/blog/2018/08/02/pots-goals,blog,False,https://monzo.com/gb-sitemap.xml,2026-08-16T18:47:09.246728+00:00
https://monzo.com/blog/2018/08/02/urgent-questions,monzo.com,/blog/2018/08/02/urgent-questions,blog,False,https://monzo.com/gb-sitemap.xml,2026-08-16T18:47:09.246728+00:00
https://monzo.com/blog/2018/08/03/august-update,monzo.com,/blog/2018/08/03/august-update,blog,False,https://monzo.com/gb-sitemap.xml,2026-08-16T18:47:09.246728+00:00
https://monzo.com/blog/2018/08/03/measuring-customer-happiness,monzo.com,/blog/2018/08/03/measuring-customer-happiness,blog,False,https://monzo.com/gb-sitemap.xml,2026-08-16T18:47:09.246728+00:00
https://monzo.com/blog/2018/08/03/our-internal-product-vision,monzo.com,/blog/2018/08/03/our-internal-product-vision,blog,False,https://monzo.com/gb-sitemap.xml,2026-08-16T18:47:09.246728+00:00
https://monzo.com/blog/2018/08/06/monzo-for-16-18-year-olds,monzo.com,/blog/2018/08/06/monzo-for-16-18-year-olds,blog,False,https://monzo.com/gb-sitemap.xml,2026-08-16T18:47:09.246728+00:00
https://monzo.com/blog/2018/08/07/money-and-our-younger-selves,monzo.com,/blog/2018/08/07/money-and-our-younger-selves,blog,False,https://monzo.com/gb-sitemap.xml,2026-08-16T18:47:09.246728+00:00
https://monzo.com/blog/2018/08/07/understanding-how-young-people-manage-money,monzo.com,/blog/2018/08/07/understanding-how-young-people-manage-money,blog,False,https://monzo.com/gb-sitemap.xml,2026-08-16T18:47:09.246728+00:00
https://monzo.com/blog/2018/08/08/making-bills-easier-to-manage,monzo.com,/blog/2018/08/08/making-bills-easier-to-manage,blog,False,https://monzo.com/gb-sitemap.xml,2026-08-16T18:47:09.246728+00:00
https://monzo.com/blog/2018/08/08/p60-p45-p11d-paye-forms,monzo.com,/blog/2018/08/08/p60-p45-p11d-paye-forms,blog,False,https://monzo.com/gb-sitemap.xml,2026-08-16T18:47:09.246728+00:00
https://monzo.com/blog/2018/08/09/things-to-consider-before-you-borrow-money,monzo.com,/blog/2018/08/09/things-to-consider-before-you-borrow-money,blog,False,https://monzo.com/gb-sitemap.xml,2026-08-16T18:47:09.246728+00:00
https://monzo.com/blog/2018/08/09/what-is-a-credit-score,monzo.com,/blog/2018/08/09/what-is-a-credit-score,blog,False,https://monzo.com/gb-sitemap.xml,2026-08-16T18:47:09.246728+00:00
https://monzo.com/blog/2018/08/09/what-kind-of-credit-should-i-use,monzo.com,/blog/2018/08/09/what-kind-of-credit-should-i-use,blog,False,https://monzo.com/gb-sitemap.xml,2026-08-16T18:47:09.246728+00:00
https://monzo.com/blog/2018/08/10/earning-money-explained,monzo.com,/blog/2018/08/10/earning-money-explained,blog,False,https://monzo.com/gb-sitemap.xml,2026-08-16T18:47:09.246728+00:00
https://monzo.com/blog/2018/08/10/student-loans-explained,monzo.com,/blog/2018/08/10/student-loans-explained,blog,False,https://monzo.com/gb-sitemap.xml,2026-08-16T18:47:09.246728+00:00
https://monzo.com/blog/2018/08/13/test-3d-secure,monzo.com,/blog/2018/08/13/test-3d-secure,blog,False,https://monzo.com/gb-sitemap.xml,2026-08-16T18:47:09.246728+00:00
https://monzo.com/blog/2018/08/14/launching-joint-accounts,monzo.com,/blog/2018/08/14/launching-joint-accounts,blog,False,https://monzo.com/gb-sitemap.xml,2026-08-16T18:47:09.246728+00:00
https://monzo.com/blog/2018/08/14/sharing-finances,monzo.com,/blog/2018/08/14/sharing-finances,blog,False,https://monzo.com/gb-sitemap.xml,2026-08-16T18:47:09.246728+00:00
https://monzo.com/blog/2018/08/15/manage-your-bills-with-monzo,monzo.com,/blog/2018/08/15/manage-your-bills-with-monzo,blog,False,https://monzo.com/gb-sitemap.xml,2026-08-16T18:47:09.246728+00:00
https://monzo.com/blog/2018/08/15/split-the-bill,monzo.com,/blog/2018/08/15/split-the-bill,blog,False,https://monzo.com/gb-sitemap.xml,2026-08-16T18:47:09.246728+00:00
https://monzo.com/blog/2018/08/21/budget-with-monzo,monzo.com,/blog/2018/08/21/budget-with-monzo,blog,False,https://monzo.com/gb-sitemap.xml,2026-08-16T18:47:09.246728+00:00
https://monzo.com/blog/2018/08/21/savings-update,monzo.com,/blog/2018/08/21/savings-update,blog,False,https://monzo.com/gb-sitemap.xml,2026-08-16T18:47:09.246728+00:00
https://monzo.com/blog/2018/08/22/end-of-the-big-list,monzo.com,/blog/2018/08/22/end-of-the-big-list,blog,False,https://monzo.com/gb-sitemap.xml,2026-08-16T18:47:09.246728+00:00
https://monzo.com/blog/2018/08/22/launching-3d-secure,monzo.com,/blog/2018/08/22/launching-3d-secure,blog,False,https://monzo.com/gb-sitemap.xml,2026-08-16T18:47:09.246728+00:00
https://monzo.com/blog/2018/08/23/schedule-payments-out-of-pots,monzo.com,/blog/2018/08/23/schedule-payments-out-of-pots,blog,False,https://monzo.com/gb-sitemap.xml,2026-08-16T18:47:09.246728+00:00
https://monzo.com/blog/2018/08/23/seven-day-switch,monzo.com,/blog/2018/08/23/seven-day-switch,blog,False,https://monzo.com/gb-sitemap.xml,2026-08-16T18:47:09.246728+00:00
https://monzo.com/blog/2018/08/30/manage-your-bills,monzo.com,/blog/2018/08/30/manage-your-bills,blog,False,https://monzo.com/gb-sitemap.xml,2026-08-16T18:47:09.246728+00:00
https://monzo.com/blog/2018/09/03/is-monzo-free,monzo.com,/blog/2018/09/03/is-monzo-free,blog,False,https://monzo.com/gb-sitemap.xml,2026-08-16T18:47:09.246728+00:00
https://monzo.com/blog/2018/09/04/move-your-salary-to-monzo,monzo.com,/blog/2018/09/04/move-your-salary-to-monzo,blog,False,https://monzo.com/gb-sitemap.xml,2026-08-16T18:47:09.246728+00:00
https://monzo.com/blog/2018/09/04/september-update,monzo.com,/blog/2018/09/04/september-update,blog,False,https://monzo.com/gb-sitemap.xml,2026-08-16T18:47:09.246728+00:00
https://monzo.com/blog/2018/09/06/moving-monzo,monzo.com,/blog/2018/09/06/moving-monzo,blog,False,https://monzo.com/gb-sitemap.xml,2026-08-16T18:47:09.246728+00:00
https://monzo.com/blog/2018/09/07/ba-data-breach,monzo.com,/blog/2018/09/07/ba-data-breach,blog,False,https://monzo.com/gb-sitemap.xml,2026-08-16T18:47:09.246728+00:00
https://monzo.com/blog/2018/09/07/open-a-uk-bank-account,monzo.com,/blog/2018/09/07/open-a-uk-bank-account,blog,False,https://monzo.com/gb-sitemap.xml,2026-08-16T18:47:09.246728+00:00
https://monzo.com/blog/2018/09/10/renting-student-accommodation,monzo.com,/blog/2018/09/10/renting-student-accommodation,blog,False,https://monzo.com/gb-sitemap.xml,2026-08-16T18:47:09.246728+00:00
https://monzo.com/blog/2018/09/11/student-budgeting-tips,monzo.com,/blog/2018/09/11/student-budgeting-tips,blog,False,https://monzo.com/gb-sitemap.xml,2026-08-16T18:47:09.246728+00:00
https://monzo.com/blog/2018/09/13/student-loans-northern-ireland,monzo.com,/blog/2018/09/13/student-loans-northern-ireland,blog,False,https://monzo.com/gb-sitemap.xml,2026-08-16T18:47:09.246728+00:00
https://monzo.com/blog/2018/09/18/ios-app-performance,monzo.com,/blog/2018/09/18/ios-app-performance,blog,False,https://monzo.com/gb-sitemap.xml,2026-08-16T18:47:09.246728+00:00
https://monzo.com/blog/2018/09/20/on-call,monzo.com,/blog/2018/09/20/on-call,blog,False,https://monzo.com/gb-sitemap.xml,2026-08-16T18:47:09.246728+00:00
https://monzo.com/blog/2018/09/21/protect-yourself-against-fraud-identity-theft,monzo.com,/blog/2018/09/21/protect-yourself-against-fraud-identity-theft,blog,False,https://monzo.com/gb-sitemap.xml,2026-08-16T18:47:09.246728+00:00
https://monzo.com/blog/2018/09/24/one-million-monzo-customers,monzo.com,/blog/2018/09/24/one-million-monzo-customers,blog,False,https://monzo.com/gb-sitemap.xml,2026-08-16T18:47:09.246728+00:00
https://monzo.com/blog/2018/09/25/share-with-us,monzo.com,/blog/2018/09/25/share-with-us,blog,False,https://monzo.com/gb-sitemap.xml,2026-08-16T18:47:09.246728+00:00
https://monzo.com/blog/2018/09/26/how-to-read-your-payslip,monzo.com,/blog/2018/09/26/how-to-read-your-payslip,blog,False,https://monzo.com/gb-sitemap.xml,2026-08-16T18:47:09.246728+00:00
https://monzo.com/blog/2018/10/01/october-update,monzo.com,/blog/2018/10/01/october-update,blog,False,https://monzo.com/gb-sitemap.xml,2026-08-16T18:47:09.246728+00:00
https://monzo.com/blog/2018/10/03/q4-goals-public,monzo.com,/blog/2018/10/03/q4-goals-public,blog,False,https://monzo.com/gb-sitemap.xml,2026-08-16T18:47:09.246728+00:00
https://monzo.com/blog/2018/10/04/guarantors-how-and-why,monzo.com,/blog/2018/10/04/guarantors-how-and-why,blog,False,https://monzo.com/gb-sitemap.xml,2026-08-16T18:47:09.246728+00:00
https://monzo.com/blog/2018/10/05/secured-unsecured-credit,monzo.com,/blog/2018/10/05/secured-unsecured-credit,blog,False,https://monzo.com/gb-sitemap.xml,2026-08-16T18:47:09.246728+00:00
https://monzo.com/blog/2018/10/12/what-is-a-good-credit-score,monzo.com,/blog/2018/10/12/what-is-a-good-credit-score,blog,False,https://monzo.com/gb-sitemap.xml,2026-08-16T18:47:09.246728+00:00
https://monzo.com/blog/2018/10/16/making-monzo-better,monzo.com,/blog/2018/10/16/making-monzo-better,blog,False,https://monzo.com/gb-sitemap.xml,2026-08-16T18:47:09.246728+00:00
https://monzo.com/blog/2018/10/18/work-at-monzo,monzo.com,/blog/2018/10/18/work-at-monzo,blog,False,https://monzo.com/gb-sitemap.xml,2026-08-16T18:47:09.246728+00:00
https://monzo.com/blog/2018/10/24/types-of-savings-account,monzo.com,/blog/2018/10/24/types-of-savings-account,blog,False,https://monzo.com/gb-sitemap.xml,2026-08-16T18:47:09.246728+00:00
https://monzo.com/blog/2018/10/25/interest-explained,monzo.com,/blog/2018/10/25/interest-explained,blog,False,https://monzo.com/gb-sitemap.xml,2026-08-16T18:47:09.246728+00:00
https://monzo.com/blog/2018/10/30/what-is-inflation,monzo.com,/blog/2018/10/30/what-is-inflation,blog,False,https://monzo.com/gb-sitemap.xml,2026-08-16T18:47:09.246728+00:00
https://monzo.com/blog/2018/10/31/big-news,monzo.com,/blog/2018/10/31/big-news,blog,False,https://monzo.com/gb-sitemap.xml,2026-08-16T18:47:09.246728+00:00
https://monzo.com/blog/2018/11/01/savings-pots,monzo.com,/blog/2018/11/01/savings-pots,blog,False,https://monzo.com/gb-sitemap.xml,2026-08-16T18:47:09.246728+00:00
https://monzo.com/blog/2018/11/02/monzo-chat,monzo.com,/blog/2018/11/02/monzo-chat,blog,False,https://monzo.com/gb-sitemap.xml,2026-08-16T18:47:09.246728+00:00
https://monzo.com/blog/2018/11/05/monzo-community,monzo.com,/blog/2018/11/05/monzo-community,blog,False,https://monzo.com/gb-sitemap.xml,2026-08-16T18:47:09.246728+00:00
https://monzo.com/blog/2018/11/06/how-to-name-something,monzo.com,/blog/2018/11/06/how-to-name-something,blog,False,https://monzo.com/gb-sitemap.xml,2026-08-16T18:47:09.246728+00:00
https://monzo.com/blog/2018/11/07/making-monzo-roadmap,monzo.com,/blog/2018/11/07/making-monzo-roadmap,blog,False,https://monzo.com/gb-sitemap.xml,2026-08-16T18:47:09.246728+00:00
https://monzo.com/blog/2018/11/08/monzo-transparency,monzo.com,/blog/2018/11/08/monzo-transparency,blog,False,https://monzo.com/gb-sitemap.xml,2026-08-16T18:47:09.246728+00:00
https://monzo.com/blog/2018/11/09/employee-social-media-guidelines,monzo.com,/blog/2018/11/09/employee-social-media-guidelines,blog,False,https://monzo.com/gb-sitemap.xml,2026-08-16T18:47:09.246728+00:00
https://monzo.com/blog/2018/11/09/national-living-minimum-wage,monzo.com,/blog/2018/11/09/national-living-minimum-wage,blog,False,https://monzo.com/gb-sitemap.xml,2026-08-16T18:47:09.246728+00:00
https://monzo.com/blog/2018/11/12/november-update,monzo.com,/blog/2018/11/12/november-update,blog,False,https://monzo.com/gb-sitemap.xml,2026-08-16T18:47:09.246728+00:00
https://monzo.com/blog/2018/11/14/isas-explained,monzo.com,/blog/2018/11/14/isas-explained,blog,False,https://monzo.com/gb-sitemap.xml,2026-08-16T18:47:09.246728+00:00
https://monzo.com/blog/2018/11/15/card-controls,monzo.com,/blog/2018/11/15/card-controls,blog,False,https://monzo.com/gb-sitemap.xml,2026-08-16T18:47:09.246728+00:00
https://monzo.com/blog/2018/11/20/why-we-are-lending,monzo.com,/blog/2018/11/20/why-we-are-lending,blog,False,https://monzo.com/gb-sitemap.xml,2026-08-16T18:47:09.246728+00:00
https://monzo.com/blog/2018/11/20/women-in-finance-update,monzo.com,/blog/2018/11/20/women-in-finance-update,blog,False,https://monzo.com/gb-sitemap.xml,2026-08-16T18:47:09.246728+00:00
https://monzo.com/blog/2018/11/21/deposit-cash,monzo.com,/blog/2018/11/21/deposit-cash,blog,False,https://monzo.com/gb-sitemap.xml,2026-08-16T18:47:09.246728+00:00
https://monzo.com/blog/2018/11/22/business-banking,monzo.com,/blog/2018/11/22/business-banking,blog,False,https://monzo.com/gb-sitemap.xml,2026-08-16T18:47:09.246728+00:00
https://monzo.com/blog/2018/11/23/what-is-crowdfunding,monzo.com,/blog/2018/11/23/what-is-crowdfunding,blog,False,https://monzo.com/gb-sitemap.xml,2026-08-16T18:47:09.246728+00:00
https://monzo.com/blog/2018/11/27/how-to-save-for-retirement,monzo.com,/blog/2018/11/27/how-to-save-for-retirement,blog,False,https://monzo.com/gb-sitemap.xml,2026-08-16T18:47:09.246728+00:00
https://monzo.com/blog/2018/11/28/how-to-save-for-a-wedding,monzo.com,/blog/2018/11/28/how-to-save-for-a-wedding,blog,False,https://monzo.com/gb-sitemap.xml,2026-08-16T18:47:09.246728+00:00
https://monzo.com/blog/2018/11/29/refactoring-old-code,monzo.com,/blog/2018/11/29/refactoring-old-code,blog,False,https://monzo.com/gb-sitemap.xml,2026-08-16T18:47:09.246728+00:00
https://monzo.com/blog/2018/11/30/marriott-data-breach,monzo.com,/blog/2018/11/30/marriott-data-breach,blog,False,https://monzo.com/gb-sitemap.xml,2026-08-16T18:47:09.246728+00:00
https://monzo.com/blog/2018/11/30/setting-record-straight,monzo.com,/blog/2018/11/30/setting-record-straight,blog,False,https://monzo.com/gb-sitemap.xml,2026-08-16T18:47:09.246728+00:00
https://monzo.com/blog/2018/12/05/crowdfunding-closes,monzo.com,/blog/2018/12/05/crowdfunding-closes,blog,False,https://monzo.com/gb-sitemap.xml,2026-08-16T18:47:09.246728+00:00
https://monzo.com/blog/2018/12/05/crowdfunding-starts,monzo.com,/blog/2018/12/05/crowdfunding-starts,blog,False,https://monzo.com/gb-sitemap.xml,2026-08-16T18:47:09.246728+00:00
https://monzo.com/blog/2018/12/06/crowdfunding-in-numbers,monzo.com,/blog/2018/12/06/crowdfunding-in-numbers,blog,False,https://monzo.com/gb-sitemap.xml,2026-08-16T18:47:09.246728+00:00
https://monzo.com/blog/2018/12/06/find-your-saving-style,monzo.com,/blog/2018/12/06/find-your-saving-style,blog,False,https://monzo.com/gb-sitemap.xml,2026-08-16T18:47:09.246728+00:00
https://monzo.com/blog/2018/12/10/joint-pots,monzo.com,/blog/2018/12/10/joint-pots,blog,False,https://monzo.com/gb-sitemap.xml,2026-08-16T18:47:09.246728+00:00
https://monzo.com/blog/2018/12/11/christmas-gift,monzo.com,/blog/2018/12/11/christmas-gift,blog,False,https://monzo.com/gb-sitemap.xml,2026-08-16T18:47:09.246728+00:00
https://monzo.com/blog/2018/12/11/december-update,monzo.com,/blog/2018/12/11/december-update,blog,False,https://monzo.com/gb-sitemap.xml,2026-08-16T18:47:09.246728+00:00
https://monzo.com/blog/2018/12/11/design-files-system,monzo.com,/blog/2018/12/11/design-files-system,blog,False,https://monzo.com/gb-sitemap.xml,2026-08-16T18:47:09.246728+00:00
https://monzo.com/blog/2018/12/11/las-vegas-office,monzo.com,/blog/2018/12/11/las-vegas-office,blog,False,https://monzo.com/gb-sitemap.xml,2026-08-16T18:47:09.246728+00:00
https://monzo.com/blog/2018/12/12/christmas-shopping-sales,monzo.com,/blog/2018/12/12/christmas-shopping-sales,blog,False,https://monzo.com/gb-sitemap.xml,2026-08-16T18:47:09.246728+00:00
https://monzo.com/blog/2018/12/13/locked-pots,monzo.com,/blog/2018/12/13/locked-pots,blog,False,https://monzo.com/gb-sitemap.xml,2026-08-16T18:47:09.246728+00:00
https://monzo.com/blog/2018/12/13/shared-tabs,monzo.com,/blog/2018/12/13/shared-tabs,blog,False,https://monzo.com/gb-sitemap.xml,2026-08-16T18:47:09.246728+00:00
https://monzo.com/blog/2018/12/13/throw-achristmas-party-on-a-budget,monzo.com,/blog/2018/12/13/throw-achristmas-party-on-a-budget,blog,False,https://monzo.com/gb-sitemap.xml,2026-08-16T18:47:09.246728+00:00
https://monzo.com/blog/2018/12/14/your-rights-returning-goods,monzo.com,/blog/2018/12/14/your-rights-returning-goods,blog,False,https://monzo.com/gb-sitemap.xml,2026-08-16T18:47:09.246728+00:00
https://monzo.com/blog/2018/12/17/customer-support,monzo.com,/blog/2018/12/17/customer-support,blog,False,https://monzo.com/gb-sitemap.xml,2026-08-16T18:47:09.246728+00:00
https://monzo.com/blog/2018/12/18/your-rights-flight-delays-cancellations,monzo.com,/blog/2018/12/18/your-rights-flight-delays-cancellations,blog,False,https://monzo.com/gb-sitemap.xml,2026-08-16T18:47:09.246728+00:00
https://monzo.com/blog/2018/12/20/how-to-get-therapy,monzo.com,/blog/2018/12/20/how-to-get-therapy,blog,False,https://monzo.com/gb-sitemap.xml,2026-08-16T18:47:09.246728+00:00
https://monzo.com/blog/2018/12/20/self-care-mental-health,monzo.com,/blog/2018/12/20/self-care-mental-health,blog,False,https://monzo.com/gb-sitemap.xml,2026-08-16T18:47:09.246728+00:00
https://monzo.com/blog/2018/12/21/android-app-icons,monzo.com,/blog/2018/12/21/android-app-icons,blog,False,https://monzo.com/gb-sitemap.xml,2026-08-16T18:47:09.246728+00:00
https://monzo.com/blog/2019/01/04/monzo-in-2019,monzo.com,/blog/2019/01/04/monzo-in-2019,blog,False,https://monzo.com/gb-sitemap.xml,2026-08-16T18:47:09.246728+00:00
https://monzo.com/blog/2019/01/07/progression,monzo.com,/blog/2019/01/07/progression,blog,False,https://monzo.com/gb-sitemap.xml,2026-08-16T18:47:09.246728+00:00
https://monzo.com/blog/2019/01/08/your-year-in-monzo,monzo.com,/blog/2019/01/08/your-year-in-monzo,blog,False,https://monzo.com/gb-sitemap.xml,2026-08-16T18:47:09.246728+00:00
https://monzo.com/blog/2019/01/09/january-monthly-update,monzo.com,/blog/2019/01/09/january-monthly-update,blog,False,https://monzo.com/gb-sitemap.xml,2026-08-16T18:47:09.246728+00:00
https://monzo.com/blog/2019/01/14/crowdfunding-technology-backend-architecture,monzo.com,/blog/2019/01/14/crowdfunding-technology-backend-architecture,blog,False,https://monzo.com/gb-sitemap.xml,2026-08-16T18:47:09.246728+00:00
https://monzo.com/blog/2019/01/15/crowdfunding-technology-testing,monzo.com,/blog/2019/01/15/crowdfunding-technology-testing,blog,False,https://monzo.com/gb-sitemap.xml,2026-08-16T18:47:09.246728+00:00
https://monzo.com/blog/2019/01/16/crowdfunding-technology-systems,monzo.com,/blog/2019/01/16/crowdfunding-technology-systems,blog,False,https://monzo.com/gb-sitemap.xml,2026-08-16T18:47:09.246728+00:00
https://monzo.com/blog/2019/01/17/2018-year-in-monzo,monzo.com,/blog/2019/01/17/2018-year-in-monzo,blog,False,https://monzo.com/gb-sitemap.xml,2026-08-16T18:47:09.246728+00:00
https://monzo.com/blog/2019/01/17/monzo-product-designer-jobs,monzo.com,/blog/2019/01/17/monzo-product-designer-jobs,blog,False,https://monzo.com/gb-sitemap.xml,2026-08-16T18:47:09.246728+00:00
https://monzo.com/blog/2019/01/21/get-fit-on-a-budget,monzo.com,/blog/2019/01/21/get-fit-on-a-budget,blog,False,https://monzo.com/gb-sitemap.xml,2026-08-16T18:47:09.246728+00:00
https://monzo.com/blog/2019/01/22/how-to-manage-money-with-children,monzo.com,/blog/2019/01/22/how-to-manage-money-with-children,blog,False,https://monzo.com/gb-sitemap.xml,2026-08-16T18:47:09.246728+00:00
https://monzo.com/blog/2019/01/22/how-to-save-money-on-train-travel,monzo.com,/blog/2019/01/22/how-to-save-money-on-train-travel,blog,False,https://monzo.com/gb-sitemap.xml,2026-08-16T18:47:09.246728+00:00
https://monzo.com/blog/2019/01/28/cashback,monzo.com,/blog/2019/01/28/cashback,blog,False,https://monzo.com/gb-sitemap.xml,2026-08-16T18:47:09.246728+00:00
https://monzo.com/blog/2019/01/29/2019-features,monzo.com,/blog/2019/01/29/2019-features,blog,False,https://monzo.com/gb-sitemap.xml,2026-08-16T18:47:09.246728+00:00
https://monzo.com/blog/2019/01/30/cost-of-a-dog,monzo.com,/blog/2019/01/30/cost-of-a-dog,blog,False,https://monzo.com/gb-sitemap.xml,2026-08-16T18:47:09.246728+00:00
https://monzo.com/blog/2019/01/30/mental-health,monzo.com,/blog/2019/01/30/mental-health,blog,False,https://monzo.com/gb-sitemap.xml,2026-08-16T18:47:09.246728+00:00
https://monzo.com/blog/2019/01/30/save-money-and-the-planet,monzo.com,/blog/2019/01/30/save-money-and-the-planet,blog,False,https://monzo.com/gb-sitemap.xml,2026-08-16T18:47:09.246728+00:00
https://monzo.com/blog/2019/01/31/flux-monzo-launch,monzo.com,/blog/2019/01/31/flux-monzo-launch,blog,False,https://monzo.com/gb-sitemap.xml,2026-08-16T18:47:09.246728+00:00
https://monzo.com/blog/2019/02/01/bill-splitting,monzo.com,/blog/2019/02/01/bill-splitting,blog,False,https://monzo.com/gb-sitemap.xml,2026-08-16T18:47:09.246728+00:00
https://monzo.com/blog/2019/02/04/giving-to-charity-when-youre-broke,monzo.com,/blog/2019/02/04/giving-to-charity-when-youre-broke,blog,False,https://monzo.com/gb-sitemap.xml,2026-08-16T18:47:09.246728+00:00
https://monzo.com/blog/2019/02/04/pay-anyone-link,monzo.com,/blog/2019/02/04/pay-anyone-link,blog,False,https://monzo.com/gb-sitemap.xml,2026-08-16T18:47:09.246728+00:00
https://monzo.com/blog/2019/02/05/savings-pots-paused,monzo.com,/blog/2019/02/05/savings-pots-paused,blog,False,https://monzo.com/gb-sitemap.xml,2026-08-16T18:47:09.246728+00:00
https://monzo.com/blog/2019/02/06/zero-sum-budgeting,monzo.com,/blog/2019/02/06/zero-sum-budgeting,blog,False,https://monzo.com/gb-sitemap.xml,2026-08-16T18:47:09.246728+00:00
https://monzo.com/blog/2019/02/07/authorised-push-payment-fraud,monzo.com,/blog/2019/02/07/authorised-push-payment-fraud,blog,False,https://monzo.com/gb-sitemap.xml,2026-08-16T18:47:09.246728+00:00
https://monzo.com/blog/2019/02/07/building-progression-frameworks,monzo.com,/blog/2019/02/07/building-progression-frameworks,blog,False,https://monzo.com/gb-sitemap.xml,2026-08-16T18:47:09.246728+00:00
https://monzo.com/blog/2019/02/07/joint-account-switching,monzo.com,/blog/2019/02/07/joint-account-switching,blog,False,https://monzo.com/gb-sitemap.xml,2026-08-16T18:47:09.246728+00:00
https://monzo.com/blog/2019/02/11/building-monzo-chat-on-android,monzo.com,/blog/2019/02/11/building-monzo-chat-on-android,blog,False,https://monzo.com/gb-sitemap.xml,2026-08-16T18:47:09.246728+00:00
https://monzo.com/blog/2019/02/11/business-banking-alpha,monzo.com,/blog/2019/02/11/business-banking-alpha,blog,False,https://monzo.com/gb-sitemap.xml,2026-08-16T18:47:09.246728+00:00
https://monzo.com/blog/2019/02/11/internal-product-design,monzo.com,/blog/2019/02/11/internal-product-design,blog,False,https://monzo.com/gb-sitemap.xml,2026-08-16T18:47:09.246728+00:00
https://monzo.com/blog/2019/02/11/user-research-analysis,monzo.com,/blog/2019/02/11/user-research-analysis,blog,False,https://monzo.com/gb-sitemap.xml,2026-08-16T18:47:09.246728+00:00
https://monzo.com/blog/2019/02/13/february-monthly-update,monzo.com,/blog/2019/02/13/february-monthly-update,blog,False,https://monzo.com/gb-sitemap.xml,2026-08-16T18:47:09.246728+00:00
https://monzo.com/blog/2019/02/14/money-in-love-frank-charlotte,monzo.com,/blog/2019/02/14/money-in-love-frank-charlotte,blog,False,https://monzo.com/gb-sitemap.xml,2026-08-16T18:47:09.246728+00:00
https://monzo.com/blog/2019/02/14/saving-money-when-youre-broke,monzo.com,/blog/2019/02/14/saving-money-when-youre-broke,blog,False,https://monzo.com/gb-sitemap.xml,2026-08-16T18:47:09.246728+00:00
https://monzo.com/blog/2019/02/19/do-you-need-insurance,monzo.com,/blog/2019/02/19/do-you-need-insurance,blog,False,https://monzo.com/gb-sitemap.xml,2026-08-16T18:47:09.246728+00:00
https://monzo.com/blog/2019/02/21/dear-monzo,monzo.com,/blog/2019/02/21/dear-monzo,blog,False,https://monzo.com/gb-sitemap.xml,2026-08-16T18:47:09.246728+00:00
https://monzo.com/blog/2019/02/21/money-in-love-jen-dave,monzo.com,/blog/2019/02/21/money-in-love-jen-dave,blog,False,https://monzo.com/gb-sitemap.xml,2026-08-16T18:47:09.246728+00:00
https://monzo.com/blog/2019/02/26/5-a-side-football,monzo.com,/blog/2019/02/26/5-a-side-football,blog,False,https://monzo.com/gb-sitemap.xml,2026-08-16T18:47:09.246728+00:00
https://monzo.com/blog/2019/02/28/money-in-nick-amy,monzo.com,/blog/2019/02/28/money-in-nick-amy,blog,False,https://monzo.com/gb-sitemap.xml,2026-08-16T18:47:09.246728+00:00
https://monzo.com/blog/2019/03/04/using-your-credit-card-on-holiday,monzo.com,/blog/2019/03/04/using-your-credit-card-on-holiday,blog,False,https://monzo.com/gb-sitemap.xml,2026-08-16T18:47:09.246728+00:00
https://monzo.com/blog/2019/03/05/flybe-collapse,monzo.com,/blog/2019/03/05/flybe-collapse,blog,False,https://monzo.com/gb-sitemap.xml,2026-08-16T18:47:09.246728+00:00
https://monzo.com/blog/2019/03/06/budget-irregular-income,monzo.com,/blog/2019/03/06/budget-irregular-income,blog,False,https://monzo.com/gb-sitemap.xml,2026-08-16T18:47:09.246728+00:00
https://monzo.com/blog/2019/03/06/engineering-with-no-degree,monzo.com,/blog/2019/03/06/engineering-with-no-degree,blog,False,https://monzo.com/gb-sitemap.xml,2026-08-16T18:47:09.246728+00:00
https://monzo.com/blog/2019/03/06/march-monthly-update,monzo.com,/blog/2019/03/06/march-monthly-update,blog,False,https://monzo.com/gb-sitemap.xml,2026-08-16T18:47:09.246728+00:00
https://monzo.com/blog/2019/03/08/getting-a-pay-rise,monzo.com,/blog/2019/03/08/getting-a-pay-rise,blog,False,https://monzo.com/gb-sitemap.xml,2026-08-16T18:47:09.246728+00:00
https://monzo.com/blog/2019/03/13/sell-stuff-online-with-monzo,monzo.com,/blog/2019/03/13/sell-stuff-online-with-monzo,blog,False,https://monzo.com/gb-sitemap.xml,2026-08-16T18:47:09.246728+00:00
https://monzo.com/blog/2019/03/14/money-in-love-lauren-dan,monzo.com,/blog/2019/03/14/money-in-love-lauren-dan,blog,False,https://monzo.com/gb-sitemap.xml,2026-08-16T18:47:09.246728+00:00
https://monzo.com/blog/2019/03/15/use-monzo-with-housemates,monzo.com,/blog/2019/03/15/use-monzo-with-housemates,blog,False,https://monzo.com/gb-sitemap.xml,2026-08-16T18:47:09.246728+00:00
https://monzo.com/blog/2019/03/18/a-trick-to-stop-you-spending-your-savings,monzo.com,/blog/2019/03/18/a-trick-to-stop-you-spending-your-savings,blog,False,https://monzo.com/gb-sitemap.xml,2026-08-16T18:47:09.246728+00:00
https://monzo.com/blog/2019/03/18/custom-pot-images,monzo.com,/blog/2019/03/18/custom-pot-images,blog,False,https://monzo.com/gb-sitemap.xml,2026-08-16T18:47:09.246728+00:00
https://monzo.com/blog/2019/03/19/improving-our-staff-VPN,monzo.com,/blog/2019/03/19/improving-our-staff-VPN,blog,False,https://monzo.com/gb-sitemap.xml,2026-08-16T18:47:09.246728+00:00
https://monzo.com/blog/2019/03/21/diversity-and-inclusion,monzo.com,/blog/2019/03/21/diversity-and-inclusion,blog,False,https://monzo.com/gb-sitemap.xml,2026-08-16T18:47:09.246728+00:00
https://monzo.com/blog/2019/03/22/money-in-love-katherine-christina,monzo.com,/blog/2019/03/22/money-in-love-katherine-christina,blog,False,https://monzo.com/gb-sitemap.xml,2026-08-16T18:47:09.246728+00:00
https://monzo.com/blog/2019/03/27/tone-of-voice-birthday,monzo.com,/blog/2019/03/27/tone-of-voice-birthday,blog,False,https://monzo.com/gb-sitemap.xml,2026-08-16T18:47:09.246728+00:00
https://monzo.com/blog/2019/03/28/wow-air-collapse,monzo.com,/blog/2019/03/28/wow-air-collapse,blog,False,https://monzo.com/gb-sitemap.xml,2026-08-16T18:47:09.246728+00:00
https://monzo.com/blog/2019/03/29/money-in-love-ash-bobby,monzo.com,/blog/2019/03/29/money-in-love-ash-bobby,blog,False,https://monzo.com/gb-sitemap.xml,2026-08-16T18:47:09.246728+00:00
https://monzo.com/blog/2019/04/01/big-issue-monzo-pay-it-forward,monzo.com,/blog/2019/04/01/big-issue-monzo-pay-it-forward,blog,False,https://monzo.com/gb-sitemap.xml,2026-08-16T18:47:09.246728+00:00
https://monzo.com/blog/2019/04/02/pyramid-schemes-fractal-mandala,monzo.com,/blog/2019/04/02/pyramid-schemes-fractal-mandala,blog,False,https://monzo.com/gb-sitemap.xml,2026-08-16T18:47:09.246728+00:00
https://monzo.com/blog/2019/04/03/deploying-envoy-proxy,monzo.com,/blog/2019/04/03/deploying-envoy-proxy,blog,False,https://monzo.com/gb-sitemap.xml,2026-08-16T18:47:09.246728+00:00
https://monzo.com/blog/2019/04/04/launching-isas,monzo.com,/blog/2019/04/04/launching-isas,blog,False,https://monzo.com/gb-sitemap.xml,2026-08-16T18:47:09.246728+00:00
https://monzo.com/blog/2019/04/04/money-in-love-nellie-nial,monzo.com,/blog/2019/04/04/money-in-love-nellie-nial,blog,False,https://monzo.com/gb-sitemap.xml,2026-08-16T18:47:09.246728+00:00
https://monzo.com/blog/2019/04/04/why-we-block-freeze-close-monzo-accounts,monzo.com,/blog/2019/04/04/why-we-block-freeze-close-monzo-accounts,blog,False,https://monzo.com/gb-sitemap.xml,2026-08-16T18:47:09.246728+00:00
https://monzo.com/blog/2019/04/05/april-monthly-update,monzo.com,/blog/2019/04/05/april-monthly-update,blog,False,https://monzo.com/gb-sitemap.xml,2026-08-16T18:47:09.246728+00:00
https://monzo.com/blog/2019/04/09/dear-monzo-frustrated-in-debt,monzo.com,/blog/2019/04/09/dear-monzo-frustrated-in-debt,blog,False,https://monzo.com/gb-sitemap.xml,2026-08-16T18:47:09.246728+00:00
https://monzo.com/blog/2019/04/09/how-can-i-start-saving,monzo.com,/blog/2019/04/09/how-can-i-start-saving,blog,False,https://monzo.com/gb-sitemap.xml,2026-08-16T18:47:09.246728+00:00
https://monzo.com/blog/2019/04/10/living-at-home,monzo.com,/blog/2019/04/10/living-at-home,blog,False,https://monzo.com/gb-sitemap.xml,2026-08-16T18:47:09.246728+00:00
https://monzo.com/blog/2019/04/11/custom-pot-images-android,monzo.com,/blog/2019/04/11/custom-pot-images-android,blog,False,https://monzo.com/gb-sitemap.xml,2026-08-16T18:47:09.246728+00:00
https://monzo.com/blog/2019/04/11/money-in-love-claire-mike,monzo.com,/blog/2019/04/11/money-in-love-claire-mike,blog,False,https://monzo.com/gb-sitemap.xml,2026-08-16T18:47:09.246728+00:00
https://monzo.com/blog/2019/04/11/monzo-features-you-need-to-know-about,monzo.com,/blog/2019/04/11/monzo-features-you-need-to-know-about,blog,False,https://monzo.com/gb-sitemap.xml,2026-08-16T18:47:09.246728+00:00
https://monzo.com/blog/2019/04/17/how-to-get-a-mortgage,monzo.com,/blog/2019/04/17/how-to-get-a-mortgage,blog,False,https://monzo.com/gb-sitemap.xml,2026-08-16T18:47:09.246728+00:00
https://monzo.com/blog/2019/04/17/shoud-i-get-a-credit-card,monzo.com,/blog/2019/04/17/shoud-i-get-a-credit-card,blog,False,https://monzo.com/gb-sitemap.xml,2026-08-16T18:47:09.246728+00:00
https://monzo.com/blog/2019/04/18/money-in-love-sian-matt,monzo.com,/blog/2019/04/18/money-in-love-sian-matt,blog,False,https://monzo.com/gb-sitemap.xml,2026-08-16T18:47:09.246728+00:00
https://monzo.com/blog/2019/04/24/common-money-mistakes,monzo.com,/blog/2019/04/24/common-money-mistakes,blog,False,https://monzo.com/gb-sitemap.xml,2026-08-16T18:47:09.246728+00:00
https://monzo.com/blog/2019/04/24/good-vs-bad-debt-should-i-borrow-money,monzo.com,/blog/2019/04/24/good-vs-bad-debt-should-i-borrow-money,blog,False,https://monzo.com/gb-sitemap.xml,2026-08-16T18:47:09.246728+00:00
https://monzo.com/blog/2019/04/25/money-in-love-rob-vic,monzo.com,/blog/2019/04/25/money-in-love-rob-vic,blog,False,https://monzo.com/gb-sitemap.xml,2026-08-16T18:47:09.246728+00:00
https://monzo.com/blog/2019/04/26/savings-marketplace,monzo.com,/blog/2019/04/26/savings-marketplace,blog,False,https://monzo.com/gb-sitemap.xml,2026-08-16T18:47:09.246728+00:00
https://monzo.com/blog/2019/05/01/save-little-and-often,monzo.com,/blog/2019/05/01/save-little-and-often,blog,False,https://monzo.com/gb-sitemap.xml,2026-08-16T18:47:09.246728+00:00
https://monzo.com/blog/2019/05/02/shawbrook-savings-pots,monzo.com,/blog/2019/05/02/shawbrook-savings-pots,blog,False,https://monzo.com/gb-sitemap.xml,2026-08-16T18:47:09.246728+00:00
https://monzo.com/blog/2019/05/03/writing-clear-terms-and-conditions,monzo.com,/blog/2019/05/03/writing-clear-terms-and-conditions,blog,False,https://monzo.com/gb-sitemap.xml,2026-08-16T18:47:09.246728+00:00
https://monzo.com/blog/2019/05/07/how-to-save-money-with-monzo,monzo.com,/blog/2019/05/07/how-to-save-money-with-monzo,blog,False,https://monzo.com/gb-sitemap.xml,2026-08-16T18:47:09.246728+00:00
https://monzo.com/blog/2019/05/08/money-in-love-rosie-alex,monzo.com,/blog/2019/05/08/money-in-love-rosie-alex,blog,False,https://monzo.com/gb-sitemap.xml,2026-08-16T18:47:09.246728+00:00
https://monzo.com/blog/2019/05/09/giving-to-charity,monzo.com,/blog/2019/05/09/giving-to-charity,blog,False,https://monzo.com/gb-sitemap.xml,2026-08-16T18:47:09.246728+00:00
https://monzo.com/blog/2019/05/10/should-i-get-monzo,monzo.com,/blog/2019/05/10/should-i-get-monzo,blog,False,https://monzo.com/gb-sitemap.xml,2026-08-16T18:47:09.246728+00:00
https://monzo.com/blog/2019/05/13/supporting-vulnerable-customers,monzo.com,/blog/2019/05/13/supporting-vulnerable-customers,blog,False,https://monzo.com/gb-sitemap.xml,2026-08-16T18:47:09.246728+00:00
https://monzo.com/blog/2019/05/15/gender-pay-gap,monzo.com,/blog/2019/05/15/gender-pay-gap,blog,False,https://monzo.com/gb-sitemap.xml,2026-08-16T18:47:09.246728+00:00
https://monzo.com/blog/2019/05/15/national-numeracy-challenge,monzo.com,/blog/2019/05/15/national-numeracy-challenge,blog,False,https://monzo.com/gb-sitemap.xml,2026-08-16T18:47:09.246728+00:00
https://monzo.com/blog/2019/05/15/supporting-mental-health,monzo.com,/blog/2019/05/15/supporting-mental-health,blog,False,https://monzo.com/gb-sitemap.xml,2026-08-16T18:47:09.246728+00:00
https://monzo.com/blog/2019/05/16/global-accessibility-awareness,monzo.com,/blog/2019/05/16/global-accessibility-awareness,blog,False,https://monzo.com/gb-sitemap.xml,2026-08-16T18:47:09.246728+00:00
https://monzo.com/blog/2019/05/16/saving-money-going-vegetarian,monzo.com,/blog/2019/05/16/saving-money-going-vegetarian,blog,False,https://monzo.com/gb-sitemap.xml,2026-08-16T18:47:09.246728+00:00
https://monzo.com/blog/2019/05/17/how-to-save-money,monzo.com,/blog/2019/05/17/how-to-save-money,blog,False,https://monzo.com/gb-sitemap.xml,2026-08-16T18:47:09.246728+00:00
https://monzo.com/blog/2019/05/20/two-million,monzo.com,/blog/2019/05/20/two-million,blog,False,https://monzo.com/gb-sitemap.xml,2026-08-16T18:47:09.246728+00:00
https://monzo.com/blog/2019/05/22/daily-saving-with-monzo,monzo.com,/blog/2019/05/22/daily-saving-with-monzo,blog,False,https://monzo.com/gb-sitemap.xml,2026-08-16T18:47:09.246728+00:00
https://monzo.com/blog/2019/05/22/dear-monzo-first-time-buyer,monzo.com,/blog/2019/05/22/dear-monzo-first-time-buyer,blog,False,https://monzo.com/gb-sitemap.xml,2026-08-16T18:47:09.246728+00:00
https://monzo.com/blog/2019/05/22/monzo-tv-ads,monzo.com,/blog/2019/05/22/monzo-tv-ads,blog,False,https://monzo.com/gb-sitemap.xml,2026-08-16T18:47:09.246728+00:00
https://monzo.com/blog/2019/05/23/nudge-theory-and-money,monzo.com,/blog/2019/05/23/nudge-theory-and-money,blog,False,https://monzo.com/gb-sitemap.xml,2026-08-16T18:47:09.246728+00:00
https://monzo.com/blog/2019/05/23/protect-yourself-agains-app-fraud,monzo.com,/blog/2019/05/23/protect-yourself-agains-app-fraud,blog,False,https://monzo.com/gb-sitemap.xml,2026-08-16T18:47:09.246728+00:00
https://monzo.com/blog/2019/05/23/save-money-to-afford-a-holiday,monzo.com,/blog/2019/05/23/save-money-to-afford-a-holiday,blog,False,https://monzo.com/gb-sitemap.xml,2026-08-16T18:47:09.246728+00:00
https://monzo.com/blog/2019/05/28/fixing-notifications-on-android,monzo.com,/blog/2019/05/28/fixing-notifications-on-android,blog,False,https://monzo.com/gb-sitemap.xml,2026-08-16T18:47:09.246728+00:00
https://monzo.com/blog/2019/05/30/everyone-does-user-research-at-monzo,monzo.com,/blog/2019/05/30/everyone-does-user-research-at-monzo,blog,False,https://monzo.com/gb-sitemap.xml,2026-08-16T18:47:09.246728+00:00
https://monzo.com/blog/2019/05/30/faster-payments-issue,monzo.com,/blog/2019/05/30/faster-payments-issue,blog,False,https://monzo.com/gb-sitemap.xml,2026-08-16T18:47:09.246728+00:00
https://monzo.com/blog/2019/05/30/micro-saving-with-monzo,monzo.com,/blog/2019/05/30/micro-saving-with-monzo,blog,False,https://monzo.com/gb-sitemap.xml,2026-08-16T18:47:09.246728+00:00
https://monzo.com/blog/2019/06/03/ramadan-swear-pot,monzo.com,/blog/2019/06/03/ramadan-swear-pot,blog,False,https://monzo.com/gb-sitemap.xml,2026-08-16T18:47:09.246728+00:00
https://monzo.com/blog/2019/06/03/vegan-on-a-budget,monzo.com,/blog/2019/06/03/vegan-on-a-budget,blog,False,https://monzo.com/gb-sitemap.xml,2026-08-16T18:47:09.246728+00:00
https://monzo.com/blog/2019/06/04/reverse-1p-savings-challenge-monzo,monzo.com,/blog/2019/06/04/reverse-1p-savings-challenge-monzo,blog,False,https://monzo.com/gb-sitemap.xml,2026-08-16T18:47:09.246728+00:00
https://monzo.com/blog/2019/06/04/wedding-guests-debt,monzo.com,/blog/2019/06/04/wedding-guests-debt,blog,False,https://monzo.com/gb-sitemap.xml,2026-08-16T18:47:09.246728+00:00
https://monzo.com/blog/2019/06/05/can-i-get-monzo-if-i-already-have-a-bank-account,monzo.com,/blog/2019/06/05/can-i-get-monzo-if-i-already-have-a-bank-account,blog,False,https://monzo.com/gb-sitemap.xml,2026-08-16T18:47:09.246728+00:00
https://monzo.com/blog/2019/06/05/should-i-bank-transfer-money-to-a-safe-account,monzo.com,/blog/2019/06/05/should-i-bank-transfer-money-to-a-safe-account,blog,False,https://monzo.com/gb-sitemap.xml,2026-08-16T18:47:09.246728+00:00
https://monzo.com/blog/2019/06/06/pyramid-schemes-are-illegal,monzo.com,/blog/2019/06/06/pyramid-schemes-are-illegal,blog,False,https://monzo.com/gb-sitemap.xml,2026-08-16T18:47:09.246728+00:00
https://monzo.com/blog/2019/06/07/save-the-date-challenge,monzo.com,/blog/2019/06/07/save-the-date-challenge,blog,False,https://monzo.com/gb-sitemap.xml,2026-08-16T18:47:09.246728+00:00
https://monzo.com/blog/2019/06/07/what-is-interest-explained-in-simple-words,monzo.com,/blog/2019/06/07/what-is-interest-explained-in-simple-words,blog,False,https://monzo.com/gb-sitemap.xml,2026-08-16T18:47:09.246728+00:00
https://monzo.com/blog/2019/06/11/should-i-start-investing,monzo.com,/blog/2019/06/11/should-i-start-investing,blog,False,https://monzo.com/gb-sitemap.xml,2026-08-16T18:47:09.246728+00:00
https://monzo.com/blog/2019/06/12/make-monzo-my-main-account,monzo.com,/blog/2019/06/12/make-monzo-my-main-account,blog,False,https://monzo.com/gb-sitemap.xml,2026-08-16T18:47:09.246728+00:00
https://monzo.com/blog/2019/06/14/monzo-manage-money-at-a-festival,monzo.com,/blog/2019/06/14/monzo-manage-money-at-a-festival,blog,False,https://monzo.com/gb-sitemap.xml,2026-08-16T18:47:09.246728+00:00
https://monzo.com/blog/2019/06/14/monzo-most-asked-questions,monzo.com,/blog/2019/06/14/monzo-most-asked-questions,blog,False,https://monzo.com/gb-sitemap.xml,2026-08-16T18:47:09.246728+00:00
https://monzo.com/blog/2019/06/17/monzo-called-to-say-i-should-transfer-money-to-a-safe-account,monzo.com,/blog/2019/06/17/monzo-called-to-say-i-should-transfer-money-to-a-safe-account,blog,False,https://monzo.com/gb-sitemap.xml,2026-08-16T18:47:09.246728+00:00
https://monzo.com/blog/2019/06/17/monzo-manchester,monzo.com,/blog/2019/06/17/monzo-manchester,blog,False,https://monzo.com/gb-sitemap.xml,2026-08-16T18:47:09.246728+00:00
https://monzo.com/blog/2019/06/18/dear-monzo-debt-and-credit-scores,monzo.com,/blog/2019/06/18/dear-monzo-debt-and-credit-scores,blog,False,https://monzo.com/gb-sitemap.xml,2026-08-16T18:47:09.246728+00:00
https://monzo.com/blog/2019/06/20/summer-savings-challenge,monzo.com,/blog/2019/06/20/summer-savings-challenge,blog,False,https://monzo.com/gb-sitemap.xml,2026-08-16T18:47:09.246728+00:00
https://monzo.com/blog/2019/06/20/why-bank-transfers-failed-on-30th-may-2019,monzo.com,/blog/2019/06/20/why-bank-transfers-failed-on-30th-may-2019,blog,False,https://monzo.com/gb-sitemap.xml,2026-08-16T18:47:09.246728+00:00
https://monzo.com/blog/2019/06/24/business-banking-update,monzo.com,/blog/2019/06/24/business-banking-update,blog,False,https://monzo.com/gb-sitemap.xml,2026-08-16T18:47:09.246728+00:00
https://monzo.com/blog/2019/06/25/monzos-latest-funding-round,monzo.com,/blog/2019/06/25/monzos-latest-funding-round,blog,False,https://monzo.com/gb-sitemap.xml,2026-08-16T18:47:09.246728+00:00
https://monzo.com/blog/2019/06/27/monzo-2019-annual-report,monzo.com,/blog/2019/06/27/monzo-2019-annual-report,blog,False,https://monzo.com/gb-sitemap.xml,2026-08-16T18:47:09.246728+00:00
https://monzo.com/blog/2019/06/27/trending-spending-central-london,monzo.com,/blog/2019/06/27/trending-spending-central-london,blog,False,https://monzo.com/gb-sitemap.xml,2026-08-16T18:47:09.246728+00:00
https://monzo.com/blog/2019/06/27/trending-spending-east-london,monzo.com,/blog/2019/06/27/trending-spending-east-london,blog,False,https://monzo.com/gb-sitemap.xml,2026-08-16T18:47:09.246728+00:00
https://monzo.com/blog/2019/06/27/trending-spending-london,monzo.com,/blog/2019/06/27/trending-spending-london,blog,False,https://monzo.com/gb-sitemap.xml,2026-08-16T18:47:09.246728+00:00
https://monzo.com/blog/2019/06/27/trending-spending-north-london,monzo.com,/blog/2019/06/27/trending-spending-north-london,blog,False,https://monzo.com/gb-sitemap.xml,2026-08-16T18:47:09.246728+00:00
https://monzo.com/blog/2019/06/27/trending-spending-south-east-london,monzo.com,/blog/2019/06/27/trending-spending-south-east-london,blog,False,https://monzo.com/gb-sitemap.xml,2026-08-16T18:47:09.246728+00:00
https://monzo.com/blog/2019/06/27/trending-spending-south-west-london,monzo.com,/blog/2019/06/27/trending-spending-south-west-london,blog,False,https://monzo.com/gb-sitemap.xml,2026-08-16T18:47:09.246728+00:00
https://monzo.com/blog/2019/06/27/trending-spending-west-london,monzo.com,/blog/2019/06/27/trending-spending-west-london,blog,False,https://monzo.com/gb-sitemap.xml,2026-08-16T18:47:09.246728+00:00
https://monzo.com/blog/2019/06/28/pay-yourself-first-how-to-save-money,monzo.com,/blog/2019/06/28/pay-yourself-first-how-to-save-money,blog,False,https://monzo.com/gb-sitemap.xml,2026-08-16T18:47:09.246728+00:00
https://monzo.com/blog/2019/07/01/how-much-are-we-spending-on-going-out,monzo.com,/blog/2019/07/01/how-much-are-we-spending-on-going-out,blog,False,https://monzo.com/gb-sitemap.xml,2026-08-16T18:47:09.246728+00:00
https://monzo.com/blog/2019/07/03/money-at-university,monzo.com,/blog/2019/07/03/money-at-university,blog,False,https://monzo.com/gb-sitemap.xml,2026-08-16T18:47:09.246728+00:00
https://monzo.com/blog/2019/07/03/the-role-of-technology-in-social-inclusion,monzo.com,/blog/2019/07/03/the-role-of-technology-in-social-inclusion,blog,False,https://monzo.com/gb-sitemap.xml,2026-08-16T18:47:09.246728+00:00
https://monzo.com/blog/2019/07/08/accounting-tools-monzo-business-account,monzo.com,/blog/2019/07/08/accounting-tools-monzo-business-account,blog,False,https://monzo.com/gb-sitemap.xml,2026-08-16T18:47:09.246728+00:00
https://monzo.com/blog/2019/07/08/how-we-respond-to-incidents,monzo.com,/blog/2019/07/08/how-we-respond-to-incidents,blog,False,https://monzo.com/gb-sitemap.xml,2026-08-16T18:47:09.246728+00:00
https://monzo.com/blog/2019/07/09/money-in-love-russell-and-richard,monzo.com,/blog/2019/07/09/money-in-love-russell-and-richard,blog,False,https://monzo.com/gb-sitemap.xml,2026-08-16T18:47:09.246728+00:00
https://monzo.com/blog/2019/07/10/no-spend-challenge,monzo.com,/blog/2019/07/10/no-spend-challenge,blog,False,https://monzo.com/gb-sitemap.xml,2026-08-16T18:47:09.246728+00:00
https://monzo.com/blog/2019/07/10/the-evolution-of-monzo-chat,monzo.com,/blog/2019/07/10/the-evolution-of-monzo-chat,blog,False,https://monzo.com/gb-sitemap.xml,2026-08-16T18:47:09.246728+00:00
https://monzo.com/blog/2019/07/18/investment-opportunity-scams,monzo.com,/blog/2019/07/18/investment-opportunity-scams,blog,False,https://monzo.com/gb-sitemap.xml,2026-08-16T18:47:09.246728+00:00
https://monzo.com/blog/2019/07/18/money-in-love-fuminori-and-jake,monzo.com,/blog/2019/07/18/money-in-love-fuminori-and-jake,blog,False,https://monzo.com/gb-sitemap.xml,2026-08-16T18:47:09.246728+00:00
https://monzo.com/blog/2019/07/18/remortgaging-test,monzo.com,/blog/2019/07/18/remortgaging-test,blog,False,https://monzo.com/gb-sitemap.xml,2026-08-16T18:47:09.246728+00:00
https://monzo.com/blog/2019/07/19/should-i-pay-in-local-currency-or-pounds-gbp-when-i-use-monzo-abroad,monzo.com,/blog/2019/07/19/should-i-pay-in-local-currency-or-pounds-gbp-when-i-use-monzo-abroad,blog,False,https://monzo.com/gb-sitemap.xml,2026-08-16T18:47:09.246728+00:00
https://monzo.com/blog/2019/07/22/monzo-reviews,monzo.com,/blog/2019/07/22/monzo-reviews,blog,False,https://monzo.com/gb-sitemap.xml,2026-08-16T18:47:09.246728+00:00
https://monzo.com/blog/2019/07/23/the-pink-bank-card-you-keep-seeing-what-it-is-and-how-to-get-one,monzo.com,/blog/2019/07/23/the-pink-bank-card-you-keep-seeing-what-it-is-and-how-to-get-one,blog,False,https://monzo.com/gb-sitemap.xml,2026-08-16T18:47:09.246728+00:00
https://monzo.com/blog/2019/07/24/dear-monzo-budgeting-is-hard,monzo.com,/blog/2019/07/24/dear-monzo-budgeting-is-hard,blog,False,https://monzo.com/gb-sitemap.xml,2026-08-16T18:47:09.246728+00:00
https://monzo.com/blog/2019/07/24/fixed-term-savings-pot-account,monzo.com,/blog/2019/07/24/fixed-term-savings-pot-account,blog,False,https://monzo.com/gb-sitemap.xml,2026-08-16T18:47:09.246728+00:00
https://monzo.com/blog/2019/07/24/market-leading-interest-rate-on-monzo-savings-pots,monzo.com,/blog/2019/07/24/market-leading-interest-rate-on-monzo-savings-pots,blog,False,https://monzo.com/gb-sitemap.xml,2026-08-16T18:47:09.246728+00:00
https://monzo.com/blog/2019/07/29/reclaim-mis-sold-ppi-and-get-compensation-free,monzo.com,/blog/2019/07/29/reclaim-mis-sold-ppi-and-get-compensation-free,blog,False,https://monzo.com/gb-sitemap.xml,2026-08-16T18:47:09.246728+00:00
https://monzo.com/blog/2019/07/30/we-had-issues-with-monzo-yesterday,monzo.com,/blog/2019/07/30/we-had-issues-with-monzo-yesterday,blog,False,https://monzo.com/gb-sitemap.xml,2026-08-16T18:47:09.246728+00:00
https://monzo.com/blog/2019/07/31/how-we-experiment-at-monzo,monzo.com,/blog/2019/07/31/how-we-experiment-at-monzo,blog,False,https://monzo.com/gb-sitemap.xml,2026-08-16T18:47:09.246728+00:00
https://monzo.com/blog/2019/08/01/august-no-spend-challenge,monzo.com,/blog/2019/08/01/august-no-spend-challenge,blog,False,https://monzo.com/gb-sitemap.xml,2026-08-16T18:47:09.246728+00:00
https://monzo.com/blog/2019/08/01/meet-bekki,monzo.com,/blog/2019/08/01/meet-bekki,blog,False,https://monzo.com/gb-sitemap.xml,2026-08-16T18:47:09.246728+00:00
https://monzo.com/blog/2019/08/01/my-ex-racked-up-thousands-of-pounds-of-debt-in-my-name,monzo.com,/blog/2019/08/01/my-ex-racked-up-thousands-of-pounds-of-debt-in-my-name,blog,False,https://monzo.com/gb-sitemap.xml,2026-08-16T18:47:09.246728+00:00
https://monzo.com/blog/2019/08/02/taking-cash-out-on-holiday,monzo.com,/blog/2019/08/02/taking-cash-out-on-holiday,blog,False,https://monzo.com/gb-sitemap.xml,2026-08-16T18:47:09.246728+00:00
https://monzo.com/blog/2019/08/05/how-do-i-get-a-monzo-account,monzo.com,/blog/2019/08/05/how-do-i-get-a-monzo-account,blog,False,https://monzo.com/gb-sitemap.xml,2026-08-16T18:47:09.246728+00:00
https://monzo.com/blog/2019/08/05/weve-fixed-an-issue-storing-some-customers-pins,monzo.com,/blog/2019/08/05/weve-fixed-an-issue-storing-some-customers-pins,blog,False,https://monzo.com/gb-sitemap.xml,2026-08-16T18:47:09.246728+00:00
https://monzo.com/blog/2019/08/07/what-is-a-regular-savings-account,monzo.com,/blog/2019/08/07/what-is-a-regular-savings-account,blog,False,https://monzo.com/gb-sitemap.xml,2026-08-16T18:47:09.246728+00:00
https://monzo.com/blog/2019/08/09/how-to-get-the-most-out-of-monzo,monzo.com,/blog/2019/08/09/how-to-get-the-most-out-of-monzo,blog,False,https://monzo.com/gb-sitemap.xml,2026-08-16T18:47:09.246728+00:00
https://monzo.com/blog/2019/08/09/how-were-doing-savings-accounts-differently,monzo.com,/blog/2019/08/09/how-were-doing-savings-accounts-differently,blog,False,https://monzo.com/gb-sitemap.xml,2026-08-16T18:47:09.246728+00:00
https://monzo.com/blog/2019/08/09/what-do-i-need-to-set-up-a-monzo-account,monzo.com,/blog/2019/08/09/what-do-i-need-to-set-up-a-monzo-account,blog,False,https://monzo.com/gb-sitemap.xml,2026-08-16T18:47:09.246728+00:00
https://monzo.com/blog/2019/08/13/our-lending-principles,monzo.com,/blog/2019/08/13/our-lending-principles,blog,False,https://monzo.com/gb-sitemap.xml,2026-08-16T18:47:09.246728+00:00
https://monzo.com/blog/2019/08/14/money-in-love-will-and-max,monzo.com,/blog/2019/08/14/money-in-love-will-and-max,blog,False,https://monzo.com/gb-sitemap.xml,2026-08-16T18:47:09.246728+00:00
https://monzo.com/blog/2019/08/16/monzo-international-student,monzo.com,/blog/2019/08/16/monzo-international-student,blog,False,https://monzo.com/gb-sitemap.xml,2026-08-16T18:47:09.246728+00:00
https://monzo.com/blog/2019/08/20/monzo-now-lets-you-get-paid-a-day-early-for-free,monzo.com,/blog/2019/08/20/monzo-now-lets-you-get-paid-a-day-early-for-free,blog,False,https://monzo.com/gb-sitemap.xml,2026-08-16T18:47:09.246728+00:00
https://monzo.com/blog/2019/08/22/get-paid-early-twitter,monzo.com,/blog/2019/08/22/get-paid-early-twitter,blog,False,https://monzo.com/gb-sitemap.xml,2026-08-16T18:47:09.246728+00:00
https://monzo.com/blog/2019/08/22/get-your-student-loan-a-day-before-your-friends-do,monzo.com,/blog/2019/08/22/get-your-student-loan-a-day-before-your-friends-do,blog,False,https://monzo.com/gb-sitemap.xml,2026-08-16T18:47:09.246728+00:00
https://monzo.com/blog/2019/08/22/money-in-love-craig-and-nichola,monzo.com,/blog/2019/08/22/money-in-love-craig-and-nichola,blog,False,https://monzo.com/gb-sitemap.xml,2026-08-16T18:47:09.246728+00:00
https://monzo.com/blog/2019/08/22/strong-customer-authentication,monzo.com,/blog/2019/08/22/strong-customer-authentication,blog,False,https://monzo.com/gb-sitemap.xml,2026-08-16T18:47:09.246728+00:00
https://monzo.com/blog/2019/08/28/how-to-open-a-monzo-account,monzo.com,/blog/2019/08/28/how-to-open-a-monzo-account,blog,False,https://monzo.com/gb-sitemap.xml,2026-08-16T18:47:09.246728+00:00
https://monzo.com/blog/2019/08/28/open-a-bank-account-as-a-student-without-proof-of-address,monzo.com,/blog/2019/08/28/open-a-bank-account-as-a-student-without-proof-of-address,blog,False,https://monzo.com/gb-sitemap.xml,2026-08-16T18:47:09.246728+00:00
https://monzo.com/blog/2019/08/28/take-a-video-selfie-to-sign-up-for-monzo,monzo.com,/blog/2019/08/28/take-a-video-selfie-to-sign-up-for-monzo,blog,False,https://monzo.com/gb-sitemap.xml,2026-08-16T18:47:09.246728+00:00
https://monzo.com/blog/2019/08/29/dear-monzo-should-i-pay-off-my-student-loan-early,monzo.com,/blog/2019/08/29/dear-monzo-should-i-pay-off-my-student-loan-early,blog,False,https://monzo.com/gb-sitemap.xml,2026-08-16T18:47:09.246728+00:00
https://monzo.com/blog/2019/08/30/is-monzo-a-debit-card,monzo.com,/blog/2019/08/30/is-monzo-a-debit-card,blog,False,https://monzo.com/gb-sitemap.xml,2026-08-16T18:47:09.246728+00:00
https://monzo.com/blog/2019/08/30/what-is-no-spendtember,monzo.com,/blog/2019/08/30/what-is-no-spendtember,blog,False,https://monzo.com/gb-sitemap.xml,2026-08-16T18:47:09.246728+00:00
https://monzo.com/blog/2019/09/03/money-in-love-michael-and-dan,monzo.com,/blog/2019/09/03/money-in-love-michael-and-dan,blog,False,https://monzo.com/gb-sitemap.xml,2026-08-16T18:47:09.246728+00:00
https://monzo.com/blog/2019/09/06/10-minimum-savings-pot,monzo.com,/blog/2019/09/06/10-minimum-savings-pot,blog,False,https://monzo.com/gb-sitemap.xml,2026-08-16T18:47:09.246728+00:00
https://monzo.com/blog/2019/09/08/why-monzo-wasnt-working-on-july-29th,monzo.com,/blog/2019/09/08/why-monzo-wasnt-working-on-july-29th,blog,False,https://monzo.com/gb-sitemap.xml,2026-08-16T18:47:09.246728+00:00
https://monzo.com/blog/2019/09/11/strong-customer-authentication-using-chip-and-pin,monzo.com,/blog/2019/09/11/strong-customer-authentication-using-chip-and-pin,blog,False,https://monzo.com/gb-sitemap.xml,2026-08-16T18:47:09.246728+00:00
https://monzo.com/blog/2019/09/16/three-million,monzo.com,/blog/2019/09/16/three-million,blog,False,https://monzo.com/gb-sitemap.xml,2026-08-16T18:47:09.246728+00:00
https://monzo.com/blog/2019/09/18/tax-free-savings-allowance,monzo.com,/blog/2019/09/18/tax-free-savings-allowance,blog,False,https://monzo.com/gb-sitemap.xml,2026-08-16T18:47:09.246728+00:00
https://monzo.com/blog/2019/09/20/the-monzo-app-is-changing,monzo.com,/blog/2019/09/20/the-monzo-app-is-changing,blog,False,https://monzo.com/gb-sitemap.xml,2026-08-16T18:47:09.246728+00:00
https://monzo.com/blog/2019/09/23/thomas-cook-collapse,monzo.com,/blog/2019/09/23/thomas-cook-collapse,blog,False,https://monzo.com/gb-sitemap.xml,2026-08-16T18:47:09.246728+00:00
https://monzo.com/blog/2019/09/26/introducing-salary-sorter-and-bills-pots,monzo.com,/blog/2019/09/26/introducing-salary-sorter-and-bills-pots,blog,False,https://monzo.com/gb-sitemap.xml,2026-08-16T18:47:09.246728+00:00
https://monzo.com/blog/2019/09/30/what-is-locktober,monzo.com,/blog/2019/09/30/what-is-locktober,blog,False,https://monzo.com/gb-sitemap.xml,2026-08-16T18:47:09.246728+00:00
https://monzo.com/blog/2019/10/01/bills-pots-images,monzo.com,/blog/2019/10/01/bills-pots-images,blog,False,https://monzo.com/gb-sitemap.xml,2026-08-16T18:47:09.246728+00:00
https://monzo.com/blog/2019/10/02/joint-bank-account,monzo.com,/blog/2019/10/02/joint-bank-account,blog,False,https://monzo.com/gb-sitemap.xml,2026-08-16T18:47:09.246728+00:00
https://monzo.com/blog/2019/10/05/savings-account,monzo.com,/blog/2019/10/05/savings-account,blog,False,https://monzo.com/gb-sitemap.xml,2026-08-16T18:47:09.246728+00:00
https://monzo.com/blog/2019/10/08/get-out-of-debt,monzo.com,/blog/2019/10/08/get-out-of-debt,blog,False,https://monzo.com/gb-sitemap.xml,2026-08-16T18:47:09.246728+00:00
https://monzo.com/blog/2019/10/09/how-to-save-money-on-food,monzo.com,/blog/2019/10/09/how-to-save-money-on-food,blog,False,https://monzo.com/gb-sitemap.xml,2026-08-16T18:47:09.246728+00:00
https://monzo.com/blog/2019/10/10/how-to-save-money-according-to-people-who-actually-manage-it,monzo.com,/blog/2019/10/10/how-to-save-money-according-to-people-who-actually-manage-it,blog,False,https://monzo.com/gb-sitemap.xml,2026-08-16T18:47:09.246728+00:00
https://monzo.com/blog/2019/10/11/10-things-to-say-to-your-friend-who-still-refuses-to-get-monzo,monzo.com,/blog/2019/10/11/10-things-to-say-to-your-friend-who-still-refuses-to-get-monzo,blog,False,https://monzo.com/gb-sitemap.xml,2026-08-16T18:47:09.246728+00:00
https://monzo.com/blog/2019/10/11/4-ways-monzo-makes-payday-even-better,monzo.com,/blog/2019/10/11/4-ways-monzo-makes-payday-even-better,blog,False,https://monzo.com/gb-sitemap.xml,2026-08-16T18:47:09.246728+00:00
https://monzo.com/blog/2019/10/11/how-our-security-team-handle-secrets,monzo.com,/blog/2019/10/11/how-our-security-team-handle-secrets,blog,False,https://monzo.com/gb-sitemap.xml,2026-08-16T18:47:09.246728+00:00
https://monzo.com/blog/2019/10/14/39-times-you-absolutely-hated-monzo,monzo.com,/blog/2019/10/14/39-times-you-absolutely-hated-monzo,blog,False,https://monzo.com/gb-sitemap.xml,2026-08-16T18:47:09.246728+00:00
https://monzo.com/blog/2019/10/15/savings-plan,monzo.com,/blog/2019/10/15/savings-plan,blog,False,https://monzo.com/gb-sitemap.xml,2026-08-16T18:47:09.246728+00:00
https://monzo.com/blog/2019/10/18/watchdog-response,monzo.com,/blog/2019/10/18/watchdog-response,blog,False,https://monzo.com/gb-sitemap.xml,2026-08-16T18:47:09.246728+00:00
https://monzo.com/blog/2019/10/22/how-to-save-money-in-london,monzo.com,/blog/2019/10/22/how-to-save-money-in-london,blog,False,https://monzo.com/gb-sitemap.xml,2026-08-16T18:47:09.246728+00:00
https://monzo.com/blog/2019/10/23/9-questions-to-ask-yourself-before-you-borrow-money,monzo.com,/blog/2019/10/23/9-questions-to-ask-yourself-before-you-borrow-money,blog,False,https://monzo.com/gb-sitemap.xml,2026-08-16T18:47:09.246728+00:00
https://monzo.com/blog/2019/10/24/15-features-thatll-turn-monzo-sceptics-into-monzo-obsessives,monzo.com,/blog/2019/10/24/15-features-thatll-turn-monzo-sceptics-into-monzo-obsessives,blog,False,https://monzo.com/gb-sitemap.xml,2026-08-16T18:47:09.246728+00:00
https://monzo.com/blog/2019/10/24/9-monzo-features-and-why-you-need-them,monzo.com,/blog/2019/10/24/9-monzo-features-and-why-you-need-them,blog,False,https://monzo.com/gb-sitemap.xml,2026-08-16T18:47:09.246728+00:00
https://monzo.com/blog/2019/10/24/how-to-save-money-on-your-wedding,monzo.com,/blog/2019/10/24/how-to-save-money-on-your-wedding,blog,False,https://monzo.com/gb-sitemap.xml,2026-08-16T18:47:09.246728+00:00
https://monzo.com/blog/2019/10/28/more-people-are-switching-to-monzo-and-away-from-legacy-banks,monzo.com,/blog/2019/10/28/more-people-are-switching-to-monzo-and-away-from-legacy-banks,blog,False,https://monzo.com/gb-sitemap.xml,2026-08-16T18:47:09.246728+00:00
https://monzo.com/blog/2019/10/29/winter-savings-challenge,monzo.com,/blog/2019/10/29/winter-savings-challenge,blog,False,https://monzo.com/gb-sitemap.xml,2026-08-16T18:47:09.246728+00:00
https://monzo.com/blog/2019/10/31/how-to-save-money-as-a-teenager,monzo.com,/blog/2019/10/31/how-to-save-money-as-a-teenager,blog,False,https://monzo.com/gb-sitemap.xml,2026-08-16T18:47:09.246728+00:00
https://monzo.com/blog/2019/10/31/statement-of-fees-to-your-account,monzo.com,/blog/2019/10/31/statement-of-fees-to-your-account,blog,False,https://monzo.com/gb-sitemap.xml,2026-08-16T18:47:09.246728+00:00
https://monzo.com/blog/2019/11/04/how-we-scaled-our-data-team-from-1-to-30-people-part-1,monzo.com,/blog/2019/11/04/how-we-scaled-our-data-team-from-1-to-30-people-part-1,blog,False,https://monzo.com/gb-sitemap.xml,2026-08-16T18:47:09.246728+00:00
https://monzo.com/blog/2019/11/07-save-money-for-your-kids,monzo.com,/blog/2019/11/07-save-money-for-your-kids,blog,False,https://monzo.com/gb-sitemap.xml,2026-08-16T18:47:09.246728+00:00
https://monzo.com/blog/2019/11/11/10-monzo-features-your-old-bank-doesnt-have-yet,monzo.com,/blog/2019/11/11/10-monzo-features-your-old-bank-doesnt-have-yet,blog,False,https://monzo.com/gb-sitemap.xml,2026-08-16T18:47:09.246728+00:00
https://monzo.com/blog/2019/11/12/what-are-unsecured-loans,monzo.com,/blog/2019/11/12/what-are-unsecured-loans,blog,False,https://monzo.com/gb-sitemap.xml,2026-08-16T18:47:09.246728+00:00
https://monzo.com/blog/2019/11/14/how-much-money-should-i-save,monzo.com,/blog/2019/11/14/how-much-money-should-i-save,blog,False,https://monzo.com/gb-sitemap.xml,2026-08-16T18:47:09.246728+00:00
https://monzo.com/blog/2019/11/15/how-do-i-get-out-of-my-overdraft,monzo.com,/blog/2019/11/15/how-do-i-get-out-of-my-overdraft,blog,False,https://monzo.com/gb-sitemap.xml,2026-08-16T18:47:09.246728+00:00
https://monzo.com/blog/2019/11/15/how-to-save-money-on-car-insurance,monzo.com,/blog/2019/11/15/how-to-save-money-on-car-insurance,blog,False,https://monzo.com/gb-sitemap.xml,2026-08-16T18:47:09.246728+00:00
https://monzo.com/blog/2019/11/15/saving-for-your-grandchildren,monzo.com,/blog/2019/11/15/saving-for-your-grandchildren,blog,False,https://monzo.com/gb-sitemap.xml,2026-08-16T18:47:09.246728+00:00
https://monzo.com/blog/2019/12/03/understanding-universal-credit,monzo.com,/blog/2019/12/03/understanding-universal-credit,blog,False,https://monzo.com/gb-sitemap.xml,2026-08-16T18:47:09.246728+00:00
https://monzo.com/blog/2019/12/05/secured-loan,monzo.com,/blog/2019/12/05/secured-loan,blog,False,https://monzo.com/gb-sitemap.xml,2026-08-16T18:47:09.246728+00:00
https://monzo.com/blog/2019/12/05/what-you-need-to-know-about-going-full-monzo,monzo.com,/blog/2019/12/05/what-you-need-to-know-about-going-full-monzo,blog,False,https://monzo.com/gb-sitemap.xml,2026-08-16T18:47:09.246728+00:00
https://monzo.com/blog/2019/12/09/our-overdrafts-are-changing,monzo.com,/blog/2019/12/09/our-overdrafts-are-changing,blog,False,https://monzo.com/gb-sitemap.xml,2026-08-16T18:47:09.246728+00:00
https://monzo.com/blog/2019/12/11/how-do-loans-work,monzo.com,/blog/2019/12/11/how-do-loans-work,blog,False,https://monzo.com/gb-sitemap.xml,2026-08-16T18:47:09.246728+00:00
https://monzo.com/blog/2019/12/11/monzo-main-bank-account,monzo.com,/blog/2019/12/11/monzo-main-bank-account,blog,False,https://monzo.com/gb-sitemap.xml,2026-08-16T18:47:09.246728+00:00
https://monzo.com/blog/2019/12/23/how-well-contact-you,monzo.com,/blog/2019/12/23/how-well-contact-you,blog,False,https://monzo.com/gb-sitemap.xml,2026-08-16T18:47:09.246728+00:00
https://monzo.com/blog/2019/23/07/monzo-quarterly-update-q3-2019,monzo.com,/blog/2019/23/07/monzo-quarterly-update-q3-2019,blog,False,https://monzo.com/gb-sitemap.xml,2026-08-16T18:47:09.246728+00:00
https://monzo.com/blog/2020/01/17/weve-started-reporting-to-experian,monzo.com,/blog/2020/01/17/weve-started-reporting-to-experian,blog,False,https://monzo.com/gb-sitemap.xml,2026-08-16T18:47:09.246728+00:00
https://monzo.com/blog/2020/04/01/monzo-business-for-web-is-here,monzo.com,/blog/2020/04/01/monzo-business-for-web-is-here,blog,False,https://monzo.com/gb-sitemap.xml,2026-08-16T18:47:09.246728+00:00
https://monzo.com/blog/2020/04/03/tips-for-being-extra-safe-on-monzo-business-for-web,monzo.com,/blog/2020/04/03/tips-for-being-extra-safe-on-monzo-business-for-web,blog,False,https://monzo.com/gb-sitemap.xml,2026-08-16T18:47:09.246728+00:00
https://monzo.com/blog/2020/05/04/confirmation-of-payee-launch,monzo.com,/blog/2020/05/04/confirmation-of-payee-launch,blog,False,https://monzo.com/gb-sitemap.xml,2026-08-16T18:47:09.246728+00:00
https://monzo.com/blog/2020/05/19/monzo-business-for-web-upgrade,monzo.com,/blog/2020/05/19/monzo-business-for-web-upgrade,blog,False,https://monzo.com/gb-sitemap.xml,2026-08-16T18:47:09.246728+00:00
https://monzo.com/blog/2020/05/puppy-and-kitten-deposit-scams-are-on-the-rise,monzo.com,/blog/2020/05/puppy-and-kitten-deposit-scams-are-on-the-rise,blog,False,https://monzo.com/gb-sitemap.xml,2026-08-16T18:47:09.246728+00:00
https://monzo.com/blog/2020/06/01/new-business-categories,monzo.com,/blog/2020/06/01/new-business-categories,blog,False,https://monzo.com/gb-sitemap.xml,2026-08-16T18:47:09.246728+00:00
https://monzo.com/blog/2020/06/23/money-mules,monzo.com,/blog/2020/06/23/money-mules,blog,False,https://monzo.com/gb-sitemap.xml,2026-08-16T18:47:09.246728+00:00
https://monzo.com/blog/2020/06/27/pride-remembering-our-history-and-looking-towards-the-fight-ahead,monzo.com,/blog/2020/06/27/pride-remembering-our-history-and-looking-towards-the-fight-ahead,blog,False,https://monzo.com/gb-sitemap.xml,2026-08-16T18:47:09.246728+00:00
https://monzo.com/blog/2020/07/06/easy-bank-transfers,monzo.com,/blog/2020/07/06/easy-bank-transfers,blog,False,https://monzo.com/gb-sitemap.xml,2026-08-16T18:47:09.246728+00:00
https://monzo.com/blog/2020/08/17/were-the-best-bank-for-overall-service-quality-and-online-and-mobile-banking,monzo.com,/blog/2020/08/17/were-the-best-bank-for-overall-service-quality-and-online-and-mobile-banking,blog,False,https://monzo.com/gb-sitemap.xml,2026-08-16T18:47:09.246728+00:00
https://monzo.com/blog/2020/09/17/fifty-thousand-monzo-business-customers,monzo.com,/blog/2020/09/17/fifty-thousand-monzo-business-customers,blog,False,https://monzo.com/gb-sitemap.xml,2026-08-16T18:47:09.246728+00:00
https://monzo.com/blog/2020/09/24/amex-in-monzo-plus,monzo.com,/blog/2020/09/24/amex-in-monzo-plus,blog,False,https://monzo.com/gb-sitemap.xml,2026-08-16T18:47:09.246728+00:00
https://monzo.com/blog/2020/09/30/mental-health-self-employed,monzo.com,/blog/2020/09/30/mental-health-self-employed,blog,False,https://monzo.com/gb-sitemap.xml,2026-08-16T18:47:09.246728+00:00
https://monzo.com/blog/2020/10/13/innovators-in-economics,monzo.com,/blog/2020/10/13/innovators-in-economics,blog,False,https://monzo.com/gb-sitemap.xml,2026-08-16T18:47:09.246728+00:00
https://monzo.com/blog/2020/10/15/flux-hm,monzo.com,/blog/2020/10/15/flux-hm,blog,False,https://monzo.com/gb-sitemap.xml,2026-08-16T18:47:09.246728+00:00
https://monzo.com/blog/2020/10/19/autoscaling-monzo,monzo.com,/blog/2020/10/19/autoscaling-monzo,blog,False,https://monzo.com/gb-sitemap.xml,2026-08-16T18:47:09.246728+00:00
https://monzo.com/blog/2020/10/19/interview-jaz-broughton,monzo.com,/blog/2020/10/19/interview-jaz-broughton,blog,False,https://monzo.com/gb-sitemap.xml,2026-08-16T18:47:09.246728+00:00
https://monzo.com/blog/2020/10/20/comparing-monzo-premium-and-monzo-plus,monzo.com,/blog/2020/10/20/comparing-monzo-premium-and-monzo-plus,blog,False,https://monzo.com/gb-sitemap.xml,2026-08-16T18:47:09.246728+00:00
https://monzo.com/blog/2020/10/22/accounting-for-startups,monzo.com,/blog/2020/10/22/accounting-for-startups,blog,False,https://monzo.com/gb-sitemap.xml,2026-08-16T18:47:09.246728+00:00
https://monzo.com/blog/2020/10/27/maggie-lena-walker,monzo.com,/blog/2020/10/27/maggie-lena-walker,blog,False,https://monzo.com/gb-sitemap.xml,2026-08-16T18:47:09.246728+00:00
https://monzo.com/blog/2020/10/30/money-management-in-the-black-community,monzo.com,/blog/2020/10/30/money-management-in-the-black-community,blog,False,https://monzo.com/gb-sitemap.xml,2026-08-16T18:47:09.246728+00:00
https://monzo.com/blog/2020/11/05/lessons-learnt-scaling-research,monzo.com,/blog/2020/11/05/lessons-learnt-scaling-research,blog,False,https://monzo.com/gb-sitemap.xml,2026-08-16T18:47:09.246728+00:00
https://monzo.com/blog/2020/11/11/customer-support-design,monzo.com,/blog/2020/11/11/customer-support-design,blog,False,https://monzo.com/gb-sitemap.xml,2026-08-16T18:47:09.246728+00:00
https://monzo.com/blog/2020/11/11/paypal-text-scams,monzo.com,/blog/2020/11/11/paypal-text-scams,blog,False,https://monzo.com/gb-sitemap.xml,2026-08-16T18:47:09.246728+00:00
https://monzo.com/blog/2020/11/24/big-guide-to-borrowing-and-debt,monzo.com,/blog/2020/11/24/big-guide-to-borrowing-and-debt,blog,False,https://monzo.com/gb-sitemap.xml,2026-08-16T18:47:09.246728+00:00
https://monzo.com/blog/2020/11/25/how-to-cope-with-reduced-work-hours-according-to-the-experts,monzo.com,/blog/2020/11/25/how-to-cope-with-reduced-work-hours-according-to-the-experts,blog,False,https://monzo.com/gb-sitemap.xml,2026-08-16T18:47:09.246728+00:00
https://monzo.com/blog/2020/11/25/new-to-monzo-business-weve-made-invoices-better,monzo.com,/blog/2020/11/25/new-to-monzo-business-weve-made-invoices-better,blog,False,https://monzo.com/gb-sitemap.xml,2026-08-16T18:47:09.246728+00:00
https://monzo.com/blog/2020/12/03/how-to-cope-with-being-self-employed-or-working-in-the-gig-economy-during,monzo.com,/blog/2020/12/03/how-to-cope-with-being-self-employed-or-working-in-the-gig-economy-during,blog,False,https://monzo.com/gb-sitemap.xml,2026-08-16T18:47:09.246728+00:00
https://monzo.com/blog/2020/12/04/accounting-basics-for-every-small-business,monzo.com,/blog/2020/12/04/accounting-basics-for-every-small-business,blog,False,https://monzo.com/gb-sitemap.xml,2026-08-16T18:47:09.246728+00:00
https://monzo.com/blog/2020/12/08/christmas-shopping-scams-what-to-look-out-for,monzo.com,/blog/2020/12/08/christmas-shopping-scams-what-to-look-out-for,blog,False,https://monzo.com/gb-sitemap.xml,2026-08-16T18:47:09.246728+00:00
https://monzo.com/blog/2020/12/15/how-accounting-can-help-your-business-grow,monzo.com,/blog/2020/12/15/how-accounting-can-help-your-business-grow,blog,False,https://monzo.com/gb-sitemap.xml,2026-08-16T18:47:09.246728+00:00
https://monzo.com/blog/2020/12/17/how-to-cope-with-being-made-redundant,monzo.com,/blog/2020/12/17/how-to-cope-with-being-made-redundant,blog,False,https://monzo.com/gb-sitemap.xml,2026-08-16T18:47:09.246728+00:00
https://monzo.com/blog/2020-01-01/switch-to-monzo-without-closing-your-old-account,monzo.com,/blog/2020-01-01/switch-to-monzo-without-closing-your-old-account,blog,False,https://monzo.com/gb-sitemap.xml,2026-08-16T18:47:09.246728+00:00
https://monzo.com/blog/2021/01/03/origins-of-money-superstitions,monzo.com,/blog/2021/01/03/origins-of-money-superstitions,blog,False,https://monzo.com/gb-sitemap.xml,2026-08-16T18:47:09.246728+00:00
https://monzo.com/blog/2021/01/05/self-employed-tax-basics,monzo.com,/blog/2021/01/05/self-employed-tax-basics,blog,False,https://monzo.com/gb-sitemap.xml,2026-08-16T18:47:09.246728+00:00
https://monzo.com/blog/2021/01/13/self-employed-tips-for-self-assessment,monzo.com,/blog/2021/01/13/self-employed-tips-for-self-assessment,blog,False,https://monzo.com/gb-sitemap.xml,2026-08-16T18:47:09.246728+00:00
https://monzo.com/blog/2021/01/21/financial-education-spending-and-budgeting,monzo.com,/blog/2021/01/21/financial-education-spending-and-budgeting,blog,False,https://monzo.com/gb-sitemap.xml,2026-08-16T18:47:09.246728+00:00
https://monzo.com/blog/2021/02/09/borrowing-data-at-monzo,monzo.com,/blog/2021/02/09/borrowing-data-at-monzo,blog,False,https://monzo.com/gb-sitemap.xml,2026-08-16T18:47:09.246728+00:00
https://monzo.com/blog/2021/03/05/march-2021-budget-small-businesses,monzo.com,/blog/2021/03/05/march-2021-budget-small-businesses,blog,False,https://monzo.com/gb-sitemap.xml,2026-08-16T18:47:09.246728+00:00
https://monzo.com/blog/2021/03/11/how-to-prepare-your-business-for-the-new-tax-year,monzo.com,/blog/2021/03/11/how-to-prepare-your-business-for-the-new-tax-year,blog,False,https://monzo.com/gb-sitemap.xml,2026-08-16T18:47:09.246728+00:00
https://monzo.com/blog/2021/03/30/get-ready-for-the-road-with-rac,monzo.com,/blog/2021/03/30/get-ready-for-the-road-with-rac,blog,False,https://monzo.com/gb-sitemap.xml,2026-08-16T18:47:09.246728+00:00
https://monzo.com/blog/2021/04/20/new-features-for-connected-accounts-and-virtual-cards,monzo.com,/blog/2021/04/20/new-features-for-connected-accounts-and-virtual-cards,blog,False,https://monzo.com/gb-sitemap.xml,2026-08-16T18:47:09.246728+00:00
https://monzo.com/blog/2021/05/12/new-improved-invoices,monzo.com,/blog/2021/05/12/new-improved-invoices,blog,False,https://monzo.com/gb-sitemap.xml,2026-08-16T18:47:09.246728+00:00
https://monzo.com/blog/2021/05/13/supporting-our-customers-through-mental-health-problems,monzo.com,/blog/2021/05/13/supporting-our-customers-through-mental-health-problems,blog,False,https://monzo.com/gb-sitemap.xml,2026-08-16T18:47:09.246728+00:00
https://monzo.com/blog/2021/08/10/spinning-up-an-analytics-engineering-team,monzo.com,/blog/2021/08/10/spinning-up-an-analytics-engineering-team,blog,False,https://monzo.com/gb-sitemap.xml,2026-08-16T18:47:09.246728+00:00
https://monzo.com/blog/2021/08/12/monzo-business-invoicing,monzo.com,/blog/2021/08/12/monzo-business-invoicing,blog,False,https://monzo.com/gb-sitemap.xml,2026-08-16T18:47:09.246728+00:00
https://monzo.com/blog/2021/09/15/how-we-measure-software-excellence,monzo.com,/blog/2021/09/15/how-we-measure-software-excellence,blog,False,https://monzo.com/gb-sitemap.xml,2026-08-16T18:47:09.246728+00:00
https://monzo.com/blog/2021/09/16/monzo-flex,monzo.com,/blog/2021/09/16/monzo-flex,blog,False,https://monzo.com/gb-sitemap.xml,2026-08-16T18:47:09.246728+00:00
https://monzo.com/blog/2021/09/30/documenting-pull-requests-is-as-important-as-writing-good-code,monzo.com,/blog/2021/09/30/documenting-pull-requests-is-as-important-as-writing-good-code,blog,False,https://monzo.com/gb-sitemap.xml,2026-08-16T18:47:09.246728+00:00
https://monzo.com/blog/2021/10/08/what-is-open-banking,monzo.com,/blog/2021/10/08/what-is-open-banking,blog,False,https://monzo.com/gb-sitemap.xml,2026-08-16T18:47:09.246728+00:00
https://monzo.com/blog/2021/10/12/getting-paid-with-monzo-business,monzo.com,/blog/2021/10/12/getting-paid-with-monzo-business,blog,False,https://monzo.com/gb-sitemap.xml,2026-08-16T18:47:09.246728+00:00
https://monzo.com/blog/2021/10/13/10-great-black-writers-who-teach-us-about-black-culture,monzo.com,/blog/2021/10/13/10-great-black-writers-who-teach-us-about-black-culture,blog,False,https://monzo.com/gb-sitemap.xml,2026-08-16T18:47:09.246728+00:00
https://monzo.com/blog/2021/10/14/an-introduction-to-monzos-data-stack,monzo.com,/blog/2021/10/14/an-introduction-to-monzos-data-stack,blog,False,https://monzo.com/gb-sitemap.xml,2026-08-16T18:47:09.246728+00:00
https://monzo.com/blog/2021/10/18/how-one-26-year-old-is-balancing-her-lockdown-candle-business-with-full-time,monzo.com,/blog/2021/10/18/how-one-26-year-old-is-balancing-her-lockdown-candle-business-with-full-time,blog,False,https://monzo.com/gb-sitemap.xml,2026-08-16T18:47:09.246728+00:00
https://monzo.com/blog/2021/10/28/machine-learning-at-monzo-in-2021,monzo.com,/blog/2021/10/28/machine-learning-at-monzo-in-2021,blog,False,https://monzo.com/gb-sitemap.xml,2026-08-16T18:47:09.246728+00:00
https://monzo.com/blog/2021/11/02/i-joined-monzo-in-2016-and-was-the-first-black-person-on-the-team,monzo.com,/blog/2021/11/02/i-joined-monzo-in-2016-and-was-the-first-black-person-on-the-team,blog,False,https://monzo.com/gb-sitemap.xml,2026-08-16T18:47:09.246728+00:00
https://monzo.com/blog/2021/11/02/net-zero-carbon-emissions,monzo.com,/blog/2021/11/02/net-zero-carbon-emissions,blog,False,https://monzo.com/gb-sitemap.xml,2026-08-16T18:47:09.246728+00:00
https://monzo.com/blog/2021/11/18/protecting-our-most-sensitive-secrets,monzo.com,/blog/2021/11/18/protecting-our-most-sensitive-secrets,blog,False,https://monzo.com/gb-sitemap.xml,2026-08-16T18:47:09.246728+00:00
https://monzo.com/blog/2021/11/23/monzo-flex-ways-to-pay-later,monzo.com,/blog/2021/11/23/monzo-flex-ways-to-pay-later,blog,False,https://monzo.com/gb-sitemap.xml,2026-08-16T18:47:09.246728+00:00
https://monzo.com/blog/2021/11/29/get-paid-with-apple-pay-and-google-pay,monzo.com,/blog/2021/11/29/get-paid-with-apple-pay-and-google-pay,blog,False,https://monzo.com/gb-sitemap.xml,2026-08-16T18:47:09.246728+00:00
https://monzo.com/blog/2021/12/16/customise-contactless-limits,monzo.com,/blog/2021/12/16/customise-contactless-limits,blog,False,https://monzo.com/gb-sitemap.xml,2026-08-16T18:47:09.246728+00:00
https://monzo.com/blog/2021/12/22/how-to-think-about-the-roi-of-data-work,monzo.com,/blog/2021/12/22/how-to-think-about-the-roi-of-data-work,blog,False,https://monzo.com/gb-sitemap.xml,2026-08-16T18:47:09.246728+00:00
https://monzo.com/blog/2022/01/28/keep-your-phone-and-monzo-app-up-to-date,monzo.com,/blog/2022/01/28/keep-your-phone-and-monzo-app-up-to-date,blog,False,https://monzo.com/gb-sitemap.xml,2026-08-16T18:47:09.246728+00:00
https://monzo.com/blog/2022/02/04/how-we-validated-our-handling-time-data,monzo.com,/blog/2022/02/04/how-we-validated-our-handling-time-data,blog,False,https://monzo.com/gb-sitemap.xml,2026-08-16T18:47:09.246728+00:00
https://monzo.com/blog/2022/02/08/processing-payments-safely-at-scale,monzo.com,/blog/2022/02/08/processing-payments-safely-at-scale,blog,False,https://monzo.com/gb-sitemap.xml,2026-08-16T18:47:09.246728+00:00
https://monzo.com/blog/2022/02/15/securely-delegating-trust-with-digital-signatures-and-secret-storage-systems,monzo.com,/blog/2022/02/15/securely-delegating-trust-with-digital-signatures-and-secret-storage-systems,blog,False,https://monzo.com/gb-sitemap.xml,2026-08-16T18:47:09.246728+00:00
https://monzo.com/blog/2022/02/16/what-is-economic-abuse-and-how-to-spot-it,monzo.com,/blog/2022/02/16/what-is-economic-abuse-and-how-to-spot-it,blog,False,https://monzo.com/gb-sitemap.xml,2026-08-16T18:47:09.246728+00:00
https://monzo.com/blog/2022/02/17/my-first-6-months-at-monzo-as-a-backend-engineer,monzo.com,/blog/2022/02/17/my-first-6-months-at-monzo-as-a-backend-engineer,blog,False,https://monzo.com/gb-sitemap.xml,2026-08-16T18:47:09.246728+00:00
https://monzo.com/blog/2022/02/18/how-we-calculate-balances,monzo.com,/blog/2022/02/18/how-we-calculate-balances,blog,False,https://monzo.com/gb-sitemap.xml,2026-08-16T18:47:09.246728+00:00
https://monzo.com/blog/2022/02/23/mutual-mentoring-at-monzo,monzo.com,/blog/2022/02/23/mutual-mentoring-at-monzo,blog,False,https://monzo.com/gb-sitemap.xml,2026-08-16T18:47:09.246728+00:00
https://monzo.com/blog/2022/03/02/designing-a-regional-experiment-to-measure-incrementality,monzo.com,/blog/2022/03/02/designing-a-regional-experiment-to-measure-incrementality,blog,False,https://monzo.com/gb-sitemap.xml,2026-08-16T18:47:09.246728+00:00
https://monzo.com/blog/2022/03/08/international-womens-day-2022,monzo.com,/blog/2022/03/08/international-womens-day-2022,blog,False,https://monzo.com/gb-sitemap.xml,2026-08-16T18:47:09.246728+00:00
https://monzo.com/blog/2022/03/21/data-hiring-at-monzo,monzo.com,/blog/2022/03/21/data-hiring-at-monzo,blog,False,https://monzo.com/gb-sitemap.xml,2026-08-16T18:47:09.246728+00:00
https://monzo.com/blog/2022/03/31/how-we-secure-monzos-banking-platform,monzo.com,/blog/2022/03/31/how-we-secure-monzos-banking-platform,blog,False,https://monzo.com/gb-sitemap.xml,2026-08-16T18:47:09.246728+00:00
https://monzo.com/blog/2022/04/04/my-first-3-months-at-monzo-as-an-engineering-manager,monzo.com,/blog/2022/04/04/my-first-3-months-at-monzo-as-an-engineering-manager,blog,False,https://monzo.com/gb-sitemap.xml,2026-08-16T18:47:09.246728+00:00
https://monzo.com/blog/2022/04/12/how-anyone-at-monzo-can-test,monzo.com,/blog/2022/04/12/how-anyone-at-monzo-can-test,blog,False,https://monzo.com/gb-sitemap.xml,2026-08-16T18:47:09.246728+00:00
https://monzo.com/blog/2022/04/20/how-our-android-engineers-automated-the-removal-of-kotlin-synthetics,monzo.com,/blog/2022/04/20/how-our-android-engineers-automated-the-removal-of-kotlin-synthetics,blog,False,https://monzo.com/gb-sitemap.xml,2026-08-16T18:47:09.246728+00:00
https://monzo.com/blog/2022/04/26/monzos-machine-learning-stack,monzo.com,/blog/2022/04/26/monzos-machine-learning-stack,blog,False,https://monzo.com/gb-sitemap.xml,2026-08-16T18:47:09.246728+00:00
https://monzo.com/blog/2022/05/04/view-cvc-in-app,monzo.com,/blog/2022/05/04/view-cvc-in-app,blog,False,https://monzo.com/gb-sitemap.xml,2026-08-16T18:47:09.246728+00:00
https://monzo.com/blog/2022/05/06/becoming-an-engineering-manager-1-year-in,monzo.com,/blog/2022/05/06/becoming-an-engineering-manager-1-year-in,blog,False,https://monzo.com/gb-sitemap.xml,2026-08-16T18:47:09.246728+00:00
https://monzo.com/blog/2022/05/13/moving-from-data-science-into-machine-learning,monzo.com,/blog/2022/05/13/moving-from-data-science-into-machine-learning,blog,False,https://monzo.com/gb-sitemap.xml,2026-08-16T18:47:09.246728+00:00
https://monzo.com/blog/2022/05/16/how-we-deploy-to-production-over-100-times-a-day,monzo.com,/blog/2022/05/16/how-we-deploy-to-production-over-100-times-a-day,blog,False,https://monzo.com/gb-sitemap.xml,2026-08-16T18:47:09.246728+00:00
https://monzo.com/blog/2022/05/18/joining-monzo-as-a-data-scientist,monzo.com,/blog/2022/05/18/joining-monzo-as-a-data-scientist,blog,False,https://monzo.com/gb-sitemap.xml,2026-08-16T18:47:09.246728+00:00
https://monzo.com/blog/2022/05/24/pellets-not-cannonballs-how-we-experiment-at-monzo,monzo.com,/blog/2022/05/24/pellets-not-cannonballs-how-we-experiment-at-monzo,blog,False,https://monzo.com/gb-sitemap.xml,2026-08-16T18:47:09.246728+00:00
https://monzo.com/blog/2022/05/24/send-money-abroad-with-monzo-business,monzo.com,/blog/2022/05/24/send-money-abroad-with-monzo-business,blog,False,https://monzo.com/gb-sitemap.xml,2026-08-16T18:47:09.246728+00:00
https://monzo.com/blog/2022/05/26/humans-who-can-rpc-securing-staff-access-to-microservices,monzo.com,/blog/2022/05/26/humans-who-can-rpc-securing-staff-access-to-microservices,blog,False,https://monzo.com/gb-sitemap.xml,2026-08-16T18:47:09.246728+00:00
https://monzo.com/blog/2022/06/14/virtual-cards-for-monzo-business-pro,monzo.com,/blog/2022/06/14/virtual-cards-for-monzo-business-pro,blog,False,https://monzo.com/gb-sitemap.xml,2026-08-16T18:47:09.246728+00:00
https://monzo.com/blog/2022/06/22/how-to-increase-your-impact-as-a-product-designer,monzo.com,/blog/2022/06/22/how-to-increase-your-impact-as-a-product-designer,blog,False,https://monzo.com/gb-sitemap.xml,2026-08-16T18:47:09.246728+00:00
https://monzo.com/blog/2022/06/23/our-mobile-release-process-an-illustrated-story,monzo.com,/blog/2022/06/23/our-mobile-release-process-an-illustrated-story,blog,False,https://monzo.com/gb-sitemap.xml,2026-08-16T18:47:09.246728+00:00
https://monzo.com/blog/2022/06/24/redefining-our-microservice-development-process,monzo.com,/blog/2022/06/24/redefining-our-microservice-development-process,blog,False,https://monzo.com/gb-sitemap.xml,2026-08-16T18:47:09.246728+00:00
https://monzo.com/blog/2022/06/30/were-launching-in-app-charity-donations,monzo.com,/blog/2022/06/30/were-launching-in-app-charity-donations,blog,False,https://monzo.com/gb-sitemap.xml,2026-08-16T18:47:09.246728+00:00
https://monzo.com/blog/2022/07/05/my-first-3-months-at-monzo-as-a-product-manager,monzo.com,/blog/2022/07/05/my-first-3-months-at-monzo-as-a-product-manager,blog,False,https://monzo.com/gb-sitemap.xml,2026-08-16T18:47:09.246728+00:00
https://monzo.com/blog/2022/07/06/researching-operations-at-monzo-building-a-product-our-customers-never-see,monzo.com,/blog/2022/07/06/researching-operations-at-monzo-building-a-product-our-customers-never-see,blog,False,https://monzo.com/gb-sitemap.xml,2026-08-16T18:47:09.246728+00:00
https://monzo.com/blog/2022/07/22/a-week-in-the-life-of-a-product-manager-at-monzo,monzo.com,/blog/2022/07/22/a-week-in-the-life-of-a-product-manager-at-monzo,blog,False,https://monzo.com/gb-sitemap.xml,2026-08-16T18:47:09.246728+00:00
https://monzo.com/blog/2022/07/26/switching-from-customer-service-representative-to-backend-engineer,monzo.com,/blog/2022/07/26/switching-from-customer-service-representative-to-backend-engineer,blog,False,https://monzo.com/gb-sitemap.xml,2026-08-16T18:47:09.246728+00:00
https://monzo.com/blog/2022/08/05/scaling-our-security-detection-pipeline-with-sigma,monzo.com,/blog/2022/08/05/scaling-our-security-detection-pipeline-with-sigma,blog,False,https://monzo.com/gb-sitemap.xml,2026-08-16T18:47:09.246728+00:00
https://monzo.com/blog/2022/09/29/migrating-our-monorepo-seamlessly-from-dep-to-go-modules,monzo.com,/blog/2022/09/29/migrating-our-monorepo-seamlessly-from-dep-to-go-modules,blog,False,https://monzo.com/gb-sitemap.xml,2026-08-16T18:47:09.246728+00:00
https://monzo.com/blog/2022/10/04/product-management-at-monzo-the-interview-process,monzo.com,/blog/2022/10/04/product-management-at-monzo-the-interview-process,blog,False,https://monzo.com/gb-sitemap.xml,2026-08-16T18:47:09.246728+00:00
https://monzo.com/blog/2022/10/13/becoming-a-product-marketing-manager-at-monzo,monzo.com,/blog/2022/10/13/becoming-a-product-marketing-manager-at-monzo,blog,False,https://monzo.com/gb-sitemap.xml,2026-08-16T18:47:09.246728+00:00
https://monzo.com/blog/2022/11/02/argo-rollouts-at-scale,monzo.com,/blog/2022/11/02/argo-rollouts-at-scale,blog,False,https://monzo.com/gb-sitemap.xml,2026-08-16T18:47:09.246728+00:00
https://monzo.com/blog/2022/11/04/how-we-design-magic-moments-at-monzo,monzo.com,/blog/2022/11/04/how-we-design-magic-moments-at-monzo,blog,False,https://monzo.com/gb-sitemap.xml,2026-08-16T18:47:09.246728+00:00
https://monzo.com/blog/2022/11/10/design-system-approach-to-research-guidelines,monzo.com,/blog/2022/11/10/design-system-approach-to-research-guidelines,blog,False,https://monzo.com/gb-sitemap.xml,2026-08-16T18:47:09.246728+00:00
https://monzo.com/blog/2022/11/16/how-insights-shaped-building-a-0-1-product-monzo-flex,monzo.com,/blog/2022/11/16/how-insights-shaped-building-a-0-1-product-monzo-flex,blog,False,https://monzo.com/gb-sitemap.xml,2026-08-16T18:47:09.246728+00:00
https://monzo.com/blog/2022/11/25/reducing-nat-gateway-cost-with-private-networking-between-aws-and-gcp,monzo.com,/blog/2022/11/25/reducing-nat-gateway-cost-with-private-networking-between-aws-and-gcp,blog,False,https://monzo.com/gb-sitemap.xml,2026-08-16T18:47:09.246728+00:00
https://monzo.com/blog/2022/11/28/our-borrowing-principles,monzo.com,/blog/2022/11/28/our-borrowing-principles,blog,False,https://monzo.com/gb-sitemap.xml,2026-08-16T18:47:09.246728+00:00
https://monzo.com/blog/2022/11/29/budgeting-for-things-that-bring-me-joy-helped-me-pay-off-debt-and-start,monzo.com,/blog/2022/11/29/budgeting-for-things-that-bring-me-joy-helped-me-pay-off-debt-and-start,blog,False,https://monzo.com/gb-sitemap.xml,2026-08-16T18:47:09.246728+00:00
https://monzo.com/blog/2022/12/05how-to-balance-spending-and-saving,monzo.com,/blog/2022/12/05how-to-balance-spending-and-saving,blog,False,https://monzo.com/gb-sitemap.xml,2026-08-16T18:47:09.246728+00:00
https://monzo.com/blog/2022/12/13/monzo-magic-hackathon,monzo.com,/blog/2022/12/13/monzo-magic-hackathon,blog,False,https://monzo.com/gb-sitemap.xml,2026-08-16T18:47:09.246728+00:00
https://monzo.com/blog/2022/12/15/building-an-extension-framework-for-dbt,monzo.com,/blog/2022/12/15/building-an-extension-framework-for-dbt,blog,False,https://monzo.com/gb-sitemap.xml,2026-08-16T18:47:09.246728+00:00
https://monzo.com/blog/2022/12/19/machine-learning-at-monzo-in-2022,monzo.com,/blog/2022/12/19/machine-learning-at-monzo-in-2022,blog,False,https://monzo.com/gb-sitemap.xml,2026-08-16T18:47:09.246728+00:00
https://monzo.com/blog/2022/12/28/whats-so-unique-about-design-and-research-at-monzo,monzo.com,/blog/2022/12/28/whats-so-unique-about-design-and-research-at-monzo,blog,False,https://monzo.com/gb-sitemap.xml,2026-08-16T18:47:09.246728+00:00
https://monzo.com/blog/2022-02-24/scaling-our-on-call-process,monzo.com,/blog/2022-02-24/scaling-our-on-call-process,blog,False,https://monzo.com/gb-sitemap.xml,2026-08-16T18:47:09.246728+00:00
https://monzo.com/blog/2022-diversity-and-inclusion-report,monzo.com,/blog/2022-diversity-and-inclusion-report,blog,False,https://monzo.com/gb-sitemap.xml,2026-08-16T18:47:09.246728+00:00
https://monzo.com/blog/2023/01/18/olakunles-story,monzo.com,/blog/2023/01/18/olakunles-story,blog,False,https://monzo.com/gb-sitemap.xml,2026-08-16T18:47:09.246728+00:00
https://monzo.com/blog/2023/01/25/rickys-story,monzo.com,/blog/2023/01/25/rickys-story,blog,False,https://monzo.com/gb-sitemap.xml,2026-08-16T18:47:09.246728+00:00
https://monzo.com/blog/2023/01/26/preparing-for-spikes-in-traffic-as-millions-get-paid-early,monzo.com,/blog/2023/01/26/preparing-for-spikes-in-traffic-as-millions-get-paid-early,blog,False,https://monzo.com/gb-sitemap.xml,2026-08-16T18:47:09.246728+00:00
https://monzo.com/blog/2023/01/31/an-update-on-our-gender-pay-gap-jan-2023,monzo.com,/blog/2023/01/31/an-update-on-our-gender-pay-gap-jan-2023,blog,False,https://monzo.com/gb-sitemap.xml,2026-08-16T18:47:09.246728+00:00
https://monzo.com/blog/2023/01/31/lukes-story,monzo.com,/blog/2023/01/31/lukes-story,blog,False,https://monzo.com/gb-sitemap.xml,2026-08-16T18:47:09.246728+00:00
https://monzo.com/blog/2023/02/02/catherines-story,monzo.com,/blog/2023/02/02/catherines-story,blog,False,https://monzo.com/gb-sitemap.xml,2026-08-16T18:47:09.246728+00:00
https://monzo.com/blog/2023/02/15/managing-money-while-single,monzo.com,/blog/2023/02/15/managing-money-while-single,blog,False,https://monzo.com/gb-sitemap.xml,2026-08-16T18:47:09.246728+00:00
https://monzo.com/blog/2023/02/15/using-topic-modelling-to-understand-customer-saving-goals,monzo.com,/blog/2023/02/15/using-topic-modelling-to-understand-customer-saving-goals,blog,False,https://monzo.com/gb-sitemap.xml,2026-08-16T18:47:09.246728+00:00
https://monzo.com/learn/money-tomorrow/save-gbp667-95-a-year-with-the-1p-saving-challenge,monzo.com,/learn/money-tomorrow/save-gbp667-95-a-year-with-the-1p-saving-challenge,other,False,https://monzo.com/gb-sitemap.xml,2026-08-16T18:47:09.246728+00:00
https://monzo.com/blog/2023/02/21/build-confidence-managing-money,monzo.com,/blog/2023/02/21/build-confidence-managing-money,blog,False,https://monzo.com/gb-sitemap.xml,2026-08-16T18:47:09.246728+00:00
https://monzo.com/blog/2023/02/22/becoming-direct-participants-of-bacs,monzo.com,/blog/2023/02/22/becoming-direct-participants-of-bacs,blog,False,https://monzo.com/gb-sitemap.xml,2026-08-16T18:47:09.246728+00:00
https://monzo.com/blog/2023/02/23/manage-your-money-minimal-effort,monzo.com,/blog/2023/02/23/manage-your-money-minimal-effort,blog,False,https://monzo.com/gb-sitemap.xml,2026-08-16T18:47:09.246728+00:00
https://monzo.com/blog/2023/03/07/how-to-create-a-sinking-fund,monzo.com,/blog/2023/03/07/how-to-create-a-sinking-fund,blog,False,https://monzo.com/gb-sitemap.xml,2026-08-16T18:47:09.246728+00:00
https://monzo.com/blog/2023/03/09/sinking-fund-future-you-pots,monzo.com,/blog/2023/03/09/sinking-fund-future-you-pots,blog,False,https://monzo.com/gb-sitemap.xml,2026-08-16T18:47:09.246728+00:00
https://monzo.com/blog/2023/03/17/deinfluencing-mindful-shopping-tips,monzo.com,/blog/2023/03/17/deinfluencing-mindful-shopping-tips,blog,False,https://monzo.com/gb-sitemap.xml,2026-08-16T18:47:09.246728+00:00
https://monzo.com/blog/2023/03/20/what-do-app-screens-and-pedestrian-crossings-have-in-common,monzo.com,/blog/2023/03/20/what-do-app-screens-and-pedestrian-crossings-have-in-common,blog,False,https://monzo.com/gb-sitemap.xml,2026-08-16T18:47:09.246728+00:00
https://monzo.com/blog/2023/03/23/no-spend-year-challenge,monzo.com,/blog/2023/03/23/no-spend-year-challenge,blog,False,https://monzo.com/gb-sitemap.xml,2026-08-16T18:47:09.246728+00:00
https://monzo.com/blog/2023/03/24/how-to-do-a-no-spend-challenge,monzo.com,/blog/2023/03/24/how-to-do-a-no-spend-challenge,blog,False,https://monzo.com/gb-sitemap.xml,2026-08-16T18:47:09.246728+00:00
https://monzo.com/blog/2023/03/28/what-we-learned-from-43-experiments-in-12-months,monzo.com,/blog/2023/03/28/what-we-learned-from-43-experiments-in-12-months,blog,False,https://monzo.com/gb-sitemap.xml,2026-08-16T18:47:09.246728+00:00
https://monzo.com/blog/2023/03/29/were-helping-you-build-a-safety-net,monzo.com,/blog/2023/03/29/were-helping-you-build-a-safety-net,blog,False,https://monzo.com/gb-sitemap.xml,2026-08-16T18:47:09.246728+00:00
https://monzo.com/blog/2023/04/13/business-instant-access-savings-are-here,monzo.com,/blog/2023/04/13/business-instant-access-savings-are-here,blog,False,https://monzo.com/gb-sitemap.xml,2026-08-16T18:47:09.246728+00:00
https://monzo.com/blog/2023/04/28/payday-tips-while-treating-yourself,monzo.com,/blog/2023/04/28/payday-tips-while-treating-yourself,blog,False,https://monzo.com/gb-sitemap.xml,2026-08-16T18:47:09.246728+00:00
https://monzo.com/blog/2023/04/28/speeding-up-our-balance-read-time-the-planning-phase,monzo.com,/blog/2023/04/28/speeding-up-our-balance-read-time-the-planning-phase,blog,False,https://monzo.com/gb-sitemap.xml,2026-08-16T18:47:09.246728+00:00
https://monzo.com/blog/2023/05/04/how-we-manage-technology-risk-at-monzo,monzo.com,/blog/2023/05/04/how-we-manage-technology-risk-at-monzo,blog,False,https://monzo.com/gb-sitemap.xml,2026-08-16T18:47:09.246728+00:00
https://monzo.com/blog/2023/05/04/i-only-got-monzo-for-holidays-now-i-use-it-for-everything-and-have-saved,monzo.com,/blog/2023/05/04/i-only-got-monzo-for-holidays-now-i-use-it-for-everything-and-have-saved,blog,False,https://monzo.com/gb-sitemap.xml,2026-08-16T18:47:09.246728+00:00
https://monzo.com/blog/2023/05/18/sensitivity-analysis,monzo.com,/blog/2023/05/18/sensitivity-analysis,blog,False,https://monzo.com/gb-sitemap.xml,2026-08-16T18:47:09.246728+00:00
https://monzo.com/blog/2023/06/01/finding-your-fit-in-a-new-product-team,monzo.com,/blog/2023/06/01/finding-your-fit-in-a-new-product-team,blog,False,https://monzo.com/gb-sitemap.xml,2026-08-16T18:47:09.246728+00:00
https://monzo.com/blog/2023/07/10/how-we-do-product-management-in-the-financial-difficulties-space,monzo.com,/blog/2023/07/10/how-we-do-product-management-in-the-financial-difficulties-space,blog,False,https://monzo.com/gb-sitemap.xml,2026-08-16T18:47:09.246728+00:00
https://monzo.com/blog/2023/07/18/five-lessons-from-my-first-year-at-monzo,monzo.com,/blog/2023/07/18/five-lessons-from-my-first-year-at-monzo,blog,False,https://monzo.com/gb-sitemap.xml,2026-08-16T18:47:09.246728+00:00
https://monzo.com/blog/2023/08/01/see-into-the-future-of-monzo,monzo.com,/blog/2023/08/01/see-into-the-future-of-monzo,blog,False,https://monzo.com/gb-sitemap.xml,2026-08-16T18:47:09.246728+00:00
https://monzo.com/blog/2023/08/03/how-we-launch-new-products-at-monzo,monzo.com,/blog/2023/08/03/how-we-launch-new-products-at-monzo,blog,False,https://monzo.com/gb-sitemap.xml,2026-08-16T18:47:09.246728+00:00
https://monzo.com/blog/2023/08/10/my-path-from-intern-to-staff-engineer-at-monzo,monzo.com,/blog/2023/08/10/my-path-from-intern-to-staff-engineer-at-monzo,blog,False,https://monzo.com/gb-sitemap.xml,2026-08-16T18:47:09.246728+00:00
https://monzo.com/blog/2023/08/23/tech-leading-as-a-mobile-engineer-at-monzo,monzo.com,/blog/2023/08/23/tech-leading-as-a-mobile-engineer-at-monzo,blog,False,https://monzo.com/gb-sitemap.xml,2026-08-16T18:47:09.246728+00:00
https://monzo.com/blog/2023/09/06/making-it-clear-when-were-on-a-call-with-you,monzo.com,/blog/2023/09/06/making-it-clear-when-were-on-a-call-with-you,blog,False,https://monzo.com/gb-sitemap.xml,2026-08-16T18:47:09.246728+00:00
https://monzo.com/blog/2023/09/12/4-things-to-know-when-investing,monzo.com,/blog/2023/09/12/4-things-to-know-when-investing,blog,False,https://monzo.com/gb-sitemap.xml,2026-08-16T18:47:09.246728+00:00
https://monzo.com/blog/2023/09/12/6-common-investing-myths-and-the-truths,monzo.com,/blog/2023/09/12/6-common-investing-myths-and-the-truths,blog,False,https://monzo.com/gb-sitemap.xml,2026-08-16T18:47:09.246728+00:00
https://monzo.com/blog/2023/09/12/how-do-i-know-if-investing-is-for-me,monzo.com,/blog/2023/09/12/how-do-i-know-if-investing-is-for-me,blog,False,https://monzo.com/gb-sitemap.xml,2026-08-16T18:47:09.246728+00:00
https://monzo.com/blog/2023/09/12/staying-calm-when-your-investment-value-dips,monzo.com,/blog/2023/09/12/staying-calm-when-your-investment-value-dips,blog,False,https://monzo.com/gb-sitemap.xml,2026-08-16T18:47:09.246728+00:00
https://monzo.com/blog/2023/09/12/the-skadnetwork-puzzle-using-data-to-solve-for-effective-performance,monzo.com,/blog/2023/09/12/the-skadnetwork-puzzle-using-data-to-solve-for-effective-performance,blog,False,https://monzo.com/gb-sitemap.xml,2026-08-16T18:47:09.246728+00:00
https://monzo.com/blog/2023/10/03/how-to-start-talking-about-money-overspending,monzo.com,/blog/2023/10/03/how-to-start-talking-about-money-overspending,blog,False,https://monzo.com/gb-sitemap.xml,2026-08-16T18:47:09.246728+00:00
https://monzo.com/blog/2023/10/12/protecting-our-platform-from-spikes-in-usage-by-reducing-load-from-the-monzo,monzo.com,/blog/2023/10/12/protecting-our-platform-from-spikes-in-usage-by-reducing-load-from-the-monzo,blog,False,https://monzo.com/gb-sitemap.xml,2026-08-16T18:47:09.246728+00:00
https://monzo.com/blog/2023/11/24/a-day-in-the-life-of-a-technical-programme-manager-at-monzo,monzo.com,/blog/2023/11/24/a-day-in-the-life-of-a-technical-programme-manager-at-monzo,blog,False,https://monzo.com/gb-sitemap.xml,2026-08-16T18:47:09.246728+00:00
https://monzo.com/blog/2023/12/14/securing-admin-access-to-monzos-platform,monzo.com,/blog/2023/12/14/securing-admin-access-to-monzos-platform,blog,False,https://monzo.com/gb-sitemap.xml,2026-08-16T18:47:09.246728+00:00
https://monzo.com/blog/29-ways-save-money-household-bills,monzo.com,/blog/29-ways-save-money-household-bills,blog,False,https://monzo.com/gb-sitemap.xml,2026-08-16T18:47:09.246728+00:00
https://monzo.com/blog/3-practical-tips-to-reduce-daily-anxiety,monzo.com,/blog/3-practical-tips-to-reduce-daily-anxiety,blog,False,https://monzo.com/gb-sitemap.xml,2026-08-16T18:47:09.246728+00:00
https://monzo.com/blog/52-week-savings-challenge,monzo.com,/blog/52-week-savings-challenge,blog,False,https://monzo.com/gb-sitemap.xml,2026-08-16T18:47:09.246728+00:00
https://monzo.com/blog/52-week-savings-challenge-2021,monzo.com,/blog/52-week-savings-challenge-2021,blog,False,https://monzo.com/gb-sitemap.xml,2026-08-16T18:47:09.246728+00:00
https://monzo.com/blog/5-practical-tips-for-feeling-less-lonely-in-lockdown,monzo.com,/blog/5-practical-tips-for-feeling-less-lonely-in-lockdown,blog,False,https://monzo.com/gb-sitemap.xml,2026-08-16T18:47:09.246728+00:00
https://monzo.com/blog/8-things-we-learnt-at-the-futureofmonzo,monzo.com,/blog/8-things-we-learnt-at-the-futureofmonzo,blog,False,https://monzo.com/gb-sitemap.xml,2026-08-16T18:47:09.246728+00:00
https://monzo.com/blog/8-ways-monzo-plus-can-power-up-your-budgeting-and-supercharge-your-savings,monzo.com,/blog/8-ways-monzo-plus-can-power-up-your-budgeting-and-supercharge-your-savings,blog,False,https://monzo.com/gb-sitemap.xml,2026-08-16T18:47:09.246728+00:00
https://monzo.com/blog/access-universal-credit,monzo.com,/blog/access-universal-credit,blog,False,https://monzo.com/gb-sitemap.xml,2026-08-16T18:47:09.246728+00:00
https://monzo.com/blog/adhd-women-managing-money-dopamine-friendly,monzo.com,/blog/adhd-women-managing-money-dopamine-friendly,blog,False,https://monzo.com/gb-sitemap.xml,2026-08-16T18:47:09.246728+00:00
https://monzo.com/blog/adhd-women-money-impulse-spending,monzo.com,/blog/adhd-women-money-impulse-spending,blog,False,https://monzo.com/gb-sitemap.xml,2026-08-16T18:47:09.246728+00:00
https://monzo.com/blog/advanced-tools-for-joint-accounts,monzo.com,/blog/advanced-tools-for-joint-accounts,blog,False,https://monzo.com/gb-sitemap.xml,2026-08-16T18:47:09.246728+00:00
https://monzo.com/blog/an-engineering-managers-guide-to-the-one-to-one,monzo.com,/blog/an-engineering-managers-guide-to-the-one-to-one,blog,False,https://monzo.com/gb-sitemap.xml,2026-08-16T18:47:09.246728+00:00
https://monzo.com/blog/an-update-on-our-gender-pay-gap-2023,monzo.com,/blog/an-update-on-our-gender-pay-gap-2023,blog,False,https://monzo.com/gb-sitemap.xml,2026-08-16T18:47:09.246728+00:00
https://monzo.com/blog/an-update-on-our-gender-pay-gap-2024,monzo.com,/blog/an-update-on-our-gender-pay-gap-2024,blog,False,https://monzo.com/gb-sitemap.xml,2026-08-16T18:47:09.246728+00:00
https://monzo.com/blog/an-update-on-the-women-in-finance-charter-2020,monzo.com,/blog/an-update-on-the-women-in-finance-charter-2020,blog,False,https://monzo.com/gb-sitemap.xml,2026-08-16T18:47:09.246728+00:00
https://monzo.com/blog/are-you-an-ally-or-an-advocate-for-lgbtq-inclusion,monzo.com,/blog/are-you-an-ally-or-an-advocate-for-lgbtq-inclusion,blog,False,https://monzo.com/gb-sitemap.xml,2026-08-16T18:47:09.246728+00:00
https://monzo.com/blog/author,monzo.com,/blog/author,blog,False,https://monzo.com/gb-sitemap.xml,2026-08-16T18:47:09.246728+00:00
https://monzo.com/blog/author/aaron-holland,monzo.com,/blog/author/aaron-holland,blog,False,https://monzo.com/gb-sitemap.xml,2026-08-16T18:47:09.246728+00:00
https://monzo.com/blog/author/adam-little,monzo.com,/blog/author/adam-little,blog,False,https://monzo.com/gb-sitemap.xml,2026-08-16T18:47:09.246728+00:00
https://monzo.com/blog/author/albert-cabre-juan,monzo.com,/blog/author/albert-cabre-juan,blog,False,https://monzo.com/gb-sitemap.xml,2026-08-16T18:47:09.246728+00:00
https://monzo.com/blog/author/alex-manthei,monzo.com,/blog/author/alex-manthei,blog,False,https://monzo.com/gb-sitemap.xml,2026-08-16T18:47:09.246728+00:00
https://monzo.com/blog/author/almo-mitchell,monzo.com,/blog/author/almo-mitchell,blog,False,https://monzo.com/gb-sitemap.xml,2026-08-16T18:47:09.246728+00:00
https://monzo.com/blog/author/amy-grieveson,monzo.com,/blog/author/amy-grieveson,blog,False,https://monzo.com/gb-sitemap.xml,2026-08-16T18:47:09.246728+00:00
https://monzo.com/blog/author/anastasios-morfopoulos,monzo.com,/blog/author/anastasios-morfopoulos,blog,False,https://monzo.com/gb-sitemap.xml,2026-08-16T18:47:09.246728+00:00
https://monzo.com/blog/author/andrew-lawson,monzo.com,/blog/author/andrew-lawson,blog,False,https://monzo.com/gb-sitemap.xml,2026-08-16T18:47:09.246728+00:00
https://monzo.com/blog/author/andy-smart,monzo.com,/blog/author/andy-smart,blog,False,https://monzo.com/gb-sitemap.xml,2026-08-16T18:47:09.246728+00:00
https://monzo.com/blog/author/angus-preston,monzo.com,/blog/author/angus-preston,blog,False,https://monzo.com/gb-sitemap.xml,2026-08-16T18:47:09.246728+00:00
https://monzo.com/blog/author/ankit-kumar,monzo.com,/blog/author/ankit-kumar,blog,False,https://monzo.com/gb-sitemap.xml,2026-08-16T18:47:09.246728+00:00
https://monzo.com/blog/author/anna-bradwell,monzo.com,/blog/author/anna-bradwell,blog,False,https://monzo.com/gb-sitemap.xml,2026-08-16T18:47:09.246728+00:00
https://monzo.com/blog/author/anna-selway,monzo.com,/blog/author/anna-selway,blog,False,https://monzo.com/gb-sitemap.xml,2026-08-16T18:47:09.246728+00:00
https://monzo.com/blog/author/anthea-jackson,monzo.com,/blog/author/anthea-jackson,blog,False,https://monzo.com/gb-sitemap.xml,2026-08-16T18:47:09.246728+00:00
https://monzo.com/blog/author/antonio-angrisani,monzo.com,/blog/author/antonio-angrisani,blog,False,https://monzo.com/gb-sitemap.xml,2026-08-16T18:47:09.246728+00:00
https://monzo.com/blog/author/aongola-victor-simuyemba,monzo.com,/blog/author/aongola-victor-simuyemba,blog,False,https://monzo.com/gb-sitemap.xml,2026-08-16T18:47:09.246728+00:00
https://monzo.com/blog/author/arthur-ceccotti,monzo.com,/blog/author/arthur-ceccotti,blog,False,https://monzo.com/gb-sitemap.xml,2026-08-16T18:47:09.246728+00:00
https://monzo.com/blog/author/awn-umar,monzo.com,/blog/author/awn-umar,blog,False,https://monzo.com/gb-sitemap.xml,2026-08-16T18:47:09.246728+00:00
https://monzo.com/blog/author/bailey-kursar,monzo.com,/blog/author/bailey-kursar,blog,False,https://monzo.com/gb-sitemap.xml,2026-08-16T18:47:09.246728+00:00
https://monzo.com/blog/author/basma-taha,monzo.com,/blog/author/basma-taha,blog,False,https://monzo.com/gb-sitemap.xml,2026-08-16T18:47:09.246728+00:00
https://monzo.com/blog/author/beatrice-borbon,monzo.com,/blog/author/beatrice-borbon,blog,False,https://monzo.com/gb-sitemap.xml,2026-08-16T18:47:09.246728+00:00
https://monzo.com/blog/author/beatrice-borbon/page/2,monzo.com,/blog/author/beatrice-borbon/page/2,blog,False,https://monzo.com/gb-sitemap.xml,2026-08-16T18:47:09.246728+00:00
https://monzo.com/blog/author/beatrice-borbon/page/3,monzo.com,/blog/author/beatrice-borbon/page/3,blog,False,https://monzo.com/gb-sitemap.xml,2026-08-16T18:47:09.246728+00:00
https://monzo.com/blog/author/beatrice-borbon/page/4,monzo.com,/blog/author/beatrice-borbon/page/4,blog,False,https://monzo.com/gb-sitemap.xml,2026-08-16T18:47:09.246728+00:00
https://monzo.com/blog/author/beatrice-borbon/page/5,monzo.com,/blog/author/beatrice-borbon/page/5,blog,False,https://monzo.com/gb-sitemap.xml,2026-08-16T18:47:09.246728+00:00
https://monzo.com/blog/author/beatrice-borbon/page/6,monzo.com,/blog/author/beatrice-borbon/page/6,blog,False,https://monzo.com/gb-sitemap.xml,2026-08-16T18:47:09.246728+00:00
https://monzo.com/blog/author/beatrice-borbon/page/7,monzo.com,/blog/author/beatrice-borbon/page/7,blog,False,https://monzo.com/gb-sitemap.xml,2026-08-16T18:47:09.246728+00:00
https://monzo.com/blog/author/beatrice-borbon/page/8,monzo.com,/blog/author/beatrice-borbon/page/8,blog,False,https://monzo.com/gb-sitemap.xml,2026-08-16T18:47:09.246728+00:00
https://monzo.com/blog/author/bee-skerritt,monzo.com,/blog/author/bee-skerritt,blog,False,https://monzo.com/gb-sitemap.xml,2026-08-16T18:47:09.246728+00:00
https://monzo.com/blog/author/ben-lawrence,monzo.com,/blog/author/ben-lawrence,blog,False,https://monzo.com/gb-sitemap.xml,2026-08-16T18:47:09.246728+00:00
https://monzo.com/blog/author/ben-molyneaux,monzo.com,/blog/author/ben-molyneaux,blog,False,https://monzo.com/gb-sitemap.xml,2026-08-16T18:47:09.246728+00:00
https://monzo.com/blog/author/ben-strak,monzo.com,/blog/author/ben-strak,blog,False,https://monzo.com/gb-sitemap.xml,2026-08-16T18:47:09.246728+00:00
https://monzo.com/blog/author/beth-brittingham,monzo.com,/blog/author/beth-brittingham,blog,False,https://monzo.com/gb-sitemap.xml,2026-08-16T18:47:09.246728+00:00
https://monzo.com/blog/author/beth-toms,monzo.com,/blog/author/beth-toms,blog,False,https://monzo.com/gb-sitemap.xml,2026-08-16T18:47:09.246728+00:00
https://monzo.com/blog/author/bianca-trif,monzo.com,/blog/author/bianca-trif,blog,False,https://monzo.com/gb-sitemap.xml,2026-08-16T18:47:09.246728+00:00
https://monzo.com/blog/author/boris-kach,monzo.com,/blog/author/boris-kach,blog,False,https://monzo.com/gb-sitemap.xml,2026-08-16T18:47:09.246728+00:00
https://monzo.com/blog/author/borja-vazquez,monzo.com,/blog/author/borja-vazquez,blog,False,https://monzo.com/gb-sitemap.xml,2026-08-16T18:47:09.246728+00:00
https://monzo.com/blog/author/brad-corrigan,monzo.com,/blog/author/brad-corrigan,blog,False,https://monzo.com/gb-sitemap.xml,2026-08-16T18:47:09.246728+00:00
https://monzo.com/blog/author/bradley-campbell,monzo.com,/blog/author/bradley-campbell,blog,False,https://monzo.com/gb-sitemap.xml,2026-08-16T18:47:09.246728+00:00
https://monzo.com/blog/author/bradley-kemp,monzo.com,/blog/author/bradley-kemp,blog,False,https://monzo.com/gb-sitemap.xml,2026-08-16T18:47:09.246728+00:00
https://monzo.com/blog/author/bruno-vaz-moco,monzo.com,/blog/author/bruno-vaz-moco,blog,False,https://monzo.com/gb-sitemap.xml,2026-08-16T18:47:09.246728+00:00
https://monzo.com/blog/author/buki-sule,monzo.com,/blog/author/buki-sule,blog,False,https://monzo.com/gb-sitemap.xml,2026-08-16T18:47:09.246728+00:00
https://monzo.com/blog/author/candice-hardman,monzo.com,/blog/author/candice-hardman,blog,False,https://monzo.com/gb-sitemap.xml,2026-08-16T18:47:09.246728+00:00
https://monzo.com/blog/author/carla-arevalo,monzo.com,/blog/author/carla-arevalo,blog,False,https://monzo.com/gb-sitemap.xml,2026-08-16T18:47:09.246728+00:00
https://monzo.com/blog/author/carl-worricker,monzo.com,/blog/author/carl-worricker,blog,False,https://monzo.com/gb-sitemap.xml,2026-08-16T18:47:09.246728+00:00
https://monzo.com/blog/author/chiamaka-oke,monzo.com,/blog/author/chiamaka-oke,blog,False,https://monzo.com/gb-sitemap.xml,2026-08-16T18:47:09.246728+00:00
https://monzo.com/blog/author/chongyang-shi,monzo.com,/blog/author/chongyang-shi,blog,False,https://monzo.com/gb-sitemap.xml,2026-08-16T18:47:09.246728+00:00
https://monzo.com/blog/author/chris-bond,monzo.com,/blog/author/chris-bond,blog,False,https://monzo.com/gb-sitemap.xml,2026-08-16T18:47:09.246728+00:00
https://monzo.com/blog/author/chris-doughty,monzo.com,/blog/author/chris-doughty,blog,False,https://monzo.com/gb-sitemap.xml,2026-08-16T18:47:09.246728+00:00
https://monzo.com/blog/author/chris-evans,monzo.com,/blog/author/chris-evans,blog,False,https://monzo.com/gb-sitemap.xml,2026-08-16T18:47:09.246728+00:00
https://monzo.com/blog/author/chris-maclean,monzo.com,/blog/author/chris-maclean,blog,False,https://monzo.com/gb-sitemap.xml,2026-08-16T18:47:09.246728+00:00
https://monzo.com/blog/author/chris-matthews,monzo.com,/blog/author/chris-matthews,blog,False,https://monzo.com/gb-sitemap.xml,2026-08-16T18:47:09.246728+00:00
https://monzo.com/blog/author/chris-wood,monzo.com,/blog/author/chris-wood,blog,False,https://monzo.com/gb-sitemap.xml,2026-08-16T18:47:09.246728+00:00
https://monzo.com/blog/author/constantijn-schepens,monzo.com,/blog/author/constantijn-schepens,blog,False,https://monzo.com/gb-sitemap.xml,2026-08-16T18:47:09.246728+00:00
https://monzo.com/blog/author/craig-ferguson,monzo.com,/blog/author/craig-ferguson,blog,False,https://monzo.com/gb-sitemap.xml,2026-08-16T18:47:09.246728+00:00
https://monzo.com/blog/author/daniel-cannon,monzo.com,/blog/author/daniel-cannon,blog,False,https://monzo.com/gb-sitemap.xml,2026-08-16T18:47:09.246728+00:00
https://monzo.com/blog/author/daniel-chatfield,monzo.com,/blog/author/daniel-chatfield,blog,False,https://monzo.com/gb-sitemap.xml,2026-08-16T18:47:09.246728+00:00
https://monzo.com/blog/author/dani-garcia,monzo.com,/blog/author/dani-garcia,blog,False,https://monzo.com/gb-sitemap.xml,2026-08-16T18:47:09.246728+00:00
https://monzo.com/blog/author/dani-shipp,monzo.com,/blog/author/dani-shipp,blog,False,https://monzo.com/gb-sitemap.xml,2026-08-16T18:47:09.246728+00:00
https://monzo.com/blog/author/david-brandon,monzo.com,/blog/author/david-brandon,blog,False,https://monzo.com/gb-sitemap.xml,2026-08-16T18:47:09.246728+00:00
https://monzo.com/blog/author/david-goddard,monzo.com,/blog/author/david-goddard,blog,False,https://monzo.com/gb-sitemap.xml,2026-08-16T18:47:09.246728+00:00
https://monzo.com/blog/author/david-robertson,monzo.com,/blog/author/david-robertson,blog,False,https://monzo.com/gb-sitemap.xml,2026-08-16T18:47:09.246728+00:00
https://monzo.com/blog/author/dean-nash,monzo.com,/blog/author/dean-nash,blog,False,https://monzo.com/gb-sitemap.xml,2026-08-16T18:47:09.246728+00:00
https://monzo.com/blog/author/denise-wong,monzo.com,/blog/author/denise-wong,blog,False,https://monzo.com/gb-sitemap.xml,2026-08-16T18:47:09.246728+00:00
https://monzo.com/blog/author/dillon-van-auken,monzo.com,/blog/author/dillon-van-auken,blog,False,https://monzo.com/gb-sitemap.xml,2026-08-16T18:47:09.246728+00:00
https://monzo.com/blog/author/dimitri-masin,monzo.com,/blog/author/dimitri-masin,blog,False,https://monzo.com/gb-sitemap.xml,2026-08-16T18:47:09.246728+00:00
https://monzo.com/blog/author/dom-gambetta,monzo.com,/blog/author/dom-gambetta,blog,False,https://monzo.com/gb-sitemap.xml,2026-08-16T18:47:09.246728+00:00
https://monzo.com/blog/author/dom-goodwin,monzo.com,/blog/author/dom-goodwin,blog,False,https://monzo.com/gb-sitemap.xml,2026-08-16T18:47:09.246728+00:00
https://monzo.com/blog/author/dovydas-bartkevicius,monzo.com,/blog/author/dovydas-bartkevicius,blog,False,https://monzo.com/gb-sitemap.xml,2026-08-16T18:47:09.246728+00:00
https://monzo.com/blog/author/duncan-roberts,monzo.com,/blog/author/duncan-roberts,blog,False,https://monzo.com/gb-sitemap.xml,2026-08-16T18:47:09.246728+00:00
https://monzo.com/blog/author/ed-stuart-bourne,monzo.com,/blog/author/ed-stuart-bourne,blog,False,https://monzo.com/gb-sitemap.xml,2026-08-16T18:47:09.246728+00:00
https://monzo.com/blog/author/eleni-pavlovic,monzo.com,/blog/author/eleni-pavlovic,blog,False,https://monzo.com/gb-sitemap.xml,2026-08-16T18:47:09.246728+00:00
https://monzo.com/blog/author/elizabeth-blakelock,monzo.com,/blog/author/elizabeth-blakelock,blog,False,https://monzo.com/gb-sitemap.xml,2026-08-16T18:47:09.246728+00:00
https://monzo.com/blog/author/elizabeth-hibbert,monzo.com,/blog/author/elizabeth-hibbert,blog,False,https://monzo.com/gb-sitemap.xml,2026-08-16T18:47:09.246728+00:00
https://monzo.com/blog/author/ella-johanny,monzo.com,/blog/author/ella-johanny,blog,False,https://monzo.com/gb-sitemap.xml,2026-08-16T18:47:09.246728+00:00
https://monzo.com/blog/author/ella-moody,monzo.com,/blog/author/ella-moody,blog,False,https://monzo.com/gb-sitemap.xml,2026-08-16T18:47:09.246728+00:00
https://monzo.com/blog/author/emily-barrett,monzo.com,/blog/author/emily-barrett,blog,False,https://monzo.com/gb-sitemap.xml,2026-08-16T18:47:09.246728+00:00
https://monzo.com/blog/author/emma-espinosa,monzo.com,/blog/author/emma-espinosa,blog,False,https://monzo.com/gb-sitemap.xml,2026-08-16T18:47:09.246728+00:00
https://monzo.com/blog/author/emma-garland,monzo.com,/blog/author/emma-garland,blog,False,https://monzo.com/gb-sitemap.xml,2026-08-16T18:47:09.246728+00:00
https://monzo.com/blog/author/emma-vanbrabant,monzo.com,/blog/author/emma-vanbrabant,blog,False,https://monzo.com/gb-sitemap.xml,2026-08-16T18:47:09.246728+00:00
https://monzo.com/blog/author/erenma-chime,monzo.com,/blog/author/erenma-chime,blog,False,https://monzo.com/gb-sitemap.xml,2026-08-16T18:47:09.246728+00:00
https://monzo.com/blog/author/fernando-fanton,monzo.com,/blog/author/fernando-fanton,blog,False,https://monzo.com/gb-sitemap.xml,2026-08-16T18:47:09.246728+00:00
https://monzo.com/blog/author/filipe-varela,monzo.com,/blog/author/filipe-varela,blog,False,https://monzo.com/gb-sitemap.xml,2026-08-16T18:47:09.246728+00:00
https://monzo.com/blog/author/francine-kayombo,monzo.com,/blog/author/francine-kayombo,blog,False,https://monzo.com/gb-sitemap.xml,2026-08-16T18:47:09.246728+00:00
https://monzo.com/blog/author/gamcare,monzo.com,/blog/author/gamcare,blog,False,https://monzo.com/gb-sitemap.xml,2026-08-16T18:47:09.246728+00:00
https://monzo.com/blog/author/georgia-johnson,monzo.com,/blog/author/georgia-johnson,blog,False,https://monzo.com/gb-sitemap.xml,2026-08-16T18:47:09.246728+00:00
https://monzo.com/blog/author/giselle-lohuis,monzo.com,/blog/author/giselle-lohuis,blog,False,https://monzo.com/gb-sitemap.xml,2026-08-16T18:47:09.246728+00:00
https://monzo.com/blog/author/grace-paul,monzo.com,/blog/author/grace-paul,blog,False,https://monzo.com/gb-sitemap.xml,2026-08-16T18:47:09.246728+00:00
https://monzo.com/blog/author/grace-simms,monzo.com,/blog/author/grace-simms,blog,False,https://monzo.com/gb-sitemap.xml,2026-08-16T18:47:09.246728+00:00
https://monzo.com/blog/author/harriet-jackson,monzo.com,/blog/author/harriet-jackson,blog,False,https://monzo.com/gb-sitemap.xml,2026-08-16T18:47:09.246728+00:00
https://monzo.com/blog/author/harry-ashbridge,monzo.com,/blog/author/harry-ashbridge,blog,False,https://monzo.com/gb-sitemap.xml,2026-08-16T18:47:09.246728+00:00
https://monzo.com/blog/author/harry-boyd,monzo.com,/blog/author/harry-boyd,blog,False,https://monzo.com/gb-sitemap.xml,2026-08-16T18:47:09.246728+00:00
https://monzo.com/blog/author/hayley-camille-morgan,monzo.com,/blog/author/hayley-camille-morgan,blog,False,https://monzo.com/gb-sitemap.xml,2026-08-16T18:47:09.246728+00:00
https://monzo.com/blog/author/heldiney-pereira,monzo.com,/blog/author/heldiney-pereira,blog,False,https://monzo.com/gb-sitemap.xml,2026-08-16T18:47:09.246728+00:00
https://monzo.com/blog/author/hernan-dieguez,monzo.com,/blog/author/hernan-dieguez,blog,False,https://monzo.com/gb-sitemap.xml,2026-08-16T18:47:09.246728+00:00
https://monzo.com/blog/author/hollie-mansfield,monzo.com,/blog/author/hollie-mansfield,blog,False,https://monzo.com/gb-sitemap.xml,2026-08-16T18:47:09.246728+00:00
https://monzo.com/blog/author/hugo-cornejo,monzo.com,/blog/author/hugo-cornejo,blog,False,https://monzo.com/gb-sitemap.xml,2026-08-16T18:47:09.246728+00:00
https://monzo.com/blog/author/indi-pollard,monzo.com,/blog/author/indi-pollard,blog,False,https://monzo.com/gb-sitemap.xml,2026-08-16T18:47:09.246728+00:00
https://monzo.com/blog/author/isis-bassaragh,monzo.com,/blog/author/isis-bassaragh,blog,False,https://monzo.com/gb-sitemap.xml,2026-08-16T18:47:09.246728+00:00
https://monzo.com/blog/author/izak-nel,monzo.com,/blog/author/izak-nel,blog,False,https://monzo.com/gb-sitemap.xml,2026-08-16T18:47:09.246728+00:00
https://monzo.com/blog/author/jack-cully,monzo.com,/blog/author/jack-cully,blog,False,https://monzo.com/gb-sitemap.xml,2026-08-16T18:47:09.246728+00:00
https://monzo.com/blog/author/jack-kleeman,monzo.com,/blog/author/jack-kleeman,blog,False,https://monzo.com/gb-sitemap.xml,2026-08-16T18:47:09.246728+00:00
https://monzo.com/blog/author/jacob,monzo.com,/blog/author/jacob,blog,False,https://monzo.com/gb-sitemap.xml,2026-08-16T18:47:09.246728+00:00
https://monzo.com/blog/author/jacq-bridge,monzo.com,/blog/author/jacq-bridge,blog,False,https://monzo.com/gb-sitemap.xml,2026-08-16T18:47:09.246728+00:00
https://monzo.com/blog/author/jacquetta-bridge,monzo.com,/blog/author/jacquetta-bridge,blog,False,https://monzo.com/gb-sitemap.xml,2026-08-16T18:47:09.246728+00:00
https://monzo.com/blog/author/jake-curtis,monzo.com,/blog/author/jake-curtis,blog,False,https://monzo.com/gb-sitemap.xml,2026-08-16T18:47:09.246728+00:00
https://monzo.com/blog/author/james-allison,monzo.com,/blog/author/james-allison,blog,False,https://monzo.com/gb-sitemap.xml,2026-08-16T18:47:09.246728+00:00
https://monzo.com/blog/author/james-berry,monzo.com,/blog/author/james-berry,blog,False,https://monzo.com/gb-sitemap.xml,2026-08-16T18:47:09.246728+00:00
https://monzo.com/blog/author/james-de-souza,monzo.com,/blog/author/james-de-souza,blog,False,https://monzo.com/gb-sitemap.xml,2026-08-16T18:47:09.246728+00:00
https://monzo.com/blog/author/james-mcdonagh,monzo.com,/blog/author/james-mcdonagh,blog,False,https://monzo.com/gb-sitemap.xml,2026-08-16T18:47:09.246728+00:00
https://monzo.com/blog/author/james-richardson,monzo.com,/blog/author/james-richardson,blog,False,https://monzo.com/gb-sitemap.xml,2026-08-16T18:47:09.246728+00:00
https://monzo.com/blog/author/james-routley,monzo.com,/blog/author/james-routley,blog,False,https://monzo.com/gb-sitemap.xml,2026-08-16T18:47:09.246728+00:00
https://monzo.com/blog/author/jamie-mcdonald,monzo.com,/blog/author/jamie-mcdonald,blog,False,https://monzo.com/gb-sitemap.xml,2026-08-16T18:47:09.246728+00:00
https://monzo.com/blog/author/jami-welch,monzo.com,/blog/author/jami-welch,blog,False,https://monzo.com/gb-sitemap.xml,2026-08-16T18:47:09.246728+00:00
https://monzo.com/blog/author/jami-welch/page/2,monzo.com,/blog/author/jami-welch/page/2,blog,False,https://monzo.com/gb-sitemap.xml,2026-08-16T18:47:09.246728+00:00
https://monzo.com/blog/author/jarno-wolf,monzo.com,/blog/author/jarno-wolf,blog,False,https://monzo.com/gb-sitemap.xml,2026-08-16T18:47:09.246728+00:00
https://monzo.com/blog/author/jarryd-trokis,monzo.com,/blog/author/jarryd-trokis,blog,False,https://monzo.com/gb-sitemap.xml,2026-08-16T18:47:09.246728+00:00
https://monzo.com/blog/author/jess-bilcock,monzo.com,/blog/author/jess-bilcock,blog,False,https://monzo.com/gb-sitemap.xml,2026-08-16T18:47:09.246728+00:00
https://monzo.com/blog/author/jesse-cogswell,monzo.com,/blog/author/jesse-cogswell,blog,False,https://monzo.com/gb-sitemap.xml,2026-08-16T18:47:09.246728+00:00
https://monzo.com/blog/author/jimi-hewett,monzo.com,/blog/author/jimi-hewett,blog,False,https://monzo.com/gb-sitemap.xml,2026-08-16T18:47:09.246728+00:00
https://monzo.com/blog/author/jimmy-brennan,monzo.com,/blog/author/jimmy-brennan,blog,False,https://monzo.com/gb-sitemap.xml,2026-08-16T18:47:09.246728+00:00
https://monzo.com/blog/author/joe-ellis,monzo.com,/blog/author/joe-ellis,blog,False,https://monzo.com/gb-sitemap.xml,2026-08-16T18:47:09.246728+00:00
https://monzo.com/blog/author/joe-rowe,monzo.com,/blog/author/joe-rowe,blog,False,https://monzo.com/gb-sitemap.xml,2026-08-16T18:47:09.246728+00:00
https://monzo.com/blog/author/john-hendry,monzo.com,/blog/author/john-hendry,blog,False,https://monzo.com/gb-sitemap.xml,2026-08-16T18:47:09.246728+00:00
https://monzo.com/blog/author/jonas-templestein,monzo.com,/blog/author/jonas-templestein,blog,False,https://monzo.com/gb-sitemap.xml,2026-08-16T18:47:09.246728+00:00
https://monzo.com/blog/author/jon-fry,monzo.com,/blog/author/jon-fry,blog,False,https://monzo.com/gb-sitemap.xml,2026-08-16T18:47:09.246728+00:00
https://monzo.com/blog/author/jonny-long,monzo.com,/blog/author/jonny-long,blog,False,https://monzo.com/gb-sitemap.xml,2026-08-16T18:47:09.246728+00:00
https://monzo.com/blog/author/joost-van-oorschot,monzo.com,/blog/author/joost-van-oorschot,blog,False,https://monzo.com/gb-sitemap.xml,2026-08-16T18:47:09.246728+00:00
https://monzo.com/blog/author/jordan-fish,monzo.com,/blog/author/jordan-fish,blog,False,https://monzo.com/gb-sitemap.xml,2026-08-16T18:47:09.246728+00:00
https://monzo.com/blog/author/jordan-shwide,monzo.com,/blog/author/jordan-shwide,blog,False,https://monzo.com/gb-sitemap.xml,2026-08-16T18:47:09.246728+00:00
https://monzo.com/blog/author/joseph-pallamidessi,monzo.com,/blog/author/joseph-pallamidessi,blog,False,https://monzo.com/gb-sitemap.xml,2026-08-16T18:47:09.246728+00:00
https://monzo.com/blog/author/josh-hill,monzo.com,/blog/author/josh-hill,blog,False,https://monzo.com/gb-sitemap.xml,2026-08-16T18:47:09.246728+00:00
https://monzo.com/blog/author/julio-lopes,monzo.com,/blog/author/julio-lopes,blog,False,https://monzo.com/gb-sitemap.xml,2026-08-16T18:47:09.246728+00:00
https://monzo.com/blog/author/kate-graham,monzo.com,/blog/author/kate-graham,blog,False,https://monzo.com/gb-sitemap.xml,2026-08-16T18:47:09.246728+00:00
https://monzo.com/blog/author/kate-hollowood,monzo.com,/blog/author/kate-hollowood,blog,False,https://monzo.com/gb-sitemap.xml,2026-08-16T18:47:09.246728+00:00
https://monzo.com/blog/author/kate-hollowood/page/2,monzo.com,/blog/author/kate-hollowood/page/2,blog,False,https://monzo.com/gb-sitemap.xml,2026-08-16T18:47:09.246728+00:00
https://monzo.com/blog/author/kate-kerr,monzo.com,/blog/author/kate-kerr,blog,False,https://monzo.com/gb-sitemap.xml,2026-08-16T18:47:09.246728+00:00
https://monzo.com/blog/author/kate-meakin,monzo.com,/blog/author/kate-meakin,blog,False,https://monzo.com/gb-sitemap.xml,2026-08-16T18:47:09.246728+00:00
https://monzo.com/blog/author/katherine-bryant,monzo.com,/blog/author/katherine-bryant,blog,False,https://monzo.com/gb-sitemap.xml,2026-08-16T18:47:09.246728+00:00
https://monzo.com/blog/author/kat-mccann,monzo.com,/blog/author/kat-mccann,blog,False,https://monzo.com/gb-sitemap.xml,2026-08-16T18:47:09.246728+00:00
https://monzo.com/blog/author/kavi-dhokia,monzo.com,/blog/author/kavi-dhokia,blog,False,https://monzo.com/gb-sitemap.xml,2026-08-16T18:47:09.246728+00:00
https://monzo.com/blog/author/ken-steenlandt,monzo.com,/blog/author/ken-steenlandt,blog,False,https://monzo.com/gb-sitemap.xml,2026-08-16T18:47:09.246728+00:00
https://monzo.com/blog/author/kieran-leblanc,monzo.com,/blog/author/kieran-leblanc,blog,False,https://monzo.com/gb-sitemap.xml,2026-08-16T18:47:09.246728+00:00
https://monzo.com/blog/author/kieran-mchugh,monzo.com,/blog/author/kieran-mchugh,blog,False,https://monzo.com/gb-sitemap.xml,2026-08-16T18:47:09.246728+00:00
https://monzo.com/blog/author/kieran-palmer,monzo.com,/blog/author/kieran-palmer,blog,False,https://monzo.com/gb-sitemap.xml,2026-08-16T18:47:09.246728+00:00
https://monzo.com/blog/author/kiran-jawanda,monzo.com,/blog/author/kiran-jawanda,blog,False,https://monzo.com/gb-sitemap.xml,2026-08-16T18:47:09.246728+00:00
https://monzo.com/blog/author/kirsten-doherty,monzo.com,/blog/author/kirsten-doherty,blog,False,https://monzo.com/gb-sitemap.xml,2026-08-16T18:47:09.246728+00:00
https://monzo.com/blog/author/kushal-babla,monzo.com,/blog/author/kushal-babla,blog,False,https://monzo.com/gb-sitemap.xml,2026-08-16T18:47:09.246728+00:00
https://monzo.com/blog/author/kyle-campbell,monzo.com,/blog/author/kyle-campbell,blog,False,https://monzo.com/gb-sitemap.xml,2026-08-16T18:47:09.246728+00:00
https://monzo.com/blog/author/laura-drysdale,monzo.com,/blog/author/laura-drysdale,blog,False,https://monzo.com/gb-sitemap.xml,2026-08-16T18:47:09.246728+00:00
https://monzo.com/blog/author/laura-whateley,monzo.com,/blog/author/laura-whateley,blog,False,https://monzo.com/gb-sitemap.xml,2026-08-16T18:47:09.246728+00:00
https://monzo.com/blog/author/leah-templeman,monzo.com,/blog/author/leah-templeman,blog,False,https://monzo.com/gb-sitemap.xml,2026-08-16T18:47:09.246728+00:00
https://monzo.com/blog/author/leanne-kelsall,monzo.com,/blog/author/leanne-kelsall,blog,False,https://monzo.com/gb-sitemap.xml,2026-08-16T18:47:09.246728+00:00
https://monzo.com/blog/author/lew-isaacs,monzo.com,/blog/author/lew-isaacs,blog,False,https://monzo.com/gb-sitemap.xml,2026-08-16T18:47:09.246728+00:00
https://monzo.com/blog/author/lia-dixon-calliste,monzo.com,/blog/author/lia-dixon-calliste,blog,False,https://monzo.com/gb-sitemap.xml,2026-08-16T18:47:09.246728+00:00
https://monzo.com/blog/author/liam-houghton,monzo.com,/blog/author/liam-houghton,blog,False,https://monzo.com/gb-sitemap.xml,2026-08-16T18:47:09.246728+00:00
https://monzo.com/blog/author/lindsey-jayne,monzo.com,/blog/author/lindsey-jayne,blog,False,https://monzo.com/gb-sitemap.xml,2026-08-16T18:47:09.246728+00:00
https://monzo.com/blog/author/lizzie-morgan,monzo.com,/blog/author/lizzie-morgan,blog,False,https://monzo.com/gb-sitemap.xml,2026-08-16T18:47:09.246728+00:00
https://monzo.com/blog/author/louis-cox,monzo.com,/blog/author/louis-cox,blog,False,https://monzo.com/gb-sitemap.xml,2026-08-16T18:47:09.246728+00:00
https://monzo.com/blog/author/loz-williams,monzo.com,/blog/author/loz-williams,blog,False,https://monzo.com/gb-sitemap.xml,2026-08-16T18:47:09.246728+00:00
https://monzo.com/blog/author/luba-chudnovets,monzo.com,/blog/author/luba-chudnovets,blog,False,https://monzo.com/gb-sitemap.xml,2026-08-16T18:47:09.246728+00:00
https://monzo.com/blog/author/lucy-sweet,monzo.com,/blog/author/lucy-sweet,blog,False,https://monzo.com/gb-sitemap.xml,2026-08-16T18:47:09.246728+00:00
https://monzo.com/blog/author/luke-briscoe,monzo.com,/blog/author/luke-briscoe,blog,False,https://monzo.com/gb-sitemap.xml,2026-08-16T18:47:09.246728+00:00
https://monzo.com/blog/author/luke-kelly,monzo.com,/blog/author/luke-kelly,blog,False,https://monzo.com/gb-sitemap.xml,2026-08-16T18:47:09.246728+00:00
https://monzo.com/blog/author/luke-singham,monzo.com,/blog/author/luke-singham,blog,False,https://monzo.com/gb-sitemap.xml,2026-08-16T18:47:09.246728+00:00
https://monzo.com/blog/author/maja-bayyoud,monzo.com,/blog/author/maja-bayyoud,blog,False,https://monzo.com/gb-sitemap.xml,2026-08-16T18:47:09.246728+00:00
https://monzo.com/blog/author/maria-campbell,monzo.com,/blog/author/maria-campbell,blog,False,https://monzo.com/gb-sitemap.xml,2026-08-16T18:47:09.246728+00:00
https://monzo.com/blog/author/mark-shipton,monzo.com,/blog/author/mark-shipton,blog,False,https://monzo.com/gb-sitemap.xml,2026-08-16T18:47:09.246728+00:00
https://monzo.com/blog/author/martin-grayson,monzo.com,/blog/author/martin-grayson,blog,False,https://monzo.com/gb-sitemap.xml,2026-08-16T18:47:09.246728+00:00
https://monzo.com/blog/author/mary-sanigar,monzo.com,/blog/author/mary-sanigar,blog,False,https://monzo.com/gb-sitemap.xml,2026-08-16T18:47:09.246728+00:00
https://monzo.com/blog/author/matt-gilson,monzo.com,/blog/author/matt-gilson,blog,False,https://monzo.com/gb-sitemap.xml,2026-08-16T18:47:09.246728+00:00
https://monzo.com/blog/author/matthew-fisher,monzo.com,/blog/author/matthew-fisher,blog,False,https://monzo.com/gb-sitemap.xml,2026-08-16T18:47:09.246728+00:00
https://monzo.com/blog/author/matthew-knight,monzo.com,/blog/author/matthew-knight,blog,False,https://monzo.com/gb-sitemap.xml,2026-08-16T18:47:09.246728+00:00
https://monzo.com/blog/author/matthew-parish,monzo.com,/blog/author/matthew-parish,blog,False,https://monzo.com/gb-sitemap.xml,2026-08-16T18:47:09.246728+00:00
https://monzo.com/blog/author/matt-jones,monzo.com,/blog/author/matt-jones,blog,False,https://monzo.com/gb-sitemap.xml,2026-08-16T18:47:09.246728+00:00
https://monzo.com/blog/author/max-white,monzo.com,/blog/author/max-white,blog,False,https://monzo.com/gb-sitemap.xml,2026-08-16T18:47:09.246728+00:00
https://monzo.com/blog/author/max-winston,monzo.com,/blog/author/max-winston,blog,False,https://monzo.com/gb-sitemap.xml,2026-08-16T18:47:09.246728+00:00
https://monzo.com/blog/author/mehmet-yilmaz,monzo.com,/blog/author/mehmet-yilmaz,blog,False,https://monzo.com/gb-sitemap.xml,2026-08-16T18:47:09.246728+00:00
https://monzo.com/blog/author/melissa-john-baptiste,monzo.com,/blog/author/melissa-john-baptiste,blog,False,https://monzo.com/gb-sitemap.xml,2026-08-16T18:47:09.246728+00:00
https://monzo.com/blog/author/michael-leung,monzo.com,/blog/author/michael-leung,blog,False,https://monzo.com/gb-sitemap.xml,2026-08-16T18:47:09.246728+00:00
https://monzo.com/blog/author/mikey-morton,monzo.com,/blog/author/mikey-morton,blog,False,https://monzo.com/gb-sitemap.xml,2026-08-16T18:47:09.246728+00:00
https://monzo.com/blog/author/mikkel-dengse,monzo.com,/blog/author/mikkel-dengse,blog,False,https://monzo.com/gb-sitemap.xml,2026-08-16T18:47:09.246728+00:00
https://monzo.com/blog/author/milo-thompson,monzo.com,/blog/author/milo-thompson,blog,False,https://monzo.com/gb-sitemap.xml,2026-08-16T18:47:09.246728+00:00
https://monzo.com/blog/author/mohamed-aly,monzo.com,/blog/author/mohamed-aly,blog,False,https://monzo.com/gb-sitemap.xml,2026-08-16T18:47:09.246728+00:00
https://monzo.com/blog/author/monique-pattison,monzo.com,/blog/author/monique-pattison,blog,False,https://monzo.com/gb-sitemap.xml,2026-08-16T18:47:09.246728+00:00
https://monzo.com/blog/author/monzo,monzo.com,/blog/author/monzo,blog,False,https://monzo.com/gb-sitemap.xml,2026-08-16T18:47:09.246728+00:00
https://monzo.com/blog/author/monzo-business-team,monzo.com,/blog/author/monzo-business-team,blog,False,https://monzo.com/gb-sitemap.xml,2026-08-16T18:47:09.246728+00:00
https://monzo.com/blog/author/monzo-design-and-research-team,monzo.com,/blog/author/monzo-design-and-research-team,blog,False,https://monzo.com/gb-sitemap.xml,2026-08-16T18:47:09.246728+00:00
https://monzo.com/blog/author/morta-tyree,monzo.com,/blog/author/morta-tyree,blog,False,https://monzo.com/gb-sitemap.xml,2026-08-16T18:47:09.246728+00:00
https://monzo.com/blog/author/moshe-raphaely,monzo.com,/blog/author/moshe-raphaely,blog,False,https://monzo.com/gb-sitemap.xml,2026-08-16T18:47:09.246728+00:00
https://monzo.com/blog/author/naji-esiri,monzo.com,/blog/author/naji-esiri,blog,False,https://monzo.com/gb-sitemap.xml,2026-08-16T18:47:09.246728+00:00
https://monzo.com/blog/author/naji-esiri/page/2,monzo.com,/blog/author/naji-esiri/page/2,blog,False,https://monzo.com/gb-sitemap.xml,2026-08-16T18:47:09.246728+00:00
https://monzo.com/blog/author/naomi-upton,monzo.com,/blog/author/naomi-upton,blog,False,https://monzo.com/gb-sitemap.xml,2026-08-16T18:47:09.246728+00:00
https://monzo.com/blog/author/natalie-gil,monzo.com,/blog/author/natalie-gil,blog,False,https://monzo.com/gb-sitemap.xml,2026-08-16T18:47:09.246728+00:00
https://monzo.com/blog/author/natalie-gil/page/2,monzo.com,/blog/author/natalie-gil/page/2,blog,False,https://monzo.com/gb-sitemap.xml,2026-08-16T18:47:09.246728+00:00
https://monzo.com/blog/author/natalie-gil/page/3,monzo.com,/blog/author/natalie-gil/page/3,blog,False,https://monzo.com/gb-sitemap.xml,2026-08-16T18:47:09.246728+00:00
https://monzo.com/blog/author/natalie-gil/page/4,monzo.com,/blog/author/natalie-gil/page/4,blog,False,https://monzo.com/gb-sitemap.xml,2026-08-16T18:47:09.246728+00:00
https://monzo.com/blog/author/natalie-gil/page/5,monzo.com,/blog/author/natalie-gil/page/5,blog,False,https://monzo.com/gb-sitemap.xml,2026-08-16T18:47:09.246728+00:00
https://monzo.com/blog/author/natalie-hills,monzo.com,/blog/author/natalie-hills,blog,False,https://monzo.com/gb-sitemap.xml,2026-08-16T18:47:09.246728+00:00
https://monzo.com/blog/author/natalie-ledward,monzo.com,/blog/author/natalie-ledward,blog,False,https://monzo.com/gb-sitemap.xml,2026-08-16T18:47:09.246728+00:00
https://monzo.com/blog/author/natasha-vernier,monzo.com,/blog/author/natasha-vernier,blog,False,https://monzo.com/gb-sitemap.xml,2026-08-16T18:47:09.246728+00:00
https://monzo.com/blog/author/nate-langley,monzo.com,/blog/author/nate-langley,blog,False,https://monzo.com/gb-sitemap.xml,2026-08-16T18:47:09.246728+00:00
https://monzo.com/blog/author/naz-mir,monzo.com,/blog/author/naz-mir,blog,False,https://monzo.com/gb-sitemap.xml,2026-08-16T18:47:09.246728+00:00
https://monzo.com/blog/author/neal-lathia,monzo.com,/blog/author/neal-lathia,blog,False,https://monzo.com/gb-sitemap.xml,2026-08-16T18:47:09.246728+00:00
https://monzo.com/blog/author/neil-mckeown,monzo.com,/blog/author/neil-mckeown,blog,False,https://monzo.com/gb-sitemap.xml,2026-08-16T18:47:09.246728+00:00
https://monzo.com/blog/author/niamh-broderick,monzo.com,/blog/author/niamh-broderick,blog,False,https://monzo.com/gb-sitemap.xml,2026-08-16T18:47:09.246728+00:00
https://monzo.com/blog/author/niamh-joyce,monzo.com,/blog/author/niamh-joyce,blog,False,https://monzo.com/gb-sitemap.xml,2026-08-16T18:47:09.246728+00:00
https://monzo.com/blog/author/nick-ng,monzo.com,/blog/author/nick-ng,blog,False,https://monzo.com/gb-sitemap.xml,2026-08-16T18:47:09.246728+00:00
https://monzo.com/blog/author/nico-dcotta,monzo.com,/blog/author/nico-dcotta,blog,False,https://monzo.com/gb-sitemap.xml,2026-08-16T18:47:09.246728+00:00
https://monzo.com/blog/author/nigel-null,monzo.com,/blog/author/nigel-null,blog,False,https://monzo.com/gb-sitemap.xml,2026-08-16T18:47:09.246728+00:00
https://monzo.com/blog/author/nuno-mota,monzo.com,/blog/author/nuno-mota,blog,False,https://monzo.com/gb-sitemap.xml,2026-08-16T18:47:09.246728+00:00
https://monzo.com/blog/author/nurlan-isazade,monzo.com,/blog/author/nurlan-isazade,blog,False,https://monzo.com/gb-sitemap.xml,2026-08-16T18:47:09.246728+00:00
https://monzo.com/blog/author/ofelia-botella,monzo.com,/blog/author/ofelia-botella,blog,False,https://monzo.com/gb-sitemap.xml,2026-08-16T18:47:09.246728+00:00
https://monzo.com/blog/author/ole-mahrt,monzo.com,/blog/author/ole-mahrt,blog,False,https://monzo.com/gb-sitemap.xml,2026-08-16T18:47:09.246728+00:00
https://monzo.com/blog/author/oliver-beattie,monzo.com,/blog/author/oliver-beattie,blog,False,https://monzo.com/gb-sitemap.xml,2026-08-16T18:47:09.246728+00:00
https://monzo.com/blog/author/pan-hu,monzo.com,/blog/author/pan-hu,blog,False,https://monzo.com/gb-sitemap.xml,2026-08-16T18:47:09.246728+00:00
https://monzo.com/blog/author/paul-blunden,monzo.com,/blog/author/paul-blunden,blog,False,https://monzo.com/gb-sitemap.xml,2026-08-16T18:47:09.246728+00:00
https://monzo.com/blog/author/paul-rippon,monzo.com,/blog/author/paul-rippon,blog,False,https://monzo.com/gb-sitemap.xml,2026-08-16T18:47:09.246728+00:00
https://monzo.com/blog/author/peggy-mcgregor,monzo.com,/blog/author/peggy-mcgregor,blog,False,https://monzo.com/gb-sitemap.xml,2026-08-16T18:47:09.246728+00:00
https://monzo.com/blog/author/peggy-mcgregor/page/2,monzo.com,/blog/author/peggy-mcgregor/page/2,blog,False,https://monzo.com/gb-sitemap.xml,2026-08-16T18:47:09.246728+00:00
https://monzo.com/blog/author/peggy-mcgregor/page/3,monzo.com,/blog/author/peggy-mcgregor/page/3,blog,False,https://monzo.com/gb-sitemap.xml,2026-08-16T18:47:09.246728+00:00
https://monzo.com/blog/author/peggy-mcgregor/page/4,monzo.com,/blog/author/peggy-mcgregor/page/4,blog,False,https://monzo.com/gb-sitemap.xml,2026-08-16T18:47:09.246728+00:00
https://monzo.com/blog/author/phill-taylor,monzo.com,/blog/author/phill-taylor,blog,False,https://monzo.com/gb-sitemap.xml,2026-08-16T18:47:09.246728+00:00
https://monzo.com/blog/author/priyesh-patel,monzo.com,/blog/author/priyesh-patel,blog,False,https://monzo.com/gb-sitemap.xml,2026-08-16T18:47:09.246728+00:00
https://monzo.com/blog/author/rebecca-mackenzie,monzo.com,/blog/author/rebecca-mackenzie,blog,False,https://monzo.com/gb-sitemap.xml,2026-08-16T18:47:09.246728+00:00
https://monzo.com/blog/author/rebecca-wright,monzo.com,/blog/author/rebecca-wright,blog,False,https://monzo.com/gb-sitemap.xml,2026-08-16T18:47:09.246728+00:00
https://monzo.com/blog/author/ria-patel,monzo.com,/blog/author/ria-patel,blog,False,https://monzo.com/gb-sitemap.xml,2026-08-16T18:47:09.246728+00:00
https://monzo.com/blog/author/richard-bromley,monzo.com,/blog/author/richard-bromley,blog,False,https://monzo.com/gb-sitemap.xml,2026-08-16T18:47:09.246728+00:00
https://monzo.com/blog/author/richard-cadman,monzo.com,/blog/author/richard-cadman,blog,False,https://monzo.com/gb-sitemap.xml,2026-08-16T18:47:09.246728+00:00
https://monzo.com/blog/author/richard-cook,monzo.com,/blog/author/richard-cook,blog,False,https://monzo.com/gb-sitemap.xml,2026-08-16T18:47:09.246728+00:00
https://monzo.com/blog/author/richard-dingwall,monzo.com,/blog/author/richard-dingwall,blog,False,https://monzo.com/gb-sitemap.xml,2026-08-16T18:47:09.246728+00:00
https://monzo.com/blog/author/rika,monzo.com,/blog/author/rika,blog,False,https://monzo.com/gb-sitemap.xml,2026-08-16T18:47:09.246728+00:00
https://monzo.com/blog/author/robin-bilgil,monzo.com,/blog/author/robin-bilgil,blog,False,https://monzo.com/gb-sitemap.xml,2026-08-16T18:47:09.246728+00:00
https://monzo.com/blog/author/rob-knight,monzo.com,/blog/author/rob-knight,blog,False,https://monzo.com/gb-sitemap.xml,2026-08-16T18:47:09.246728+00:00
https://monzo.com/blog/author/rochana-shrestha,monzo.com,/blog/author/rochana-shrestha,blog,False,https://monzo.com/gb-sitemap.xml,2026-08-16T18:47:09.246728+00:00
https://monzo.com/blog/author/rodrigo-baptista,monzo.com,/blog/author/rodrigo-baptista,blog,False,https://monzo.com/gb-sitemap.xml,2026-08-16T18:47:09.246728+00:00
https://monzo.com/blog/author/rore-erica-okoh,monzo.com,/blog/author/rore-erica-okoh,blog,False,https://monzo.com/gb-sitemap.xml,2026-08-16T18:47:09.246728+00:00
https://monzo.com/blog/author/ross-m,monzo.com,/blog/author/ross-m,blog,False,https://monzo.com/gb-sitemap.xml,2026-08-16T18:47:09.246728+00:00
https://monzo.com/blog/author/roxy-alexander,monzo.com,/blog/author/roxy-alexander,blog,False,https://monzo.com/gb-sitemap.xml,2026-08-16T18:47:09.246728+00:00
https://monzo.com/blog/author/roxy-alexander/page/2,monzo.com,/blog/author/roxy-alexander/page/2,blog,False,https://monzo.com/gb-sitemap.xml,2026-08-16T18:47:09.246728+00:00
https://monzo.com/blog/author/roxy-alexander/page/3,monzo.com,/blog/author/roxy-alexander/page/3,blog,False,https://monzo.com/gb-sitemap.xml,2026-08-16T18:47:09.246728+00:00
https://monzo.com/blog/author/roxy-alexander/page/4,monzo.com,/blog/author/roxy-alexander/page/4,blog,False,https://monzo.com/gb-sitemap.xml,2026-08-16T18:47:09.246728+00:00
https://monzo.com/blog/author/ryan-kilburn,monzo.com,/blog/author/ryan-kilburn,blog,False,https://monzo.com/gb-sitemap.xml,2026-08-16T18:47:09.246728+00:00
https://monzo.com/blog/author/sally-lait,monzo.com,/blog/author/sally-lait,blog,False,https://monzo.com/gb-sitemap.xml,2026-08-16T18:47:09.246728+00:00
https://monzo.com/blog/author/samantha-davies,monzo.com,/blog/author/samantha-davies,blog,False,https://monzo.com/gb-sitemap.xml,2026-08-16T18:47:09.246728+00:00
https://monzo.com/blog/author/sam-branter,monzo.com,/blog/author/sam-branter,blog,False,https://monzo.com/gb-sitemap.xml,2026-08-16T18:47:09.246728+00:00
https://monzo.com/blog/author/sam-kelsey,monzo.com,/blog/author/sam-kelsey,blog,False,https://monzo.com/gb-sitemap.xml,2026-08-16T18:47:09.246728+00:00
https://monzo.com/blog/author/sam-watkin,monzo.com,/blog/author/sam-watkin,blog,False,https://monzo.com/gb-sitemap.xml,2026-08-16T18:47:09.246728+00:00
https://monzo.com/blog/author/sam-wood,monzo.com,/blog/author/sam-wood,blog,False,https://monzo.com/gb-sitemap.xml,2026-08-16T18:47:09.246728+00:00
https://monzo.com/blog/author/sarah-byng,monzo.com,/blog/author/sarah-byng,blog,False,https://monzo.com/gb-sitemap.xml,2026-08-16T18:47:09.246728+00:00
https://monzo.com/blog/author/saskia-liebenberg,monzo.com,/blog/author/saskia-liebenberg,blog,False,https://monzo.com/gb-sitemap.xml,2026-08-16T18:47:09.246728+00:00
https://monzo.com/blog/author/sayjal-mistry,monzo.com,/blog/author/sayjal-mistry,blog,False,https://monzo.com/gb-sitemap.xml,2026-08-16T18:47:09.246728+00:00
https://monzo.com/blog/author/sharan-moore,monzo.com,/blog/author/sharan-moore,blog,False,https://monzo.com/gb-sitemap.xml,2026-08-16T18:47:09.246728+00:00
https://monzo.com/blog/author/sheona-vincent-kilbride,monzo.com,/blog/author/sheona-vincent-kilbride,blog,False,https://monzo.com/gb-sitemap.xml,2026-08-16T18:47:09.246728+00:00
https://monzo.com/blog/author/sheree-atcheson,monzo.com,/blog/author/sheree-atcheson,blog,False,https://monzo.com/gb-sitemap.xml,2026-08-16T18:47:09.246728+00:00
https://monzo.com/blog/author/sheri-farsani,monzo.com,/blog/author/sheri-farsani,blog,False,https://monzo.com/gb-sitemap.xml,2026-08-16T18:47:09.246728+00:00
https://monzo.com/blog/author/sheri-farsani/page/2,monzo.com,/blog/author/sheri-farsani/page/2,blog,False,https://monzo.com/gb-sitemap.xml,2026-08-16T18:47:09.246728+00:00
https://monzo.com/blog/author/shervin-rad,monzo.com,/blog/author/shervin-rad,blog,False,https://monzo.com/gb-sitemap.xml,2026-08-16T18:47:09.246728+00:00
https://monzo.com/blog/author/shnay-chohan,monzo.com,/blog/author/shnay-chohan,blog,False,https://monzo.com/gb-sitemap.xml,2026-08-16T18:47:09.246728+00:00
https://monzo.com/blog/author/shubheksha-jalan,monzo.com,/blog/author/shubheksha-jalan,blog,False,https://monzo.com/gb-sitemap.xml,2026-08-16T18:47:09.246728+00:00
https://monzo.com/blog/author/simon-amor,monzo.com,/blog/author/simon-amor,blog,False,https://monzo.com/gb-sitemap.xml,2026-08-16T18:47:09.246728+00:00
https://monzo.com/blog/author/sophie-milton-white,monzo.com,/blog/author/sophie-milton-white,blog,False,https://monzo.com/gb-sitemap.xml,2026-08-16T18:47:09.246728+00:00
https://monzo.com/blog/author/stepchange,monzo.com,/blog/author/stepchange,blog,False,https://monzo.com/gb-sitemap.xml,2026-08-16T18:47:09.246728+00:00
https://monzo.com/blog/author/stuart-mcfadden,monzo.com,/blog/author/stuart-mcfadden,blog,False,https://monzo.com/gb-sitemap.xml,2026-08-16T18:47:09.246728+00:00
https://monzo.com/blog/author/suhail-patel,monzo.com,/blog/author/suhail-patel,blog,False,https://monzo.com/gb-sitemap.xml,2026-08-16T18:47:09.246728+00:00
https://monzo.com/blog/author/tarah-srethwatanakul,monzo.com,/blog/author/tarah-srethwatanakul,blog,False,https://monzo.com/gb-sitemap.xml,2026-08-16T18:47:09.246728+00:00
https://monzo.com/blog/author/tara-ryan,monzo.com,/blog/author/tara-ryan,blog,False,https://monzo.com/gb-sitemap.xml,2026-08-16T18:47:09.246728+00:00
https://monzo.com/blog/author/tas-morfopoulos,monzo.com,/blog/author/tas-morfopoulos,blog,False,https://monzo.com/gb-sitemap.xml,2026-08-16T18:47:09.246728+00:00
https://monzo.com/blog/author/taxscouts,monzo.com,/blog/author/taxscouts,blog,False,https://monzo.com/gb-sitemap.xml,2026-08-16T18:47:09.246728+00:00
https://monzo.com/blog/author/team-monzo,monzo.com,/blog/author/team-monzo,blog,False,https://monzo.com/gb-sitemap.xml,2026-08-16T18:47:09.246728+00:00
https://monzo.com/blog/author/theo-gibson,monzo.com,/blog/author/theo-gibson,blog,False,https://monzo.com/gb-sitemap.xml,2026-08-16T18:47:09.246728+00:00
https://monzo.com/blog/author/theo-windebank,monzo.com,/blog/author/theo-windebank,blog,False,https://monzo.com/gb-sitemap.xml,2026-08-16T18:47:09.246728+00:00
https://monzo.com/blog/author/tim-platt,monzo.com,/blog/author/tim-platt,blog,False,https://monzo.com/gb-sitemap.xml,2026-08-16T18:47:09.246728+00:00
https://monzo.com/blog/author/tim-radvan,monzo.com,/blog/author/tim-radvan,blog,False,https://monzo.com/gb-sitemap.xml,2026-08-16T18:47:09.246728+00:00
https://monzo.com/blog/author/tom-blomfield,monzo.com,/blog/author/tom-blomfield,blog,False,https://monzo.com/gb-sitemap.xml,2026-08-16T18:47:09.246728+00:00
https://monzo.com/blog/author/tom-davies,monzo.com,/blog/author/tom-davies,blog,False,https://monzo.com/gb-sitemap.xml,2026-08-16T18:47:09.246728+00:00
https://monzo.com/blog/author/tom-mills,monzo.com,/blog/author/tom-mills,blog,False,https://monzo.com/gb-sitemap.xml,2026-08-16T18:47:09.246728+00:00
https://monzo.com/blog/author/tom-preston,monzo.com,/blog/author/tom-preston,blog,False,https://monzo.com/gb-sitemap.xml,2026-08-16T18:47:09.246728+00:00
https://monzo.com/blog/author/tony-di-nucci,monzo.com,/blog/author/tony-di-nucci,blog,False,https://monzo.com/gb-sitemap.xml,2026-08-16T18:47:09.246728+00:00
https://monzo.com/blog/author/tristan-thomas,monzo.com,/blog/author/tristan-thomas,blog,False,https://monzo.com/gb-sitemap.xml,2026-08-16T18:47:09.246728+00:00
https://monzo.com/blog/author/tristan-thomas/page/2,monzo.com,/blog/author/tristan-thomas/page/2,blog,False,https://monzo.com/gb-sitemap.xml,2026-08-16T18:47:09.246728+00:00
https://monzo.com/blog/author/tris-tolliday,monzo.com,/blog/author/tris-tolliday,blog,False,https://monzo.com/gb-sitemap.xml,2026-08-16T18:47:09.246728+00:00
https://monzo.com/blog/author/ts-anil,monzo.com,/blog/author/ts-anil,blog,False,https://monzo.com/gb-sitemap.xml,2026-08-16T18:47:09.246728+00:00
https://monzo.com/blog/author/valerio-magliulo,monzo.com,/blog/author/valerio-magliulo,blog,False,https://monzo.com/gb-sitemap.xml,2026-08-16T18:47:09.246728+00:00
https://monzo.com/blog/author/victoria-constantine,monzo.com,/blog/author/victoria-constantine,blog,False,https://monzo.com/gb-sitemap.xml,2026-08-16T18:47:09.246728+00:00
https://monzo.com/blog/author/vincent-hao,monzo.com,/blog/author/vincent-hao,blog,False,https://monzo.com/gb-sitemap.xml,2026-08-16T18:47:09.246728+00:00
https://monzo.com/blog/author/vuokko-aro,monzo.com,/blog/author/vuokko-aro,blog,False,https://monzo.com/gb-sitemap.xml,2026-08-16T18:47:09.246728+00:00
https://monzo.com/blog/author/wayne-tsai,monzo.com,/blog/author/wayne-tsai,blog,False,https://monzo.com/gb-sitemap.xml,2026-08-16T18:47:09.246728+00:00
https://monzo.com/blog/author/will-allen-mersh,monzo.com,/blog/author/will-allen-mersh,blog,False,https://monzo.com/gb-sitemap.xml,2026-08-16T18:47:09.246728+00:00
https://monzo.com/blog/author/will-bolam,monzo.com,/blog/author/will-bolam,blog,False,https://monzo.com/gb-sitemap.xml,2026-08-16T18:47:09.246728+00:00
https://monzo.com/blog/author/william-masters,monzo.com,/blog/author/william-masters,blog,False,https://monzo.com/gb-sitemap.xml,2026-08-16T18:47:09.246728+00:00
https://monzo.com/blog/author/will-sewell,monzo.com,/blog/author/will-sewell,blog,False,https://monzo.com/gb-sitemap.xml,2026-08-16T18:47:09.246728+00:00
https://monzo.com/blog/author/will-stolerman,monzo.com,/blog/author/will-stolerman,blog,False,https://monzo.com/gb-sitemap.xml,2026-08-16T18:47:09.246728+00:00
https://monzo.com/blog/author/xero,monzo.com,/blog/author/xero,blog,False,https://monzo.com/gb-sitemap.xml,2026-08-16T18:47:09.246728+00:00
https://monzo.com/blog/author/yulia-storozhuk,monzo.com,/blog/author/yulia-storozhuk,blog,False,https://monzo.com/gb-sitemap.xml,2026-08-16T18:47:09.246728+00:00
https://monzo.com/blog/author/zainab-khan,monzo.com,/blog/author/zainab-khan,blog,False,https://monzo.com/gb-sitemap.xml,2026-08-16T18:47:09.246728+00:00
https://monzo.com/blog/author/zander-brade,monzo.com,/blog/author/zander-brade,blog,False,https://monzo.com/gb-sitemap.xml,2026-08-16T18:47:09.246728+00:00
https://monzo.com/blog/automated-billing-updater,monzo.com,/blog/automated-billing-updater,blog,False,https://monzo.com/gb-sitemap.xml,2026-08-16T18:47:09.246728+00:00
https://monzo.com/blog/balance-in-trends,monzo.com,/blog/balance-in-trends,blog,False,https://monzo.com/gb-sitemap.xml,2026-08-16T18:47:09.246728+00:00
https://monzo.com/blog/behind-the-scenes-of-a-phishing-scam,monzo.com,/blog/behind-the-scenes-of-a-phishing-scam,blog,False,https://monzo.com/gb-sitemap.xml,2026-08-16T18:47:09.246728+00:00
https://monzo.com/blog/best-reactions-to-year-in-monzo,monzo.com,/blog/best-reactions-to-year-in-monzo,blog,False,https://monzo.com/gb-sitemap.xml,2026-08-16T18:47:09.246728+00:00
https://monzo.com/blog/best-value-sun-loungers,monzo.com,/blog/best-value-sun-loungers,blog,False,https://monzo.com/gb-sitemap.xml,2026-08-16T18:47:09.246728+00:00
https://monzo.com/blog/beyond-the-last-click-how-monzo-measures-crms-true-impact,monzo.com,/blog/beyond-the-last-click-how-monzo-measures-crms-true-impact,blog,False,https://monzo.com/gb-sitemap.xml,2026-08-16T18:47:09.246728+00:00
https://monzo.com/blog/black-history-month-abram-lincoln-harris,monzo.com,/blog/black-history-month-abram-lincoln-harris,blog,False,https://monzo.com/gb-sitemap.xml,2026-08-16T18:47:09.246728+00:00
https://monzo.com/blog/bringing-our-faster-payments-connection-in-house,monzo.com,/blog/bringing-our-faster-payments-connection-in-house,blog,False,https://monzo.com/gb-sitemap.xml,2026-08-16T18:47:09.246728+00:00
https://monzo.com/blog/budget-for-your-small-business,monzo.com,/blog/budget-for-your-small-business,blog,False,https://monzo.com/gb-sitemap.xml,2026-08-16T18:47:09.246728+00:00
https://monzo.com/blog/budgeting-saving-wedding-guest,monzo.com,/blog/budgeting-saving-wedding-guest,blog,False,https://monzo.com/gb-sitemap.xml,2026-08-16T18:47:09.246728+00:00
https://monzo.com/blog/budgeting-tips-wedding-season,monzo.com,/blog/budgeting-tips-wedding-season,blog,False,https://monzo.com/gb-sitemap.xml,2026-08-16T18:47:09.246728+00:00
https://monzo.com/blog/build-a-reactive-fraud-prevention-platform,monzo.com,/blog/build-a-reactive-fraud-prevention-platform,blog,False,https://monzo.com/gb-sitemap.xml,2026-08-16T18:47:09.246728+00:00
https://monzo.com/blog/building-a-processing-system-for-international-payments,monzo.com,/blog/building-a-processing-system-for-international-payments,blog,False,https://monzo.com/gb-sitemap.xml,2026-08-16T18:47:09.246728+00:00
https://monzo.com/blog/building-year-in-monzo-as-told-by-engineering,monzo.com,/blog/building-year-in-monzo-as-told-by-engineering,blog,False,https://monzo.com/gb-sitemap.xml,2026-08-16T18:47:09.246728+00:00
https://monzo.com/blog/business-banking/a-guide-to-purchase-orders,monzo.com,/blog/business-banking/a-guide-to-purchase-orders,blog,False,https://monzo.com/gb-sitemap.xml,2026-08-16T18:47:09.246728+00:00
https://monzo.com/blog/business-banking/do-i-need-a-business-bank-account,monzo.com,/blog/business-banking/do-i-need-a-business-bank-account,blog,False,https://monzo.com/gb-sitemap.xml,2026-08-16T18:47:09.246728+00:00
https://monzo.com/blog/business-banking/fundraising-for-your-business,monzo.com,/blog/business-banking/fundraising-for-your-business,blog,False,https://monzo.com/gb-sitemap.xml,2026-08-16T18:47:09.246728+00:00
https://monzo.com/blog/business-banking/gross-profit-net-profit-and-profit-margins-what-are-they-how-to-calculate,monzo.com,/blog/business-banking/gross-profit-net-profit-and-profit-margins-what-are-they-how-to-calculate,blog,False,https://monzo.com/gb-sitemap.xml,2026-08-16T18:47:09.246728+00:00
https://monzo.com/blog/business-banking/how-to-get-unpaid-invoices-paid,monzo.com,/blog/business-banking/how-to-get-unpaid-invoices-paid,blog,False,https://monzo.com/gb-sitemap.xml,2026-08-16T18:47:09.246728+00:00
https://monzo.com/blog/business-banking/how-to-start-a-business-in-the-uk,monzo.com,/blog/business-banking/how-to-start-a-business-in-the-uk,blog,False,https://monzo.com/gb-sitemap.xml,2026-08-16T18:47:09.246728+00:00
https://monzo.com/blog/business-banking/how-to-write-a-business-plan,monzo.com,/blog/business-banking/how-to-write-a-business-plan,blog,False,https://monzo.com/gb-sitemap.xml,2026-08-16T18:47:09.246728+00:00
https://monzo.com/blog/business-banking/what-is-an-invoice,monzo.com,/blog/business-banking/what-is-an-invoice,blog,False,https://monzo.com/gb-sitemap.xml,2026-08-16T18:47:09.246728+00:00
https://monzo.com/blog/business-banking/what-is-cashflow,monzo.com,/blog/business-banking/what-is-cashflow,blog,False,https://monzo.com/gb-sitemap.xml,2026-08-16T18:47:09.246728+00:00
https://monzo.com/blog/business-basics-social-media,monzo.com,/blog/business-basics-social-media,blog,False,https://monzo.com/gb-sitemap.xml,2026-08-16T18:47:09.246728+00:00
https://monzo.com/blog/buy-now-pay-later-schemes,monzo.com,/blog/buy-now-pay-later-schemes,blog,False,https://monzo.com/gb-sitemap.xml,2026-08-16T18:47:09.246728+00:00
https://monzo.com/blog/card-scams,monzo.com,/blog/card-scams,blog,False,https://monzo.com/gb-sitemap.xml,2026-08-16T18:47:09.246728+00:00
https://monzo.com/blog/cash-stuffing-and-other-old-school-ways-to-save-money-with-monzo,monzo.com,/blog/cash-stuffing-and-other-old-school-ways-to-save-money-with-monzo,blog,False,https://monzo.com/gb-sitemap.xml,2026-08-16T18:47:09.246728+00:00
https://monzo.com/blog/cash-withdrawals-in-the-european-economic-area-eea-are-now-free,monzo.com,/blog/cash-withdrawals-in-the-european-economic-area-eea-are-now-free,blog,False,https://monzo.com/gb-sitemap.xml,2026-08-16T18:47:09.246728+00:00
https://monzo.com/blog/celebrating-black-history-month-2020,monzo.com,/blog/celebrating-black-history-month-2020,blog,False,https://monzo.com/gb-sitemap.xml,2026-08-16T18:47:09.246728+00:00
https://monzo.com/blog/celebrating-one-year-of-monzo-business,monzo.com,/blog/celebrating-one-year-of-monzo-business,blog,False,https://monzo.com/gb-sitemap.xml,2026-08-16T18:47:09.246728+00:00
https://monzo.com/blog/contact-monzo-using-british-sign-language,monzo.com,/blog/contact-monzo-using-british-sign-language,blog,False,https://monzo.com/gb-sitemap.xml,2026-08-16T18:47:09.246728+00:00
https://monzo.com/blog/controlling-outbound-traffic-from-kubernetes,monzo.com,/blog/controlling-outbound-traffic-from-kubernetes,blog,False,https://monzo.com/gb-sitemap.xml,2026-08-16T18:47:09.246728+00:00
https://monzo.com/blog/coordinators-on-android-building-flows-quickly-with-reusable-screens,monzo.com,/blog/coordinators-on-android-building-flows-quickly-with-reusable-screens,blog,False,https://monzo.com/gb-sitemap.xml,2026-08-16T18:47:09.246728+00:00
https://monzo.com/blog/corona-virus-business-help,monzo.com,/blog/corona-virus-business-help,blog,False,https://monzo.com/gb-sitemap.xml,2026-08-16T18:47:09.246728+00:00
https://monzo.com/blog/corporate-owned-businesses,monzo.com,/blog/corporate-owned-businesses,blog,False,https://monzo.com/gb-sitemap.xml,2026-08-16T18:47:09.246728+00:00
https://monzo.com/blog/cost-of-a-baby,monzo.com,/blog/cost-of-a-baby,blog,False,https://monzo.com/gb-sitemap.xml,2026-08-16T18:47:09.246728+00:00
https://monzo.com/blog/cost-of-living-how-were-supporting,monzo.com,/blog/cost-of-living-how-were-supporting,blog,False,https://monzo.com/gb-sitemap.xml,2026-08-16T18:47:09.246728+00:00
https://monzo.com/blog/cost-of-living-how-were-supporting-you-and-your-business,monzo.com,/blog/cost-of-living-how-were-supporting-you-and-your-business,blog,False,https://monzo.com/gb-sitemap.xml,2026-08-16T18:47:09.246728+00:00
https://monzo.com/blog/cost-of-living-quick-update,monzo.com,/blog/cost-of-living-quick-update,blog,False,https://monzo.com/gb-sitemap.xml,2026-08-16T18:47:09.246728+00:00
https://monzo.com/blog/credit-scores/check-your-score,monzo.com,/blog/credit-scores/check-your-score,blog,False,https://monzo.com/gb-sitemap.xml,2026-08-16T18:47:09.246728+00:00
https://monzo.com/blog/credit-scores/credit-checks,monzo.com,/blog/credit-scores/credit-checks,blog,False,https://monzo.com/gb-sitemap.xml,2026-08-16T18:47:09.246728+00:00
https://monzo.com/blog/credit-scores/how-to-improve-your-credit-score,monzo.com,/blog/credit-scores/how-to-improve-your-credit-score,blog,False,https://monzo.com/gb-sitemap.xml,2026-08-16T18:47:09.246728+00:00
https://monzo.com/blog/credit-scores/what-is-a-good-credit-score,monzo.com,/blog/credit-scores/what-is-a-good-credit-score,blog,False,https://monzo.com/gb-sitemap.xml,2026-08-16T18:47:09.246728+00:00
https://monzo.com/blog/current-account-guides/how-long-does-a-transfer-take,monzo.com,/blog/current-account-guides/how-long-does-a-transfer-take,blog,False,https://monzo.com/gb-sitemap.xml,2026-08-16T18:47:09.246728+00:00
https://monzo.com/blog/current-account-guides/how-long-should-you-keep-bank-statements,monzo.com,/blog/current-account-guides/how-long-should-you-keep-bank-statements,blog,False,https://monzo.com/gb-sitemap.xml,2026-08-16T18:47:09.246728+00:00
https://monzo.com/blog/current-account-guides/how-much-can-you-withdraw-from-an-atm,monzo.com,/blog/current-account-guides/how-much-can-you-withdraw-from-an-atm,blog,False,https://monzo.com/gb-sitemap.xml,2026-08-16T18:47:09.246728+00:00
https://monzo.com/blog/current-account-guides/more-than-one-bank-account,monzo.com,/blog/current-account-guides/more-than-one-bank-account,blog,False,https://monzo.com/gb-sitemap.xml,2026-08-16T18:47:09.246728+00:00
https://monzo.com/blog/current-account-guides/when-did-i-open-my-account,monzo.com,/blog/current-account-guides/when-did-i-open-my-account,blog,False,https://monzo.com/gb-sitemap.xml,2026-08-16T18:47:09.246728+00:00
https://monzo.com/blog/dear-monzo-wheres-the-best-place-to-put-my-savings,monzo.com,/blog/dear-monzo-wheres-the-best-place-to-put-my-savings,blog,False,https://monzo.com/gb-sitemap.xml,2026-08-16T18:47:09.246728+00:00
https://monzo.com/blog/debt-borrowing-money-making-repayments-coronavirus-stepchange,monzo.com,/blog/debt-borrowing-money-making-repayments-coronavirus-stepchange,blog,False,https://monzo.com/gb-sitemap.xml,2026-08-16T18:47:09.246728+00:00
https://monzo.com/blog/debt-budgeting-tips,monzo.com,/blog/debt-budgeting-tips,blog,False,https://monzo.com/gb-sitemap.xml,2026-08-16T18:47:09.246728+00:00
https://monzo.com/blog/decoding-romance-scams,monzo.com,/blog/decoding-romance-scams,blog,False,https://monzo.com/gb-sitemap.xml,2026-08-16T18:47:09.246728+00:00
https://monzo.com/blog/delightful-payments,monzo.com,/blog/delightful-payments,blog,False,https://monzo.com/gb-sitemap.xml,2026-08-16T18:47:09.246728+00:00
https://monzo.com/blog/demystifying-the-backend-engineering-interview-process,monzo.com,/blog/demystifying-the-backend-engineering-interview-process,blog,False,https://monzo.com/gb-sitemap.xml,2026-08-16T18:47:09.246728+00:00
https://monzo.com/blog/demystifying-the-senior-staff-engineering-interview-process,monzo.com,/blog/demystifying-the-senior-staff-engineering-interview-process,blog,False,https://monzo.com/gb-sitemap.xml,2026-08-16T18:47:09.246728+00:00
https://monzo.com/blog/designing-bulk-payments-for-how-businesses-really-work,monzo.com,/blog/designing-bulk-payments-for-how-businesses-really-work,blog,False,https://monzo.com/gb-sitemap.xml,2026-08-16T18:47:09.246728+00:00
https://monzo.com/blog/digital-cash-stuffing-with-monzo-pots-save-money,monzo.com,/blog/digital-cash-stuffing-with-monzo-pots-save-money,blog,False,https://monzo.com/gb-sitemap.xml,2026-08-16T18:47:09.246728+00:00
https://monzo.com/blog/dont-get-monzo,monzo.com,/blog/dont-get-monzo,blog,False,https://monzo.com/gb-sitemap.xml,2026-08-16T18:47:09.246728+00:00
https://monzo.com/blog/dont-let-go-of-your-creative-spark,monzo.com,/blog/dont-let-go-of-your-creative-spark,blog,False,https://monzo.com/gb-sitemap.xml,2026-08-16T18:47:09.246728+00:00
https://monzo.com/blog/elevate-your-design-work-with-storytelling,monzo.com,/blog/elevate-your-design-work-with-storytelling,blog,False,https://monzo.com/gb-sitemap.xml,2026-08-16T18:47:09.246728+00:00
https://monzo.com/blog/emotional-spending-debt,monzo.com,/blog/emotional-spending-debt,blog,False,https://monzo.com/gb-sitemap.xml,2026-08-16T18:47:09.246728+00:00
https://monzo.com/blog/emotional-spending-tips,monzo.com,/blog/emotional-spending-tips,blog,False,https://monzo.com/gb-sitemap.xml,2026-08-16T18:47:09.246728+00:00
https://monzo.com/blog/enabling-horizontal-autoscaling-with-co-operative-distributed-rate-limiting,monzo.com,/blog/enabling-horizontal-autoscaling-with-co-operative-distributed-rate-limiting,blog,False,https://monzo.com/gb-sitemap.xml,2026-08-16T18:47:09.246728+00:00
https://monzo.com/blog/engineering-management-at-monzo-technical-leadership-people-support,monzo.com,/blog/engineering-management-at-monzo-technical-leadership-people-support,blog,False,https://monzo.com/gb-sitemap.xml,2026-08-16T18:47:09.246728+00:00
https://monzo.com/blog/equity-and-loan-to-value-explained,monzo.com,/blog/equity-and-loan-to-value-explained,blog,False,https://monzo.com/gb-sitemap.xml,2026-08-16T18:47:09.246728+00:00
https://monzo.com/blog/everything-you-need-to-know-about-monzos-holographic-debit-card,monzo.com,/blog/everything-you-need-to-know-about-monzos-holographic-debit-card,blog,False,https://monzo.com/gb-sitemap.xml,2026-08-16T18:47:09.246728+00:00
https://monzo.com/blog/expense-cards,monzo.com,/blog/expense-cards,blog,False,https://monzo.com/gb-sitemap.xml,2026-08-16T18:47:09.246728+00:00
https://monzo.com/blog/extending-our-open-banking-gambling-block,monzo.com,/blog/extending-our-open-banking-gambling-block,blog,False,https://monzo.com/gb-sitemap.xml,2026-08-16T18:47:09.246728+00:00
https://monzo.com/blog/festival-money-saving-tips,monzo.com,/blog/festival-money-saving-tips,blog,False,https://monzo.com/gb-sitemap.xml,2026-08-16T18:47:09.246728+00:00
https://monzo.com/blog/financially-supporting-family-bank-of-mum-and-dad,monzo.com,/blog/financially-supporting-family-bank-of-mum-and-dad,blog,False,https://monzo.com/gb-sitemap.xml,2026-08-16T18:47:09.246728+00:00
https://monzo.com/blog/first-three-months-product-designer,monzo.com,/blog/first-three-months-product-designer,blog,False,https://monzo.com/gb-sitemap.xml,2026-08-16T18:47:09.246728+00:00
https://monzo.com/blog/flex-on-apple-pay,monzo.com,/blog/flex-on-apple-pay,blog,False,https://monzo.com/gb-sitemap.xml,2026-08-16T18:47:09.246728+00:00
https://monzo.com/blog/four-essential-monthly-tasks-for-every-small-business-owner,monzo.com,/blog/four-essential-monthly-tasks-for-every-small-business-owner,blog,False,https://monzo.com/gb-sitemap.xml,2026-08-16T18:47:09.246728+00:00
https://monzo.com/blog/fraud-scam-text-or-email-about-coronavirus-from-the-government,monzo.com,/blog/fraud-scam-text-or-email-about-coronavirus-from-the-government,blog,False,https://monzo.com/gb-sitemap.xml,2026-08-16T18:47:09.246728+00:00
https://monzo.com/blog/friendship-money-wealth-gap-tips,monzo.com,/blog/friendship-money-wealth-gap-tips,blog,False,https://monzo.com/gb-sitemap.xml,2026-08-16T18:47:09.246728+00:00
https://monzo.com/blog/friendship-money-wealth-income-gap,monzo.com,/blog/friendship-money-wealth-income-gap,blog,False,https://monzo.com/gb-sitemap.xml,2026-08-16T18:47:09.246728+00:00
https://monzo.com/blog/from-customer-operations-to-executive-assistant-my-journey-at-monzo,monzo.com,/blog/from-customer-operations-to-executive-assistant-my-journey-at-monzo,blog,False,https://monzo.com/gb-sitemap.xml,2026-08-16T18:47:09.246728+00:00
https://monzo.com/blog/from-dashboards-to-data-products-how-we-are-redesigning-analytics-in-monzo,monzo.com,/blog/from-dashboards-to-data-products-how-we-are-redesigning-analytics-in-monzo,blog,False,https://monzo.com/gb-sitemap.xml,2026-08-16T18:47:09.246728+00:00
https://monzo.com/blog/gender-pay-gap-update-april-2020-and-april-2021,monzo.com,/blog/gender-pay-gap-update-april-2020-and-april-2021,blog,False,https://monzo.com/gb-sitemap.xml,2026-08-16T18:47:09.246728+00:00
https://monzo.com/blog/good-start-new-tax-year,monzo.com,/blog/good-start-new-tax-year,blog,False,https://monzo.com/gb-sitemap.xml,2026-08-16T18:47:09.246728+00:00
https://monzo.com/blog/government-support-start-ups-coronavirus,monzo.com,/blog/government-support-start-ups-coronavirus,blog,False,https://monzo.com/gb-sitemap.xml,2026-08-16T18:47:09.246728+00:00
https://monzo.com/blog/great-holidays-great-spending-memories,monzo.com,/blog/great-holidays-great-spending-memories,blog,False,https://monzo.com/gb-sitemap.xml,2026-08-16T18:47:09.246728+00:00
https://monzo.com/blog/group-holidays-bill-splitting-monzo,monzo.com,/blog/group-holidays-bill-splitting-monzo,blog,False,https://monzo.com/gb-sitemap.xml,2026-08-16T18:47:09.246728+00:00
https://monzo.com/blog/guide-to-self-invested-personal-pensions,monzo.com,/blog/guide-to-self-invested-personal-pensions,blog,False,https://monzo.com/gb-sitemap.xml,2026-08-16T18:47:09.246728+00:00
https://monzo.com/blog/help-if-someone-with-a-monzo-account-dies,monzo.com,/blog/help-if-someone-with-a-monzo-account-dies,blog,False,https://monzo.com/gb-sitemap.xml,2026-08-16T18:47:09.246728+00:00
https://monzo.com/blog/helping-friends-with-money-worries,monzo.com,/blog/helping-friends-with-money-worries,blog,False,https://monzo.com/gb-sitemap.xml,2026-08-16T18:47:09.246728+00:00
https://monzo.com/blog/hmrc-scam,monzo.com,/blog/hmrc-scam,blog,False,https://monzo.com/gb-sitemap.xml,2026-08-16T18:47:09.246728+00:00
https://monzo.com/blog/holding-onto-improved-financial-habits,monzo.com,/blog/holding-onto-improved-financial-habits,blog,False,https://monzo.com/gb-sitemap.xml,2026-08-16T18:47:09.246728+00:00
https://monzo.com/blog/how-each-role-in-borrowing-data-allows-us-to-think-big-and-innovate,monzo.com,/blog/how-each-role-in-borrowing-data-allows-us-to-think-big-and-innovate,blog,False,https://monzo.com/gb-sitemap.xml,2026-08-16T18:47:09.246728+00:00
https://monzo.com/blog/how-monzos-gambling-block-and-self-exclusion-helped-me-beat-gambling-addiction-and-pay-off-debt,monzo.com,/blog/how-monzos-gambling-block-and-self-exclusion-helped-me-beat-gambling-addiction-and-pay-off-debt,blog,False,https://monzo.com/gb-sitemap.xml,2026-08-16T18:47:09.246728+00:00
https://monzo.com/blog/how-monzos-gambling-block-helped-me-beat-my-gambling-addiction-and-pay-off-my-debt,monzo.com,/blog/how-monzos-gambling-block-helped-me-beat-my-gambling-addiction-and-pay-off-my-debt,blog,False,https://monzo.com/gb-sitemap.xml,2026-08-16T18:47:09.246728+00:00
https://monzo.com/blog/how-our-design-team-shapes-products-for-our-customers,monzo.com,/blog/how-our-design-team-shapes-products-for-our-customers,blog,False,https://monzo.com/gb-sitemap.xml,2026-08-16T18:47:09.246728+00:00
https://monzo.com/blog/how-the-new-isa-rules-affect-you,monzo.com,/blog/how-the-new-isa-rules-affect-you,blog,False,https://monzo.com/gb-sitemap.xml,2026-08-16T18:47:09.246728+00:00
https://monzo.com/blog/how-to-avoid-scams-about-coronavirus,monzo.com,/blog/how-to-avoid-scams-about-coronavirus,blog,False,https://monzo.com/gb-sitemap.xml,2026-08-16T18:47:09.246728+00:00
https://monzo.com/blog/how-to-check-if-a-websites-safe-before-you-shop-online,monzo.com,/blog/how-to-check-if-a-websites-safe-before-you-shop-online,blog,False,https://monzo.com/gb-sitemap.xml,2026-08-16T18:47:09.246728+00:00
https://monzo.com/blog/how-to-create-a-customer-segmentation-choosing-the-right-segmentation,monzo.com,/blog/how-to-create-a-customer-segmentation-choosing-the-right-segmentation,blog,False,https://monzo.com/gb-sitemap.xml,2026-08-16T18:47:09.246728+00:00
https://monzo.com/blog/how-to-get-a-loan-with-bad-credit,monzo.com,/blog/how-to-get-a-loan-with-bad-credit,blog,False,https://monzo.com/gb-sitemap.xml,2026-08-16T18:47:09.246728+00:00
https://monzo.com/blog/how-to-get-out-of-your-overdraft,monzo.com,/blog/how-to-get-out-of-your-overdraft,blog,False,https://monzo.com/gb-sitemap.xml,2026-08-16T18:47:09.246728+00:00
https://monzo.com/blog/how-to-get-support-if-youre-a-refugee-or-asylum-seeker-during-coronavirus,monzo.com,/blog/how-to-get-support-if-youre-a-refugee-or-asylum-seeker-during-coronavirus,blog,False,https://monzo.com/gb-sitemap.xml,2026-08-16T18:47:09.246728+00:00
https://monzo.com/blog/how-to-live-on-20-less-money-furlough,monzo.com,/blog/how-to-live-on-20-less-money-furlough,blog,False,https://monzo.com/gb-sitemap.xml,2026-08-16T18:47:09.246728+00:00
https://monzo.com/blog/how-to-open-a-business-bank-account-with-just-your-phone,monzo.com,/blog/how-to-open-a-business-bank-account-with-just-your-phone,blog,False,https://monzo.com/gb-sitemap.xml,2026-08-16T18:47:09.246728+00:00
https://monzo.com/blog/how-to-open-a-monzo-account,monzo.com,/blog/how-to-open-a-monzo-account,blog,False,https://monzo.com/gb-sitemap.xml,2026-08-16T18:47:09.246728+00:00
https://monzo.com/blog/how-to-recognise-financial-abuse-and-get-support,monzo.com,/blog/how-to-recognise-financial-abuse-and-get-support,blog,False,https://monzo.com/gb-sitemap.xml,2026-08-16T18:47:09.246728+00:00
https://monzo.com/blog/how-to-save-for-a-wedding-using-monzo,monzo.com,/blog/how-to-save-for-a-wedding-using-monzo,blog,False,https://monzo.com/gb-sitemap.xml,2026-08-16T18:47:09.246728+00:00
https://monzo.com/blog/how-to-save-for-summer,monzo.com,/blog/how-to-save-for-summer,blog,False,https://monzo.com/gb-sitemap.xml,2026-08-16T18:47:09.246728+00:00
https://monzo.com/blog/how-to-save-for-travel-spontaneity-fund,monzo.com,/blog/how-to-save-for-travel-spontaneity-fund,blog,False,https://monzo.com/gb-sitemap.xml,2026-08-16T18:47:09.246728+00:00
https://monzo.com/blog/how-to-save-money-as-you-run-walk-or-cycle,monzo.com,/blog/how-to-save-money-as-you-run-walk-or-cycle,blog,False,https://monzo.com/gb-sitemap.xml,2026-08-16T18:47:09.246728+00:00
https://monzo.com/blog/how-to-save-the-spare-change-with-round-ups,monzo.com,/blog/how-to-save-the-spare-change-with-round-ups,blog,False,https://monzo.com/gb-sitemap.xml,2026-08-16T18:47:09.246728+00:00
https://monzo.com/blog/how-to-shop-online-safely-with-monzo,monzo.com,/blog/how-to-shop-online-safely-with-monzo,blog,False,https://monzo.com/gb-sitemap.xml,2026-08-16T18:47:09.246728+00:00
https://monzo.com/blog/how-to-spot-a-bank-scam,monzo.com,/blog/how-to-spot-a-bank-scam,blog,False,https://monzo.com/gb-sitemap.xml,2026-08-16T18:47:09.246728+00:00
https://monzo.com/blog/how-to-successfully-run-your-own-design-input-sessions,monzo.com,/blog/how-to-successfully-run-your-own-design-input-sessions,blog,False,https://monzo.com/gb-sitemap.xml,2026-08-16T18:47:09.246728+00:00
https://monzo.com/blog/how-to-support-local-businesses-coming-out-of-lockdown,monzo.com,/blog/how-to-support-local-businesses-coming-out-of-lockdown,blog,False,https://monzo.com/gb-sitemap.xml,2026-08-16T18:47:09.246728+00:00
https://monzo.com/blog/how-we-built-a-product-to-demystify-credit-scores,monzo.com,/blog/how-we-built-a-product-to-demystify-credit-scores,blog,False,https://monzo.com/gb-sitemap.xml,2026-08-16T18:47:09.246728+00:00
https://monzo.com/blog/how-we-built-a-queue-on-top-of-kafka,monzo.com,/blog/how-we-built-a-queue-on-top-of-kafka,blog,False,https://monzo.com/gb-sitemap.xml,2026-08-16T18:47:09.246728+00:00
https://monzo.com/blog/how-we-built-the-new-home-screen,monzo.com,/blog/how-we-built-the-new-home-screen,blog,False,https://monzo.com/gb-sitemap.xml,2026-08-16T18:47:09.246728+00:00
https://monzo.com/blog/how-we-built-year-in-monzo-unlocking-the-data-magic,monzo.com,/blog/how-we-built-year-in-monzo-unlocking-the-data-magic,blog,False,https://monzo.com/gb-sitemap.xml,2026-08-16T18:47:09.246728+00:00
https://monzo.com/blog/how-we-cut-time-to-sign-up-for-monzo-us-from-17-minutes-to-4-minutes,monzo.com,/blog/how-we-cut-time-to-sign-up-for-monzo-us-from-17-minutes-to-4-minutes,blog,False,https://monzo.com/gb-sitemap.xml,2026-08-16T18:47:09.246728+00:00
https://monzo.com/blog/how-we-measured-change-aversion-with-our-new-home-screen,monzo.com,/blog/how-we-measured-change-aversion-with-our-new-home-screen,blog,False,https://monzo.com/gb-sitemap.xml,2026-08-16T18:47:09.246728+00:00
https://monzo.com/blog/how-we-moved-our-faster-payments-connection-in-house,monzo.com,/blog/how-we-moved-our-faster-payments-connection-in-house,blog,False,https://monzo.com/gb-sitemap.xml,2026-08-16T18:47:09.246728+00:00
https://monzo.com/blog/how-we-run-migrations-across-2800-microservices,monzo.com,/blog/how-we-run-migrations-across-2800-microservices,blog,False,https://monzo.com/gb-sitemap.xml,2026-08-16T18:47:09.246728+00:00
https://monzo.com/blog/how-we-securely-generate-sensitive-secrets,monzo.com,/blog/how-we-securely-generate-sensitive-secrets,blog,False,https://monzo.com/gb-sitemap.xml,2026-08-16T18:47:09.246728+00:00
https://monzo.com/blog/how-we-unified-our-customers-activity-on-the-new-home-screen,monzo.com,/blog/how-we-unified-our-customers-activity-on-the-new-home-screen,blog,False,https://monzo.com/gb-sitemap.xml,2026-08-16T18:47:09.246728+00:00
https://monzo.com/blog/how-we-upgraded-3d-secure,monzo.com,/blog/how-we-upgraded-3d-secure,blog,False,https://monzo.com/gb-sitemap.xml,2026-08-16T18:47:09.246728+00:00
https://monzo.com/blog/how-we-use-design-to-create-business-impact-at-monzo,monzo.com,/blog/how-we-use-design-to-create-business-impact-at-monzo,blog,False,https://monzo.com/gb-sitemap.xml,2026-08-16T18:47:09.246728+00:00
https://monzo.com/blog/how-we-use-incremental-modelling-to-handle-billions-of-events-every-day,monzo.com,/blog/how-we-use-incremental-modelling-to-handle-billions-of-events-every-day,blog,False,https://monzo.com/gb-sitemap.xml,2026-08-16T18:47:09.246728+00:00
https://monzo.com/blog/how-weve-evolved-on-call-at-monzo,monzo.com,/blog/how-weve-evolved-on-call-at-monzo,blog,False,https://monzo.com/gb-sitemap.xml,2026-08-16T18:47:09.246728+00:00
https://monzo.com/blog/how-we-wrote-5-million-years-in-monzo,monzo.com,/blog/how-we-wrote-5-million-years-in-monzo,blog,False,https://monzo.com/gb-sitemap.xml,2026-08-16T18:47:09.246728+00:00
https://monzo.com/blog/inclusive-hiring-in-engineering-at-monzo,monzo.com,/blog/inclusive-hiring-in-engineering-at-monzo,blog,False,https://monzo.com/gb-sitemap.xml,2026-08-16T18:47:09.246728+00:00
https://monzo.com/blog/instant-access-savings-are-here,monzo.com,/blog/instant-access-savings-are-here,blog,False,https://monzo.com/gb-sitemap.xml,2026-08-16T18:47:09.246728+00:00
https://monzo.com/blog/introducing-monzo-plus,monzo.com,/blog/introducing-monzo-plus,blog,False,https://monzo.com/gb-sitemap.xml,2026-08-16T18:47:09.246728+00:00
https://monzo.com/blog/introducing-monzo-premium,monzo.com,/blog/introducing-monzo-premium,blog,False,https://monzo.com/gb-sitemap.xml,2026-08-16T18:47:09.246728+00:00
https://monzo.com/blog/introducing-our-industry-first-security-tools,monzo.com,/blog/introducing-our-industry-first-security-tools,blog,False,https://monzo.com/gb-sitemap.xml,2026-08-16T18:47:09.246728+00:00
https://monzo.com/blog/introducing-team,monzo.com,/blog/introducing-team,blog,False,https://monzo.com/gb-sitemap.xml,2026-08-16T18:47:09.246728+00:00
https://monzo.com/blog/i-paid-off-gbp5k-debt-and-saved-gbp8k-for-my-dream-home-deposit,monzo.com,/blog/i-paid-off-gbp5k-debt-and-saved-gbp8k-for-my-dream-home-deposit,blog,False,https://monzo.com/gb-sitemap.xml,2026-08-16T18:47:09.246728+00:00
https://monzo.com/blog/is-monzo-premium-worth-it,monzo.com,/blog/is-monzo-premium-worth-it,blog,False,https://monzo.com/gb-sitemap.xml,2026-08-16T18:47:09.246728+00:00
https://monzo.com/blog/i-started-my-dream-business-and-became-my-own-boss-during-the-pandemic,monzo.com,/blog/i-started-my-dream-business-and-became-my-own-boss-during-the-pandemic,blog,False,https://monzo.com/gb-sitemap.xml,2026-08-16T18:47:09.246728+00:00
https://monzo.com/blog/i-was-out-of-work-for-18-months,monzo.com,/blog/i-was-out-of-work-for-18-months,blog,False,https://monzo.com/gb-sitemap.xml,2026-08-16T18:47:09.246728+00:00
https://monzo.com/blog/launching-the-womens-network-at-monzo,monzo.com,/blog/launching-the-womens-network-at-monzo,blog,False,https://monzo.com/gb-sitemap.xml,2026-08-16T18:47:09.246728+00:00
https://monzo.com/blog/lessons-from-implementing-progression-frameworks-at-scale,monzo.com,/blog/lessons-from-implementing-progression-frameworks-at-scale,blog,False,https://monzo.com/gb-sitemap.xml,2026-08-16T18:47:09.246728+00:00
https://monzo.com/blog/loans-help/car-finance-option,monzo.com,/blog/loans-help/car-finance-option,blog,False,https://monzo.com/gb-sitemap.xml,2026-08-16T18:47:09.246728+00:00
https://monzo.com/blog/loans-help/pay-off-credit-card,monzo.com,/blog/loans-help/pay-off-credit-card,blog,False,https://monzo.com/gb-sitemap.xml,2026-08-16T18:47:09.246728+00:00
https://monzo.com/blog/looking-for-a-budgeting-app-supercharge-your-savings-and-budget-better-with,monzo.com,/blog/looking-for-a-budgeting-app-supercharge-your-savings-and-budget-better-with,blog,False,https://monzo.com/gb-sitemap.xml,2026-08-16T18:47:09.246728+00:00
https://monzo.com/blog/make-monzo-more-you,monzo.com,/blog/make-monzo-more-you,blog,False,https://monzo.com/gb-sitemap.xml,2026-08-16T18:47:09.246728+00:00
https://monzo.com/blog/make-your-side-hustle-your-main-hustle,monzo.com,/blog/make-your-side-hustle-your-main-hustle,blog,False,https://monzo.com/gb-sitemap.xml,2026-08-16T18:47:09.246728+00:00
https://monzo.com/blog/making-identity-verification-more-accessible,monzo.com,/blog/making-identity-verification-more-accessible,blog,False,https://monzo.com/gb-sitemap.xml,2026-08-16T18:47:09.246728+00:00
https://monzo.com/blog/making-mortgages-more-monzo,monzo.com,/blog/making-mortgages-more-monzo,blog,False,https://monzo.com/gb-sitemap.xml,2026-08-16T18:47:09.246728+00:00
https://monzo.com/blog/manage-money-group-holidays,monzo.com,/blog/manage-money-group-holidays,blog,False,https://monzo.com/gb-sitemap.xml,2026-08-16T18:47:09.246728+00:00
https://monzo.com/blog/manage-your-business-finances-during-coronavirus,monzo.com,/blog/manage-your-business-finances-during-coronavirus,blog,False,https://monzo.com/gb-sitemap.xml,2026-08-16T18:47:09.246728+00:00
https://monzo.com/blog/managing-money-group-holidays-monzo,monzo.com,/blog/managing-money-group-holidays-monzo,blog,False,https://monzo.com/gb-sitemap.xml,2026-08-16T18:47:09.246728+00:00
https://monzo.com/blog/managing-money-with-pets,monzo.com,/blog/managing-money-with-pets,blog,False,https://monzo.com/gb-sitemap.xml,2026-08-16T18:47:09.246728+00:00
https://monzo.com/blog/managing-my-universal-credit-payments,monzo.com,/blog/managing-my-universal-credit-payments,blog,False,https://monzo.com/gb-sitemap.xml,2026-08-16T18:47:09.246728+00:00
https://monzo.com/blog/mental-health-coronavirus,monzo.com,/blog/mental-health-coronavirus,blog,False,https://monzo.com/gb-sitemap.xml,2026-08-16T18:47:09.246728+00:00
https://monzo.com/blog/migrating-vaults-storage-with-no-downtime,monzo.com,/blog/migrating-vaults-storage-with-no-downtime,blog,False,https://monzo.com/gb-sitemap.xml,2026-08-16T18:47:09.246728+00:00
https://monzo.com/blog/monzo-among-the-uks-most-recommended-brands-february-2020,monzo.com,/blog/monzo-among-the-uks-most-recommended-brands-february-2020,blog,False,https://monzo.com/gb-sitemap.xml,2026-08-16T18:47:09.246728+00:00
https://monzo.com/blog/monzo-business-banking,monzo.com,/blog/monzo-business-banking,blog,False,https://monzo.com/gb-sitemap.xml,2026-08-16T18:47:09.246728+00:00
https://monzo.com/blog/monzo-business-deborah,monzo.com,/blog/monzo-business-deborah,blog,False,https://monzo.com/gb-sitemap.xml,2026-08-16T18:47:09.246728+00:00
https://monzo.com/blog/monzo-business-how-to-add-information-to-transactions,monzo.com,/blog/monzo-business-how-to-add-information-to-transactions,blog,False,https://monzo.com/gb-sitemap.xml,2026-08-16T18:47:09.246728+00:00
https://monzo.com/blog/monzo-business-how-to-automate-tax-savings-with-tax-pots,monzo.com,/blog/monzo-business-how-to-automate-tax-savings-with-tax-pots,blog,False,https://monzo.com/gb-sitemap.xml,2026-08-16T18:47:09.246728+00:00
https://monzo.com/blog/monzo-business-how-to-integrate-your-accounting-software,monzo.com,/blog/monzo-business-how-to-integrate-your-accounting-software,blog,False,https://monzo.com/gb-sitemap.xml,2026-08-16T18:47:09.246728+00:00
https://monzo.com/blog/monzo-business-how-to-set-up-auto-exports,monzo.com,/blog/monzo-business-how-to-set-up-auto-exports,blog,False,https://monzo.com/gb-sitemap.xml,2026-08-16T18:47:09.246728+00:00
https://monzo.com/blog/monzo-for-under-16s-the-future-of-bank-accounts-for-kids,monzo.com,/blog/monzo-for-under-16s-the-future-of-bank-accounts-for-kids,blog,False,https://monzo.com/gb-sitemap.xml,2026-08-16T18:47:09.246728+00:00
https://monzo.com/blog/monzo-in-2020-looking-back,monzo.com,/blog/monzo-in-2020-looking-back,blog,False,https://monzo.com/gb-sitemap.xml,2026-08-16T18:47:09.246728+00:00
https://monzo.com/blog/monzo-investments-is-here-leave-the-hard-work-to-us,monzo.com,/blog/monzo-investments-is-here-leave-the-hard-work-to-us,blog,False,https://monzo.com/gb-sitemap.xml,2026-08-16T18:47:09.246728+00:00
https://monzo.com/blog/monzo-is-opening-an-engineering-hub-in-barcelona,monzo.com,/blog/monzo-is-opening-an-engineering-hub-in-barcelona,blog,False,https://monzo.com/gb-sitemap.xml,2026-08-16T18:47:09.246728+00:00
https://monzo.com/blog/monzo-is-the-uks-most-recommended-brand,monzo.com,/blog/monzo-is-the-uks-most-recommended-brand,blog,False,https://monzo.com/gb-sitemap.xml,2026-08-16T18:47:09.246728+00:00
https://monzo.com/blog/monzo-parents,monzo.com,/blog/monzo-parents,blog,False,https://monzo.com/gb-sitemap.xml,2026-08-16T18:47:09.246728+00:00
https://monzo.com/blog/monzo-pots-amys-story,monzo.com,/blog/monzo-pots-amys-story,blog,False,https://monzo.com/gb-sitemap.xml,2026-08-16T18:47:09.246728+00:00
https://monzo.com/blog/monzo-pots-for-pets-cats,monzo.com,/blog/monzo-pots-for-pets-cats,blog,False,https://monzo.com/gb-sitemap.xml,2026-08-16T18:47:09.246728+00:00
https://monzo.com/blog/monzo-pots-robs-story,monzo.com,/blog/monzo-pots-robs-story,blog,False,https://monzo.com/gb-sitemap.xml,2026-08-16T18:47:09.246728+00:00
https://monzo.com/blog/monzo-pots-save-money-healthy-eating,monzo.com,/blog/monzo-pots-save-money-healthy-eating,blog,False,https://monzo.com/gb-sitemap.xml,2026-08-16T18:47:09.246728+00:00
https://monzo.com/blog/monzo-premium-travel-insurance-provider-update,monzo.com,/blog/monzo-premium-travel-insurance-provider-update,blog,False,https://monzo.com/gb-sitemap.xml,2026-08-16T18:47:09.246728+00:00
https://monzo.com/blog/monzo-reports-to-all-credit-reference-agencies-cras-equifax-experian-transunion,monzo.com,/blog/monzo-reports-to-all-credit-reference-agencies-cras-equifax-experian-transunion,blog,False,https://monzo.com/gb-sitemap.xml,2026-08-16T18:47:09.246728+00:00
https://monzo.com/blog/more-people-switched-their-bank-accounts-to-monzo,monzo.com,/blog/more-people-switched-their-bank-accounts-to-monzo,blog,False,https://monzo.com/gb-sitemap.xml,2026-08-16T18:47:09.246728+00:00
https://monzo.com/blog/moving-monzo-com,monzo.com,/blog/moving-monzo-com,blog,False,https://monzo.com/gb-sitemap.xml,2026-08-16T18:47:09.246728+00:00
https://monzo.com/blog/my-income-halved-accountant-turned-freelance-yoga-teacher,monzo.com,/blog/my-income-halved-accountant-turned-freelance-yoga-teacher,blog,False,https://monzo.com/gb-sitemap.xml,2026-08-16T18:47:09.246728+00:00
https://monzo.com/blog/new-bill-split-reminder,monzo.com,/blog/new-bill-split-reminder,blog,False,https://monzo.com/gb-sitemap.xml,2026-08-16T18:47:09.246728+00:00
https://monzo.com/blog/new-international-transfers,monzo.com,/blog/new-international-transfers,blog,False,https://monzo.com/gb-sitemap.xml,2026-08-16T18:47:09.246728+00:00
https://monzo.com/blog/o2-text-scam,monzo.com,/blog/o2-text-scam,blog,False,https://monzo.com/gb-sitemap.xml,2026-08-16T18:47:09.246728+00:00
https://monzo.com/blog/open-palm-tech-donate,monzo.com,/blog/open-palm-tech-donate,blog,False,https://monzo.com/gb-sitemap.xml,2026-08-16T18:47:09.246728+00:00
https://monzo.com/blog/our-2020-diversity-and-inclusion-report,monzo.com,/blog/our-2020-diversity-and-inclusion-report,blog,False,https://monzo.com/gb-sitemap.xml,2026-08-16T18:47:09.246728+00:00
https://monzo.com/blog/our-2021-diversity-and-inclusion-report,monzo.com,/blog/our-2021-diversity-and-inclusion-report,blog,False,https://monzo.com/gb-sitemap.xml,2026-08-16T18:47:09.246728+00:00
https://monzo.com/blog/our-2023-diversity-and-inclusion-report,monzo.com,/blog/our-2023-diversity-and-inclusion-report,blog,False,https://monzo.com/gb-sitemap.xml,2026-08-16T18:47:09.246728+00:00
https://monzo.com/blog/our-2024-diversity-and-inclusion-report,monzo.com,/blog/our-2024-diversity-and-inclusion-report,blog,False,https://monzo.com/gb-sitemap.xml,2026-08-16T18:47:09.246728+00:00
https://monzo.com/blog/outsourcing-parts-of-your-business,monzo.com,/blog/outsourcing-parts-of-your-business,blog,False,https://monzo.com/gb-sitemap.xml,2026-08-16T18:47:09.246728+00:00
https://monzo.com/blog/page/10,monzo.com,/blog/page/10,blog,False,https://monzo.com/gb-sitemap.xml,2026-08-16T18:47:09.246728+00:00
https://monzo.com/blog/page/11,monzo.com,/blog/page/11,blog,False,https://monzo.com/gb-sitemap.xml,2026-08-16T18:47:09.246728+00:00
https://monzo.com/blog/page/12,monzo.com,/blog/page/12,blog,False,https://monzo.com/gb-sitemap.xml,2026-08-16T18:47:09.246728+00:00
https://monzo.com/blog/page/13,monzo.com,/blog/page/13,blog,False,https://monzo.com/gb-sitemap.xml,2026-08-16T18:47:09.246728+00:00
https://monzo.com/blog/page/14,monzo.com,/blog/page/14,blog,False,https://monzo.com/gb-sitemap.xml,2026-08-16T18:47:09.246728+00:00
https://monzo.com/blog/page/15,monzo.com,/blog/page/15,blog,False,https://monzo.com/gb-sitemap.xml,2026-08-16T18:47:09.246728+00:00
https://monzo.com/blog/page/16,monzo.com,/blog/page/16,blog,False,https://monzo.com/gb-sitemap.xml,2026-08-16T18:47:09.246728+00:00
https://monzo.com/blog/page/17,monzo.com,/blog/page/17,blog,False,https://monzo.com/gb-sitemap.xml,2026-08-16T18:47:09.246728+00:00
https://monzo.com/blog/page/18,monzo.com,/blog/page/18,blog,False,https://monzo.com/gb-sitemap.xml,2026-08-16T18:47:09.246728+00:00
https://monzo.com/blog/page/19,monzo.com,/blog/page/19,blog,False,https://monzo.com/gb-sitemap.xml,2026-08-16T18:47:09.246728+00:00
https://monzo.com/blog/page/2,monzo.com,/blog/page/2,blog,False,https://monzo.com/gb-sitemap.xml,2026-08-16T18:47:09.246728+00:00
https://monzo.com/blog/page/20,monzo.com,/blog/page/20,blog,False,https://monzo.com/gb-sitemap.xml,2026-08-16T18:47:09.246728+00:00
https://monzo.com/blog/page/21,monzo.com,/blog/page/21,blog,False,https://monzo.com/gb-sitemap.xml,2026-08-16T18:47:09.246728+00:00
https://monzo.com/blog/page/22,monzo.com,/blog/page/22,blog,False,https://monzo.com/gb-sitemap.xml,2026-08-16T18:47:09.246728+00:00
https://monzo.com/blog/page/23,monzo.com,/blog/page/23,blog,False,https://monzo.com/gb-sitemap.xml,2026-08-16T18:47:09.246728+00:00
https://monzo.com/blog/page/24,monzo.com,/blog/page/24,blog,False,https://monzo.com/gb-sitemap.xml,2026-08-16T18:47:09.246728+00:00
https://monzo.com/blog/page/25,monzo.com,/blog/page/25,blog,False,https://monzo.com/gb-sitemap.xml,2026-08-16T18:47:09.246728+00:00
https://monzo.com/blog/page/26,monzo.com,/blog/page/26,blog,False,https://monzo.com/gb-sitemap.xml,2026-08-16T18:47:09.246728+00:00
https://monzo.com/blog/page/27,monzo.com,/blog/page/27,blog,False,https://monzo.com/gb-sitemap.xml,2026-08-16T18:47:09.246728+00:00
https://monzo.com/blog/page/28,monzo.com,/blog/page/28,blog,False,https://monzo.com/gb-sitemap.xml,2026-08-16T18:47:09.246728+00:00
https://monzo.com/blog/page/29,monzo.com,/blog/page/29,blog,False,https://monzo.com/gb-sitemap.xml,2026-08-16T18:47:09.246728+00:00
https://monzo.com/blog/page/3,monzo.com,/blog/page/3,blog,False,https://monzo.com/gb-sitemap.xml,2026-08-16T18:47:09.246728+00:00
https://monzo.com/blog/page/30,monzo.com,/blog/page/30,blog,False,https://monzo.com/gb-sitemap.xml,2026-08-16T18:47:09.246728+00:00
https://monzo.com/blog/page/31,monzo.com,/blog/page/31,blog,False,https://monzo.com/gb-sitemap.xml,2026-08-16T18:47:09.246728+00:00
https://monzo.com/blog/page/32,monzo.com,/blog/page/32,blog,False,https://monzo.com/gb-sitemap.xml,2026-08-16T18:47:09.246728+00:00
https://monzo.com/blog/page/33,monzo.com,/blog/page/33,blog,False,https://monzo.com/gb-sitemap.xml,2026-08-16T18:47:09.246728+00:00
https://monzo.com/blog/page/34,monzo.com,/blog/page/34,blog,False,https://monzo.com/gb-sitemap.xml,2026-08-16T18:47:09.246728+00:00
https://monzo.com/blog/page/35,monzo.com,/blog/page/35,blog,False,https://monzo.com/gb-sitemap.xml,2026-08-16T18:47:09.246728+00:00
https://monzo.com/blog/page/36,monzo.com,/blog/page/36,blog,False,https://monzo.com/gb-sitemap.xml,2026-08-16T18:47:09.246728+00:00
https://monzo.com/blog/page/37,monzo.com,/blog/page/37,blog,False,https://monzo.com/gb-sitemap.xml,2026-08-16T18:47:09.246728+00:00
https://monzo.com/blog/page/38,monzo.com,/blog/page/38,blog,False,https://monzo.com/gb-sitemap.xml,2026-08-16T18:47:09.246728+00:00
https://monzo.com/blog/page/39,monzo.com,/blog/page/39,blog,False,https://monzo.com/gb-sitemap.xml,2026-08-16T18:47:09.246728+00:00
https://monzo.com/blog/page/4,monzo.com,/blog/page/4,blog,False,https://monzo.com/gb-sitemap.xml,2026-08-16T18:47:09.246728+00:00
https://monzo.com/blog/page/40,monzo.com,/blog/page/40,blog,False,https://monzo.com/gb-sitemap.xml,2026-08-16T18:47:09.246728+00:00
https://monzo.com/blog/page/41,monzo.com,/blog/page/41,blog,False,https://monzo.com/gb-sitemap.xml,2026-08-16T18:47:09.246728+00:00
https://monzo.com/blog/page/42,monzo.com,/blog/page/42,blog,False,https://monzo.com/gb-sitemap.xml,2026-08-16T18:47:09.246728+00:00
https://monzo.com/blog/page/43,monzo.com,/blog/page/43,blog,False,https://monzo.com/gb-sitemap.xml,2026-08-16T18:47:09.246728+00:00
https://monzo.com/blog/page/44,monzo.com,/blog/page/44,blog,False,https://monzo.com/gb-sitemap.xml,2026-08-16T18:47:09.246728+00:00
https://monzo.com/blog/page/45,monzo.com,/blog/page/45,blog,False,https://monzo.com/gb-sitemap.xml,2026-08-16T18:47:09.246728+00:00
https://monzo.com/blog/page/46,monzo.com,/blog/page/46,blog,False,https://monzo.com/gb-sitemap.xml,2026-08-16T18:47:09.246728+00:00
https://monzo.com/blog/page/47,monzo.com,/blog/page/47,blog,False,https://monzo.com/gb-sitemap.xml,2026-08-16T18:47:09.246728+00:00
https://monzo.com/blog/page/48,monzo.com,/blog/page/48,blog,False,https://monzo.com/gb-sitemap.xml,2026-08-16T18:47:09.246728+00:00
https://monzo.com/blog/page/49,monzo.com,/blog/page/49,blog,False,https://monzo.com/gb-sitemap.xml,2026-08-16T18:47:09.246728+00:00
https://monzo.com/blog/page/5,monzo.com,/blog/page/5,blog,False,https://monzo.com/gb-sitemap.xml,2026-08-16T18:47:09.246728+00:00
https://monzo.com/blog/page/50,monzo.com,/blog/page/50,blog,False,https://monzo.com/gb-sitemap.xml,2026-08-16T18:47:09.246728+00:00
https://monzo.com/blog/page/51,monzo.com,/blog/page/51,blog,False,https://monzo.com/gb-sitemap.xml,2026-08-16T18:47:09.246728+00:00
https://monzo.com/blog/page/52,monzo.com,/blog/page/52,blog,False,https://monzo.com/gb-sitemap.xml,2026-08-16T18:47:09.246728+00:00
https://monzo.com/blog/page/53,monzo.com,/blog/page/53,blog,False,https://monzo.com/gb-sitemap.xml,2026-08-16T18:47:09.246728+00:00
https://monzo.com/blog/page/54,monzo.com,/blog/page/54,blog,False,https://monzo.com/gb-sitemap.xml,2026-08-16T18:47:09.246728+00:00
https://monzo.com/blog/page/55,monzo.com,/blog/page/55,blog,False,https://monzo.com/gb-sitemap.xml,2026-08-16T18:47:09.246728+00:00
https://monzo.com/blog/page/56,monzo.com,/blog/page/56,blog,False,https://monzo.com/gb-sitemap.xml,2026-08-16T18:47:09.246728+00:00
https://monzo.com/blog/page/57,monzo.com,/blog/page/57,blog,False,https://monzo.com/gb-sitemap.xml,2026-08-16T18:47:09.246728+00:00
https://monzo.com/blog/page/58,monzo.com,/blog/page/58,blog,False,https://monzo.com/gb-sitemap.xml,2026-08-16T18:47:09.246728+00:00
https://monzo.com/blog/page/59,monzo.com,/blog/page/59,blog,False,https://monzo.com/gb-sitemap.xml,2026-08-16T18:47:09.246728+00:00
https://monzo.com/blog/page/6,monzo.com,/blog/page/6,blog,False,https://monzo.com/gb-sitemap.xml,2026-08-16T18:47:09.246728+00:00
https://monzo.com/blog/page/60,monzo.com,/blog/page/60,blog,False,https://monzo.com/gb-sitemap.xml,2026-08-16T18:47:09.246728+00:00
https://monzo.com/blog/page/61,monzo.com,/blog/page/61,blog,False,https://monzo.com/gb-sitemap.xml,2026-08-16T18:47:09.246728+00:00
https://monzo.com/blog/page/7,monzo.com,/blog/page/7,blog,False,https://monzo.com/gb-sitemap.xml,2026-08-16T18:47:09.246728+00:00
https://monzo.com/blog/page/8,monzo.com,/blog/page/8,blog,False,https://monzo.com/gb-sitemap.xml,2026-08-16T18:47:09.246728+00:00
https://monzo.com/blog/page/9,monzo.com,/blog/page/9,blog,False,https://monzo.com/gb-sitemap.xml,2026-08-16T18:47:09.246728+00:00
https://monzo.com/blog/pay-not-to-be-there-challenge-save-money,monzo.com,/blog/pay-not-to-be-there-challenge-save-money,blog,False,https://monzo.com/gb-sitemap.xml,2026-08-16T18:47:09.246728+00:00
https://monzo.com/blog/pay-on-card-from-a-pot,monzo.com,/blog/pay-on-card-from-a-pot,blog,False,https://monzo.com/gb-sitemap.xml,2026-08-16T18:47:09.246728+00:00
https://monzo.com/blog/personal-details-are-compromised,monzo.com,/blog/personal-details-are-compromised,blog,False,https://monzo.com/gb-sitemap.xml,2026-08-16T18:47:09.246728+00:00
https://monzo.com/blog/pivot-your-business-online,monzo.com,/blog/pivot-your-business-online,blog,False,https://monzo.com/gb-sitemap.xml,2026-08-16T18:47:09.246728+00:00
https://monzo.com/blog/plans-cancelled-because-of-coronavirus-find-out-if-you-can-get-your-money,monzo.com,/blog/plans-cancelled-because-of-coronavirus-find-out-if-you-can-get-your-money,blog,False,https://monzo.com/gb-sitemap.xml,2026-08-16T18:47:09.246728+00:00
https://monzo.com/blog/police-impersonation-scam-phone-call,monzo.com,/blog/police-impersonation-scam-phone-call,blog,False,https://monzo.com/gb-sitemap.xml,2026-08-16T18:47:09.246728+00:00
https://monzo.com/blog/preparing-for-mobile-interviews-at-monzo,monzo.com,/blog/preparing-for-mobile-interviews-at-monzo,blog,False,https://monzo.com/gb-sitemap.xml,2026-08-16T18:47:09.246728+00:00
https://monzo.com/blog/pride-season-2020,monzo.com,/blog/pride-season-2020,blog,False,https://monzo.com/gb-sitemap.xml,2026-08-16T18:47:09.246728+00:00
https://monzo.com/blog/processing-payments-in-monzo-stand-in,monzo.com,/blog/processing-payments-in-monzo-stand-in,blog,False,https://monzo.com/gb-sitemap.xml,2026-08-16T18:47:09.246728+00:00
https://monzo.com/blog/protect-money-boundaries-maintain-social-life,monzo.com,/blog/protect-money-boundaries-maintain-social-life,blog,False,https://monzo.com/gb-sitemap.xml,2026-08-16T18:47:09.246728+00:00
https://monzo.com/blog/protect-yourself-from-fraud-never-share-your-pin,monzo.com,/blog/protect-yourself-from-fraud-never-share-your-pin,blog,False,https://monzo.com/gb-sitemap.xml,2026-08-16T18:47:09.246728+00:00
https://monzo.com/blog/rainy-day-fund-save-money-automatically-every-time-it-rains,monzo.com,/blog/rainy-day-fund-save-money-automatically-every-time-it-rains,blog,False,https://monzo.com/gb-sitemap.xml,2026-08-16T18:47:09.246728+00:00
https://monzo.com/blog/receive-international-payments,monzo.com,/blog/receive-international-payments,blog,False,https://monzo.com/gb-sitemap.xml,2026-08-16T18:47:09.246728+00:00
https://monzo.com/blog/relationship-money-communication-tips,monzo.com,/blog/relationship-money-communication-tips,blog,False,https://monzo.com/gb-sitemap.xml,2026-08-16T18:47:09.246728+00:00
https://monzo.com/blog/relationship-money-income-gap,monzo.com,/blog/relationship-money-income-gap,blog,False,https://monzo.com/gb-sitemap.xml,2026-08-16T18:47:09.246728+00:00
https://monzo.com/blog/relying-on-credit-to-get-by,monzo.com,/blog/relying-on-credit-to-get-by,blog,False,https://monzo.com/gb-sitemap.xml,2026-08-16T18:47:09.246728+00:00
https://monzo.com/blog/research-findings-at-monzo,monzo.com,/blog/research-findings-at-monzo,blog,False,https://monzo.com/gb-sitemap.xml,2026-08-16T18:47:09.246728+00:00
https://monzo.com/blog/reverse-1p-savings-challenge-monzo,monzo.com,/blog/reverse-1p-savings-challenge-monzo,blog,False,https://monzo.com/gb-sitemap.xml,2026-08-16T18:47:09.246728+00:00
https://monzo.com/blog/save-money-festivals-pots,monzo.com,/blog/save-money-festivals-pots,blog,False,https://monzo.com/gb-sitemap.xml,2026-08-16T18:47:09.246728+00:00
https://monzo.com/blog/save-money-for-eurovision-monzo-pots,monzo.com,/blog/save-money-for-eurovision-monzo-pots,blog,False,https://monzo.com/gb-sitemap.xml,2026-08-16T18:47:09.246728+00:00
https://monzo.com/blog/save-money-wedding-monzo-pots,monzo.com,/blog/save-money-wedding-monzo-pots,blog,False,https://monzo.com/gb-sitemap.xml,2026-08-16T18:47:09.246728+00:00
https://monzo.com/blog/save-money-when-you-tweet,monzo.com,/blog/save-money-when-you-tweet,blog,False,https://monzo.com/gb-sitemap.xml,2026-08-16T18:47:09.246728+00:00
https://monzo.com/blog/saving-money-last-minute-wedding,monzo.com,/blog/saving-money-last-minute-wedding,blog,False,https://monzo.com/gb-sitemap.xml,2026-08-16T18:47:09.246728+00:00
https://monzo.com/blog/savings-account-guides/how-to-save-money-for-a-house,monzo.com,/blog/savings-account-guides/how-to-save-money-for-a-house,blog,False,https://monzo.com/gb-sitemap.xml,2026-08-16T18:47:09.246728+00:00
https://monzo.com/blog/savings-account-guides/lump-sum-savings-account,monzo.com,/blog/savings-account-guides/lump-sum-savings-account,blog,False,https://monzo.com/gb-sitemap.xml,2026-08-16T18:47:09.246728+00:00
https://monzo.com/blog/saving-tips-from-year-in-monzo,monzo.com,/blog/saving-tips-from-year-in-monzo,blog,False,https://monzo.com/gb-sitemap.xml,2026-08-16T18:47:09.246728+00:00
https://monzo.com/blog/scams-to-watch-out-for-when-youre-shopping-online-this-christmas,monzo.com,/blog/scams-to-watch-out-for-when-youre-shopping-online-this-christmas,blog,False,https://monzo.com/gb-sitemap.xml,2026-08-16T18:47:09.246728+00:00
https://monzo.com/blog/securing-our-software-supply-chain-better-with-reproducible-builds-for,monzo.com,/blog/securing-our-software-supply-chain-better-with-reproducible-builds-for,blog,False,https://monzo.com/gb-sitemap.xml,2026-08-16T18:47:09.246728+00:00
https://monzo.com/blog/seven-steps-to-validate-your-business-idea,monzo.com,/blog/seven-steps-to-validate-your-business-idea,blog,False,https://monzo.com/gb-sitemap.xml,2026-08-16T18:47:09.246728+00:00
https://monzo.com/blog/small-budget-wedding-planning-tips,monzo.com,/blog/small-budget-wedding-planning-tips,blog,False,https://monzo.com/gb-sitemap.xml,2026-08-16T18:47:09.246728+00:00
https://monzo.com/blog/small-businesses-coronavirus,monzo.com,/blog/small-businesses-coronavirus,blog,False,https://monzo.com/gb-sitemap.xml,2026-08-16T18:47:09.246728+00:00
https://monzo.com/blog/small-change-control,monzo.com,/blog/small-change-control,blog,False,https://monzo.com/gb-sitemap.xml,2026-08-16T18:47:09.246728+00:00
https://monzo.com/blog/small-change-manage,monzo.com,/blog/small-change-manage,blog,False,https://monzo.com/gb-sitemap.xml,2026-08-16T18:47:09.246728+00:00
https://monzo.com/blog/small-change-save,monzo.com,/blog/small-change-save,blog,False,https://monzo.com/gb-sitemap.xml,2026-08-16T18:47:09.246728+00:00
https://monzo.com/blog/spending-money-on-pets,monzo.com,/blog/spending-money-on-pets,blog,False,https://monzo.com/gb-sitemap.xml,2026-08-16T18:47:09.246728+00:00
https://monzo.com/blog/spending-money-to-celebrate-friends-single,monzo.com,/blog/spending-money-to-celebrate-friends-single,blog,False,https://monzo.com/gb-sitemap.xml,2026-08-16T18:47:09.246728+00:00
https://monzo.com/blog/staring-a-business-from-home-what-you-need-to-know,monzo.com,/blog/staring-a-business-from-home-what-you-need-to-know,blog,False,https://monzo.com/gb-sitemap.xml,2026-08-16T18:47:09.246728+00:00
https://monzo.com/blog/starting-from-scratch-as-a-new-engineer-at-monzo,monzo.com,/blog/starting-from-scratch-as-a-new-engineer-at-monzo,blog,False,https://monzo.com/gb-sitemap.xml,2026-08-16T18:47:09.246728+00:00
https://monzo.com/blog/start-planning-your-business-again,monzo.com,/blog/start-planning-your-business-again,blog,False,https://monzo.com/gb-sitemap.xml,2026-08-16T18:47:09.246728+00:00
https://monzo.com/blog/support-for-self-employed-coronavirus,monzo.com,/blog/support-for-self-employed-coronavirus,blog,False,https://monzo.com/gb-sitemap.xml,2026-08-16T18:47:09.246728+00:00
https://monzo.com/blog/support-gambling-self-exclusion,monzo.com,/blog/support-gambling-self-exclusion,blog,False,https://monzo.com/gb-sitemap.xml,2026-08-16T18:47:09.246728+00:00
https://monzo.com/blog/supporting-neurodiversity-at-monzo,monzo.com,/blog/supporting-neurodiversity-at-monzo,blog,False,https://monzo.com/gb-sitemap.xml,2026-08-16T18:47:09.246728+00:00
https://monzo.com/blog/take-five-stop-challenge-protect,monzo.com,/blog/take-five-stop-challenge-protect,blog,False,https://monzo.com/gb-sitemap.xml,2026-08-16T18:47:09.246728+00:00
https://monzo.com/blog/take-on-the-spare-change-saving-challenge,monzo.com,/blog/take-on-the-spare-change-saving-challenge,blog,False,https://monzo.com/gb-sitemap.xml,2026-08-16T18:47:09.246728+00:00
https://monzo.com/blog/targets-in-trends,monzo.com,/blog/targets-in-trends,blog,False,https://monzo.com/gb-sitemap.xml,2026-08-16T18:47:09.246728+00:00
https://monzo.com/blog/tax-money-2019-general-election,monzo.com,/blog/tax-money-2019-general-election,blog,False,https://monzo.com/gb-sitemap.xml,2026-08-16T18:47:09.246728+00:00
https://monzo.com/blog/tech-ops-hiring-monzo,monzo.com,/blog/tech-ops-hiring-monzo,blog,False,https://monzo.com/gb-sitemap.xml,2026-08-16T18:47:09.246728+00:00
https://monzo.com/blog/thank-you-jonas-templestein,monzo.com,/blog/thank-you-jonas-templestein,blog,False,https://monzo.com/gb-sitemap.xml,2026-08-16T18:47:09.246728+00:00
https://monzo.com/blog/the-appg-for-gambling-harms-joins-the-call,monzo.com,/blog/the-appg-for-gambling-harms-joins-the-call,blog,False,https://monzo.com/gb-sitemap.xml,2026-08-16T18:47:09.246728+00:00
https://monzo.com/blog/the-extra-cost-of-being-a-woman,monzo.com,/blog/the-extra-cost-of-being-a-woman,blog,False,https://monzo.com/gb-sitemap.xml,2026-08-16T18:47:09.246728+00:00
https://monzo.com/blog/the-extra-costs-of-living-with-adhd,monzo.com,/blog/the-extra-costs-of-living-with-adhd,blog,False,https://monzo.com/gb-sitemap.xml,2026-08-16T18:47:09.246728+00:00
https://monzo.com/blog/the-human-impact-of-late-payments-on-small-businesses,monzo.com,/blog/the-human-impact-of-late-payments-on-small-businesses,blog,False,https://monzo.com/gb-sitemap.xml,2026-08-16T18:47:09.246728+00:00
https://monzo.com/blog/the-new-and-improved-home-screen,monzo.com,/blog/the-new-and-improved-home-screen,blog,False,https://monzo.com/gb-sitemap.xml,2026-08-16T18:47:09.246728+00:00
https://monzo.com/blog/the-ultimate-guide-on-using-ai-to-ace-an-interview-at-monzo,monzo.com,/blog/the-ultimate-guide-on-using-ai-to-ace-an-interview-at-monzo,blog,False,https://monzo.com/gb-sitemap.xml,2026-08-16T18:47:09.246728+00:00
https://monzo.com/blog/tolerating-full-cloud-outages-with-monzo-stand-in,monzo.com,/blog/tolerating-full-cloud-outages-with-monzo-stand-in,blog,False,https://monzo.com/gb-sitemap.xml,2026-08-16T18:47:09.246728+00:00
https://monzo.com/blog/topic/banking-101,monzo.com,/blog/topic/banking-101,blog,False,https://monzo.com/gb-sitemap.xml,2026-08-16T18:47:09.246728+00:00
https://monzo.com/blog/topic/banking-and-regulation,monzo.com,/blog/topic/banking-and-regulation,blog,False,https://monzo.com/gb-sitemap.xml,2026-08-16T18:47:09.246728+00:00
https://monzo.com/blog/topic/black-history-month-2020,monzo.com,/blog/topic/black-history-month-2020,blog,False,https://monzo.com/gb-sitemap.xml,2026-08-16T18:47:09.246728+00:00
https://monzo.com/blog/topic/black-history-month-2021,monzo.com,/blog/topic/black-history-month-2021,blog,False,https://monzo.com/gb-sitemap.xml,2026-08-16T18:47:09.246728+00:00
https://monzo.com/blog/topic/borrowing,monzo.com,/blog/topic/borrowing,blog,False,https://monzo.com/gb-sitemap.xml,2026-08-16T18:47:09.246728+00:00
https://monzo.com/blog/topic/business-banking,monzo.com,/blog/topic/business-banking,blog,False,https://monzo.com/gb-sitemap.xml,2026-08-16T18:47:09.246728+00:00
https://monzo.com/blog/topic/business-banking/page/2,monzo.com,/blog/topic/business-banking/page/2,blog,False,https://monzo.com/gb-sitemap.xml,2026-08-16T18:47:09.246728+00:00
https://monzo.com/blog/topic/business-banking/page/3,monzo.com,/blog/topic/business-banking/page/3,blog,False,https://monzo.com/gb-sitemap.xml,2026-08-16T18:47:09.246728+00:00
https://monzo.com/blog/topic/business-basics,monzo.com,/blog/topic/business-basics,blog,False,https://monzo.com/gb-sitemap.xml,2026-08-16T18:47:09.246728+00:00
https://monzo.com/blog/topic/business-basics/page/2,monzo.com,/blog/topic/business-basics/page/2,blog,False,https://monzo.com/gb-sitemap.xml,2026-08-16T18:47:09.246728+00:00
https://monzo.com/blog/topic/community,monzo.com,/blog/topic/community,blog,False,https://monzo.com/gb-sitemap.xml,2026-08-16T18:47:09.246728+00:00
https://monzo.com/blog/topic/community/page/2,monzo.com,/blog/topic/community/page/2,blog,False,https://monzo.com/gb-sitemap.xml,2026-08-16T18:47:09.246728+00:00
https://monzo.com/blog/topic/coronavirus,monzo.com,/blog/topic/coronavirus,blog,False,https://monzo.com/gb-sitemap.xml,2026-08-16T18:47:09.246728+00:00
https://monzo.com/blog/topic/cost-of-living,monzo.com,/blog/topic/cost-of-living,blog,False,https://monzo.com/gb-sitemap.xml,2026-08-16T18:47:09.246728+00:00
https://monzo.com/blog/topic/credit-scores,monzo.com,/blog/topic/credit-scores,blog,False,https://monzo.com/gb-sitemap.xml,2026-08-16T18:47:09.246728+00:00
https://monzo.com/blog/topic/customer-support,monzo.com,/blog/topic/customer-support,blog,False,https://monzo.com/gb-sitemap.xml,2026-08-16T18:47:09.246728+00:00
https://monzo.com/blog/topic/customer-support/page/2,monzo.com,/blog/topic/customer-support/page/2,blog,False,https://monzo.com/gb-sitemap.xml,2026-08-16T18:47:09.246728+00:00
https://monzo.com/blog/topic/data,monzo.com,/blog/topic/data,blog,False,https://monzo.com/gb-sitemap.xml,2026-08-16T18:47:09.246728+00:00
https://monzo.com/blog/topic/data/page/2,monzo.com,/blog/topic/data/page/2,blog,False,https://monzo.com/gb-sitemap.xml,2026-08-16T18:47:09.246728+00:00
https://monzo.com/blog/topic/dear-monzo,monzo.com,/blog/topic/dear-monzo,blog,False,https://monzo.com/gb-sitemap.xml,2026-08-16T18:47:09.246728+00:00
https://monzo.com/blog/topic/design,monzo.com,/blog/topic/design,blog,False,https://monzo.com/gb-sitemap.xml,2026-08-16T18:47:09.246728+00:00
https://monzo.com/blog/topic/design/page/2,monzo.com,/blog/topic/design/page/2,blog,False,https://monzo.com/gb-sitemap.xml,2026-08-16T18:47:09.246728+00:00
https://monzo.com/blog/topic/diversity-and-inclusion,monzo.com,/blog/topic/diversity-and-inclusion,blog,False,https://monzo.com/gb-sitemap.xml,2026-08-16T18:47:09.246728+00:00
https://monzo.com/blog/topic/diversity-and-inclusion/page/2,monzo.com,/blog/topic/diversity-and-inclusion/page/2,blog,False,https://monzo.com/gb-sitemap.xml,2026-08-16T18:47:09.246728+00:00
https://monzo.com/blog/topic/engineering-culture,monzo.com,/blog/topic/engineering-culture,blog,False,https://monzo.com/gb-sitemap.xml,2026-08-16T18:47:09.246728+00:00
https://monzo.com/blog/topic/financial-inclusion,monzo.com,/blog/topic/financial-inclusion,blog,False,https://monzo.com/gb-sitemap.xml,2026-08-16T18:47:09.246728+00:00
https://monzo.com/blog/topic/fraud,monzo.com,/blog/topic/fraud,blog,False,https://monzo.com/gb-sitemap.xml,2026-08-16T18:47:09.246728+00:00
https://monzo.com/blog/topic/fraud/page/2,monzo.com,/blog/topic/fraud/page/2,blog,False,https://monzo.com/gb-sitemap.xml,2026-08-16T18:47:09.246728+00:00
https://monzo.com/blog/topic/how-i-use-monzo,monzo.com,/blog/topic/how-i-use-monzo,blog,False,https://monzo.com/gb-sitemap.xml,2026-08-16T18:47:09.246728+00:00
https://monzo.com/blog/topic/how-money-works,monzo.com,/blog/topic/how-money-works,blog,False,https://monzo.com/gb-sitemap.xml,2026-08-16T18:47:09.246728+00:00
https://monzo.com/blog/topic/how-money-works/page/10,monzo.com,/blog/topic/how-money-works/page/10,blog,False,https://monzo.com/gb-sitemap.xml,2026-08-16T18:47:09.246728+00:00
https://monzo.com/blog/topic/how-money-works/page/11,monzo.com,/blog/topic/how-money-works/page/11,blog,False,https://monzo.com/gb-sitemap.xml,2026-08-16T18:47:09.246728+00:00
https://monzo.com/blog/topic/how-money-works/page/12,monzo.com,/blog/topic/how-money-works/page/12,blog,False,https://monzo.com/gb-sitemap.xml,2026-08-16T18:47:09.246728+00:00
https://monzo.com/blog/topic/how-money-works/page/2,monzo.com,/blog/topic/how-money-works/page/2,blog,False,https://monzo.com/gb-sitemap.xml,2026-08-16T18:47:09.246728+00:00
https://monzo.com/blog/topic/how-money-works/page/3,monzo.com,/blog/topic/how-money-works/page/3,blog,False,https://monzo.com/gb-sitemap.xml,2026-08-16T18:47:09.246728+00:00
https://monzo.com/blog/topic/how-money-works/page/4,monzo.com,/blog/topic/how-money-works/page/4,blog,False,https://monzo.com/gb-sitemap.xml,2026-08-16T18:47:09.246728+00:00
https://monzo.com/blog/topic/how-money-works/page/5,monzo.com,/blog/topic/how-money-works/page/5,blog,False,https://monzo.com/gb-sitemap.xml,2026-08-16T18:47:09.246728+00:00
https://monzo.com/blog/topic/how-money-works/page/6,monzo.com,/blog/topic/how-money-works/page/6,blog,False,https://monzo.com/gb-sitemap.xml,2026-08-16T18:47:09.246728+00:00
https://monzo.com/blog/topic/how-money-works/page/7,monzo.com,/blog/topic/how-money-works/page/7,blog,False,https://monzo.com/gb-sitemap.xml,2026-08-16T18:47:09.246728+00:00
https://monzo.com/blog/topic/how-money-works/page/8,monzo.com,/blog/topic/how-money-works/page/8,blog,False,https://monzo.com/gb-sitemap.xml,2026-08-16T18:47:09.246728+00:00
https://monzo.com/blog/topic/how-money-works/page/9,monzo.com,/blog/topic/how-money-works/page/9,blog,False,https://monzo.com/gb-sitemap.xml,2026-08-16T18:47:09.246728+00:00
https://monzo.com/blog/topic/how-to-save-money,monzo.com,/blog/topic/how-to-save-money,blog,False,https://monzo.com/gb-sitemap.xml,2026-08-16T18:47:09.246728+00:00
https://monzo.com/blog/topic/how-to-save-money/page/2,monzo.com,/blog/topic/how-to-save-money/page/2,blog,False,https://monzo.com/gb-sitemap.xml,2026-08-16T18:47:09.246728+00:00
https://monzo.com/blog/topic/how-we-protect-you,monzo.com,/blog/topic/how-we-protect-you,blog,False,https://monzo.com/gb-sitemap.xml,2026-08-16T18:47:09.246728+00:00
https://monzo.com/blog/topic/how-we-protect-you/page/2,monzo.com,/blog/topic/how-we-protect-you/page/2,blog,False,https://monzo.com/gb-sitemap.xml,2026-08-16T18:47:09.246728+00:00
https://monzo.com/blog/topic/international-womens-day,monzo.com,/blog/topic/international-womens-day,blog,False,https://monzo.com/gb-sitemap.xml,2026-08-16T18:47:09.246728+00:00
https://monzo.com/blog/topic/investments,monzo.com,/blog/topic/investments,blog,False,https://monzo.com/gb-sitemap.xml,2026-08-16T18:47:09.246728+00:00
https://monzo.com/blog/topic/lets-talk-business,monzo.com,/blog/topic/lets-talk-business,blog,False,https://monzo.com/gb-sitemap.xml,2026-08-16T18:47:09.246728+00:00
https://monzo.com/blog/topic/lets-talk-business/page/2,monzo.com,/blog/topic/lets-talk-business/page/2,blog,False,https://monzo.com/gb-sitemap.xml,2026-08-16T18:47:09.246728+00:00
https://monzo.com/blog/topic/lets-talk-business/page/3,monzo.com,/blog/topic/lets-talk-business/page/3,blog,False,https://monzo.com/gb-sitemap.xml,2026-08-16T18:47:09.246728+00:00
https://monzo.com/blog/topic/lets-talk-business/page/4,monzo.com,/blog/topic/lets-talk-business/page/4,blog,False,https://monzo.com/gb-sitemap.xml,2026-08-16T18:47:09.246728+00:00
https://monzo.com/blog/topic/loans-help,monzo.com,/blog/topic/loans-help,blog,False,https://monzo.com/gb-sitemap.xml,2026-08-16T18:47:09.246728+00:00
https://monzo.com/blog/topic/marketing-team,monzo.com,/blog/topic/marketing-team,blog,False,https://monzo.com/gb-sitemap.xml,2026-08-16T18:47:09.246728+00:00
https://monzo.com/blog/topic/mental-health,monzo.com,/blog/topic/mental-health,blog,False,https://monzo.com/gb-sitemap.xml,2026-08-16T18:47:09.246728+00:00
https://monzo.com/blog/topic/mental-health/page/2,monzo.com,/blog/topic/mental-health/page/2,blog,False,https://monzo.com/gb-sitemap.xml,2026-08-16T18:47:09.246728+00:00
https://monzo.com/blog/topic/money-in-love,monzo.com,/blog/topic/money-in-love,blog,False,https://monzo.com/gb-sitemap.xml,2026-08-16T18:47:09.246728+00:00
https://monzo.com/blog/topic/money-in-love/page/2,monzo.com,/blog/topic/money-in-love/page/2,blog,False,https://monzo.com/gb-sitemap.xml,2026-08-16T18:47:09.246728+00:00
https://monzo.com/blog/topic/monzo-101,monzo.com,/blog/topic/monzo-101,blog,False,https://monzo.com/gb-sitemap.xml,2026-08-16T18:47:09.246728+00:00
https://monzo.com/blog/topic/monzo-101/page/2,monzo.com,/blog/topic/monzo-101/page/2,blog,False,https://monzo.com/gb-sitemap.xml,2026-08-16T18:47:09.246728+00:00
https://monzo.com/blog/topic/monzo-101/page/3,monzo.com,/blog/topic/monzo-101/page/3,blog,False,https://monzo.com/gb-sitemap.xml,2026-08-16T18:47:09.246728+00:00
https://monzo.com/blog/topic/monzo-business-tax-and-accounting-how-to-guides,monzo.com,/blog/topic/monzo-business-tax-and-accounting-how-to-guides,blog,False,https://monzo.com/gb-sitemap.xml,2026-08-16T18:47:09.246728+00:00
https://monzo.com/blog/topic/monzo-for-under-16s,monzo.com,/blog/topic/monzo-for-under-16s,blog,False,https://monzo.com/gb-sitemap.xml,2026-08-16T18:47:09.246728+00:00
https://monzo.com/blog/topic/monzo-hq,monzo.com,/blog/topic/monzo-hq,blog,False,https://monzo.com/gb-sitemap.xml,2026-08-16T18:47:09.246728+00:00
https://monzo.com/blog/topic/monzo-hq/page/2,monzo.com,/blog/topic/monzo-hq/page/2,blog,False,https://monzo.com/gb-sitemap.xml,2026-08-16T18:47:09.246728+00:00
https://monzo.com/blog/topic/monzo-hq/page/3,monzo.com,/blog/topic/monzo-hq/page/3,blog,False,https://monzo.com/gb-sitemap.xml,2026-08-16T18:47:09.246728+00:00
https://monzo.com/blog/topic/monzo-hq/page/4,monzo.com,/blog/topic/monzo-hq/page/4,blog,False,https://monzo.com/gb-sitemap.xml,2026-08-16T18:47:09.246728+00:00
https://monzo.com/blog/topic/monzo-hq/page/5,monzo.com,/blog/topic/monzo-hq/page/5,blog,False,https://monzo.com/gb-sitemap.xml,2026-08-16T18:47:09.246728+00:00
https://monzo.com/blog/topic/monzo-hq/page/6,monzo.com,/blog/topic/monzo-hq/page/6,blog,False,https://monzo.com/gb-sitemap.xml,2026-08-16T18:47:09.246728+00:00
https://monzo.com/blog/topic/monzo-hq/page/7,monzo.com,/blog/topic/monzo-hq/page/7,blog,False,https://monzo.com/gb-sitemap.xml,2026-08-16T18:47:09.246728+00:00
https://monzo.com/blog/topic/monzo-me,monzo.com,/blog/topic/monzo-me,blog,False,https://monzo.com/gb-sitemap.xml,2026-08-16T18:47:09.246728+00:00
https://monzo.com/blog/topic/monzo-me/page/2,monzo.com,/blog/topic/monzo-me/page/2,blog,False,https://monzo.com/gb-sitemap.xml,2026-08-16T18:47:09.246728+00:00
https://monzo.com/blog/topic/monzo-premium,monzo.com,/blog/topic/monzo-premium,blog,False,https://monzo.com/gb-sitemap.xml,2026-08-16T18:47:09.246728+00:00
https://monzo.com/blog/topic/mortgages,monzo.com,/blog/topic/mortgages,blog,False,https://monzo.com/gb-sitemap.xml,2026-08-16T18:47:09.246728+00:00
https://monzo.com/blog/topic/no-barriers-to-banking,monzo.com,/blog/topic/no-barriers-to-banking,blog,False,https://monzo.com/gb-sitemap.xml,2026-08-16T18:47:09.246728+00:00
https://monzo.com/blog/topic/partnerships,monzo.com,/blog/topic/partnerships,blog,False,https://monzo.com/gb-sitemap.xml,2026-08-16T18:47:09.246728+00:00
https://monzo.com/blog/topic/payments,monzo.com,/blog/topic/payments,blog,False,https://monzo.com/gb-sitemap.xml,2026-08-16T18:47:09.246728+00:00
https://monzo.com/blog/topic/pensions,monzo.com,/blog/topic/pensions,blog,False,https://monzo.com/gb-sitemap.xml,2026-08-16T18:47:09.246728+00:00
https://monzo.com/blog/topic/pots,monzo.com,/blog/topic/pots,blog,False,https://monzo.com/gb-sitemap.xml,2026-08-16T18:47:09.246728+00:00
https://monzo.com/blog/topic/product-management,monzo.com,/blog/topic/product-management,blog,False,https://monzo.com/gb-sitemap.xml,2026-08-16T18:47:09.246728+00:00
https://monzo.com/blog/topic/product-updates,monzo.com,/blog/topic/product-updates,blog,False,https://monzo.com/gb-sitemap.xml,2026-08-16T18:47:09.246728+00:00
https://monzo.com/blog/topic/product-updates/page/10,monzo.com,/blog/topic/product-updates/page/10,blog,False,https://monzo.com/gb-sitemap.xml,2026-08-16T18:47:09.246728+00:00
https://monzo.com/blog/topic/product-updates/page/2,monzo.com,/blog/topic/product-updates/page/2,blog,False,https://monzo.com/gb-sitemap.xml,2026-08-16T18:47:09.246728+00:00
https://monzo.com/blog/topic/product-updates/page/3,monzo.com,/blog/topic/product-updates/page/3,blog,False,https://monzo.com/gb-sitemap.xml,2026-08-16T18:47:09.246728+00:00
https://monzo.com/blog/topic/product-updates/page/4,monzo.com,/blog/topic/product-updates/page/4,blog,False,https://monzo.com/gb-sitemap.xml,2026-08-16T18:47:09.246728+00:00
https://monzo.com/blog/topic/product-updates/page/5,monzo.com,/blog/topic/product-updates/page/5,blog,False,https://monzo.com/gb-sitemap.xml,2026-08-16T18:47:09.246728+00:00
https://monzo.com/blog/topic/product-updates/page/6,monzo.com,/blog/topic/product-updates/page/6,blog,False,https://monzo.com/gb-sitemap.xml,2026-08-16T18:47:09.246728+00:00
https://monzo.com/blog/topic/product-updates/page/7,monzo.com,/blog/topic/product-updates/page/7,blog,False,https://monzo.com/gb-sitemap.xml,2026-08-16T18:47:09.246728+00:00
https://monzo.com/blog/topic/product-updates/page/8,monzo.com,/blog/topic/product-updates/page/8,blog,False,https://monzo.com/gb-sitemap.xml,2026-08-16T18:47:09.246728+00:00
https://monzo.com/blog/topic/product-updates/page/9,monzo.com,/blog/topic/product-updates/page/9,blog,False,https://monzo.com/gb-sitemap.xml,2026-08-16T18:47:09.246728+00:00
https://monzo.com/blog/topic/quarterly-updates,monzo.com,/blog/topic/quarterly-updates,blog,False,https://monzo.com/gb-sitemap.xml,2026-08-16T18:47:09.246728+00:00
https://monzo.com/blog/topic/quarterly-updates/page/2,monzo.com,/blog/topic/quarterly-updates/page/2,blog,False,https://monzo.com/gb-sitemap.xml,2026-08-16T18:47:09.246728+00:00
https://monzo.com/blog/topic/research,monzo.com,/blog/topic/research,blog,False,https://monzo.com/gb-sitemap.xml,2026-08-16T18:47:09.246728+00:00
https://monzo.com/blog/topic/security,monzo.com,/blog/topic/security,blog,False,https://monzo.com/gb-sitemap.xml,2026-08-16T18:47:09.246728+00:00
https://monzo.com/blog/topic/small-change,monzo.com,/blog/topic/small-change,blog,False,https://monzo.com/gb-sitemap.xml,2026-08-16T18:47:09.246728+00:00
https://monzo.com/blog/topic/stepchange-what-if-campaign,monzo.com,/blog/topic/stepchange-what-if-campaign,blog,False,https://monzo.com/gb-sitemap.xml,2026-08-16T18:47:09.246728+00:00
https://monzo.com/blog/topic/team,monzo.com,/blog/topic/team,blog,False,https://monzo.com/gb-sitemap.xml,2026-08-16T18:47:09.246728+00:00
https://monzo.com/blog/topic/team/page/2,monzo.com,/blog/topic/team/page/2,blog,False,https://monzo.com/gb-sitemap.xml,2026-08-16T18:47:09.246728+00:00
https://monzo.com/blog/topic/technology,monzo.com,/blog/topic/technology,blog,False,https://monzo.com/gb-sitemap.xml,2026-08-16T18:47:09.246728+00:00
https://monzo.com/blog/topic/technology/page/2,monzo.com,/blog/topic/technology/page/2,blog,False,https://monzo.com/gb-sitemap.xml,2026-08-16T18:47:09.246728+00:00
https://monzo.com/blog/topic/technology/page/3,monzo.com,/blog/topic/technology/page/3,blog,False,https://monzo.com/gb-sitemap.xml,2026-08-16T18:47:09.246728+00:00
https://monzo.com/blog/topic/technology/page/4,monzo.com,/blog/topic/technology/page/4,blog,False,https://monzo.com/gb-sitemap.xml,2026-08-16T18:47:09.246728+00:00
https://monzo.com/blog/topic/technology/page/5,monzo.com,/blog/topic/technology/page/5,blog,False,https://monzo.com/gb-sitemap.xml,2026-08-16T18:47:09.246728+00:00
https://monzo.com/blog/topic/technology/page/6,monzo.com,/blog/topic/technology/page/6,blog,False,https://monzo.com/gb-sitemap.xml,2026-08-16T18:47:09.246728+00:00
https://monzo.com/blog/topic/technology/page/7,monzo.com,/blog/topic/technology/page/7,blog,False,https://monzo.com/gb-sitemap.xml,2026-08-16T18:47:09.246728+00:00
https://monzo.com/blog/topic/technology/page/8,monzo.com,/blog/topic/technology/page/8,blog,False,https://monzo.com/gb-sitemap.xml,2026-08-16T18:47:09.246728+00:00
https://monzo.com/blog/topic/technology/page/9,monzo.com,/blog/topic/technology/page/9,blog,False,https://monzo.com/gb-sitemap.xml,2026-08-16T18:47:09.246728+00:00
https://monzo.com/blog/topic/travelling-with-monzo,monzo.com,/blog/topic/travelling-with-monzo,blog,False,https://monzo.com/gb-sitemap.xml,2026-08-16T18:47:09.246728+00:00
https://monzo.com/blog/topic/trending-spending,monzo.com,/blog/topic/trending-spending,blog,False,https://monzo.com/gb-sitemap.xml,2026-08-16T18:47:09.246728+00:00
https://monzo.com/blog/topic/upgrading-explained,monzo.com,/blog/topic/upgrading-explained,blog,False,https://monzo.com/gb-sitemap.xml,2026-08-16T18:47:09.246728+00:00
https://monzo.com/blog/travel-scams-protect-yourself,monzo.com,/blog/travel-scams-protect-yourself,blog,False,https://monzo.com/gb-sitemap.xml,2026-08-16T18:47:09.246728+00:00
https://monzo.com/blog/trends,monzo.com,/blog/trends,blog,False,https://monzo.com/gb-sitemap.xml,2026-08-16T18:47:09.246728+00:00
https://monzo.com/blog/undo-payments,monzo.com,/blog/undo-payments,blog,False,https://monzo.com/gb-sitemap.xml,2026-08-16T18:47:09.246728+00:00
https://monzo.com/blog/user-research-insight-to-impact-the-art-of-scaling-impact-and-crafting-goal,monzo.com,/blog/user-research-insight-to-impact-the-art-of-scaling-impact-and-crafting-goal,blog,False,https://monzo.com/gb-sitemap.xml,2026-08-16T18:47:09.246728+00:00
https://monzo.com/blog/using-monzo-in-the-uk-after-holiday,monzo.com,/blog/using-monzo-in-the-uk-after-holiday,blog,False,https://monzo.com/gb-sitemap.xml,2026-08-16T18:47:09.246728+00:00
https://monzo.com/blog/vertically-scaling-ordered-consumption-using-kafka,monzo.com,/blog/vertically-scaling-ordered-consumption-using-kafka,blog,False,https://monzo.com/gb-sitemap.xml,2026-08-16T18:47:09.246728+00:00
https://monzo.com/blog/we-built-a-better-system-for-scheduling-cron-jobs,monzo.com,/blog/we-built-a-better-system-for-scheduling-cron-jobs,blog,False,https://monzo.com/gb-sitemap.xml,2026-08-16T18:47:09.246728+00:00
https://monzo.com/blog/we-built-network-isolation-for-1-500-services,monzo.com,/blog/we-built-network-isolation-for-1-500-services,blog,False,https://monzo.com/gb-sitemap.xml,2026-08-16T18:47:09.246728+00:00
https://monzo.com/blog/we-have-updated-our-engineering-principles,monzo.com,/blog/we-have-updated-our-engineering-principles,blog,False,https://monzo.com/gb-sitemap.xml,2026-08-16T18:47:09.246728+00:00
https://monzo.com/blog/were-here-to-support-you-with-your-money-and-your-monzo-account-during-the,monzo.com,/blog/were-here-to-support-you-with-your-money-and-your-monzo-account-during-the,blog,False,https://monzo.com/gb-sitemap.xml,2026-08-16T18:47:09.246728+00:00
https://monzo.com/blog/we-secured-thousands-of-cassandra-clients-to-keep-monzos-data-safe,monzo.com,/blog/we-secured-thousands-of-cassandra-clients-to-keep-monzos-data-safe,blog,False,https://monzo.com/gb-sitemap.xml,2026-08-16T18:47:09.246728+00:00
https://monzo.com/blog/we-sent-our-house-deposit-to-a-fraudster-who-posed-as-our-lawyer,monzo.com,/blog/we-sent-our-house-deposit-to-a-fraudster-who-posed-as-our-lawyer,blog,False,https://monzo.com/gb-sitemap.xml,2026-08-16T18:47:09.246728+00:00
https://monzo.com/blog/weve-had-a-little-makeover,monzo.com,/blog/weve-had-a-little-makeover,blog,False,https://monzo.com/gb-sitemap.xml,2026-08-16T18:47:09.246728+00:00
https://monzo.com/blog/weve-improved-our-gambling-block,monzo.com,/blog/weve-improved-our-gambling-block,blog,False,https://monzo.com/gb-sitemap.xml,2026-08-16T18:47:09.246728+00:00
https://monzo.com/blog/weve-made-our-writing-system-available-to-all,monzo.com,/blog/weve-made-our-writing-system-available-to-all,blog,False,https://monzo.com/gb-sitemap.xml,2026-08-16T18:47:09.246728+00:00
https://monzo.com/blog/weve-teamed-up-with-truelayer-team-up-to-protect-vulnerable-customers,monzo.com,/blog/weve-teamed-up-with-truelayer-team-up-to-protect-vulnerable-customers,blog,False,https://monzo.com/gb-sitemap.xml,2026-08-16T18:47:09.246728+00:00
https://monzo.com/blog/what-are-monzos-technical-expectations-for-engineering-leaders,monzo.com,/blog/what-are-monzos-technical-expectations-for-engineering-leaders,blog,False,https://monzo.com/gb-sitemap.xml,2026-08-16T18:47:09.246728+00:00
https://monzo.com/blog/what-if-im-stressed-about-debt,monzo.com,/blog/what-if-im-stressed-about-debt,blog,False,https://monzo.com/gb-sitemap.xml,2026-08-16T18:47:09.246728+00:00
https://monzo.com/blog/what-is-deinfluencing-tiktok-save-money,monzo.com,/blog/what-is-deinfluencing-tiktok-save-money,blog,False,https://monzo.com/gb-sitemap.xml,2026-08-16T18:47:09.246728+00:00
https://monzo.com/blog/what-is-remortgaging-and-how-does-it-work,monzo.com,/blog/what-is-remortgaging-and-how-does-it-work,blog,False,https://monzo.com/gb-sitemap.xml,2026-08-16T18:47:09.246728+00:00
https://monzo.com/blog/what-kind-of-mortgage-do-i-need,monzo.com,/blog/what-kind-of-mortgage-do-i-need,blog,False,https://monzo.com/gb-sitemap.xml,2026-08-16T18:47:09.246728+00:00
https://monzo.com/blog/whats-new-in-monzo-october-2021,monzo.com,/blog/whats-new-in-monzo-october-2021,blog,False,https://monzo.com/gb-sitemap.xml,2026-08-16T18:47:09.246728+00:00
https://monzo.com/blog/what-to-do-if-you-miss-a-loan-repayment,monzo.com,/blog/what-to-do-if-you-miss-a-loan-repayment,blog,False,https://monzo.com/gb-sitemap.xml,2026-08-16T18:47:09.246728+00:00
https://monzo.com/blog/what-to-do-if-you-need-help-looking-after-your-account,monzo.com,/blog/what-to-do-if-you-need-help-looking-after-your-account,blog,False,https://monzo.com/gb-sitemap.xml,2026-08-16T18:47:09.246728+00:00
https://monzo.com/blog/what-to-do-if-youre-worried-about-paying-rent-or-losing-your-home-because-of-coronavirus,monzo.com,/blog/what-to-do-if-youre-worried-about-paying-rent-or-losing-your-home-because-of-coronavirus,blog,False,https://monzo.com/gb-sitemap.xml,2026-08-16T18:47:09.246728+00:00
https://monzo.com/blog/what-to-look-for-in-your-first-employee,monzo.com,/blog/what-to-look-for-in-your-first-employee,blog,False,https://monzo.com/gb-sitemap.xml,2026-08-16T18:47:09.246728+00:00
https://monzo.com/blog/why-getting-paid-on-time-really-really-matters,monzo.com,/blog/why-getting-paid-on-time-really-really-matters,blog,False,https://monzo.com/gb-sitemap.xml,2026-08-16T18:47:09.246728+00:00
https://monzo.com/blog/why-having-more-than-one-bank-account-might-be-useful,monzo.com,/blog/why-having-more-than-one-bank-account-might-be-useful,blog,False,https://monzo.com/gb-sitemap.xml,2026-08-16T18:47:09.246728+00:00
https://monzo.com/blog/why-you-should-run-design-input-sessions,monzo.com,/blog/why-you-should-run-design-input-sessions,blog,False,https://monzo.com/gb-sitemap.xml,2026-08-16T18:47:09.246728+00:00
https://monzo.com/blog/withdrawal-and-card-delivery-fees,monzo.com,/blog/withdrawal-and-card-delivery-fees,blog,False,https://monzo.com/gb-sitemap.xml,2026-08-16T18:47:09.246728+00:00
https://monzo.com/blog/women-in-finance-charter-update,monzo.com,/blog/women-in-finance-charter-update,blog,False,https://monzo.com/gb-sitemap.xml,2026-08-16T18:47:09.246728+00:00
https://monzo.com/blog/writing-year-in-monzo-2024,monzo.com,/blog/writing-year-in-monzo-2024,blog,False,https://monzo.com/gb-sitemap.xml,2026-08-16T18:47:09.246728+00:00
https://monzo.com/blog/year-in-monzo-2019,monzo.com,/blog/year-in-monzo-2019,blog,False,https://monzo.com/gb-sitemap.xml,2026-08-16T18:47:09.246728+00:00
https://monzo.com/blog/year-in-monzo-2020,monzo.com,/blog/year-in-monzo-2020,blog,False,https://monzo.com/gb-sitemap.xml,2026-08-16T18:47:09.246728+00:00
https://monzo.com/blog/year-in-monzo-reactions,monzo.com,/blog/year-in-monzo-reactions,blog,False,https://monzo.com/gb-sitemap.xml,2026-08-16T18:47:09.246728+00:00
https://monzo.com/blog/year-in-monzo-tweets,monzo.com,/blog/year-in-monzo-tweets,blog,False,https://monzo.com/gb-sitemap.xml,2026-08-16T18:47:09.246728+00:00
https://monzo.com/blog/you-can-now-hide-your-pots-and-change-the-order-theyre-in,monzo.com,/blog/you-can-now-hide-your-pots-and-change-the-order-theyre-in,blog,False,https://monzo.com/gb-sitemap.xml,2026-08-16T18:47:09.246728+00:00
https://monzo.com/blog/youll-be-able-to-make-contactless-payments-up-to-gbp100-to-make-paying-more,monzo.com,/blog/youll-be-able-to-make-contactless-payments-up-to-gbp100-to-make-paying-more,blog,False,https://monzo.com/gb-sitemap.xml,2026-08-16T18:47:09.246728+00:00
https://monzo.com/blog/young-family-start-a-new-business,monzo.com,/blog/young-family-start-a-new-business,blog,False,https://monzo.com/gb-sitemap.xml,2026-08-16T18:47:09.246728+00:00
https://monzo.com/blog/your-fund-and-etfs,monzo.com,/blog/your-fund-and-etfs,blog,False,https://monzo.com/gb-sitemap.xml,2026-08-16T18:47:09.246728+00:00
https://monzo.com/blog/your-questions-about-universal-credit-and-government-support-answered-by,monzo.com,/blog/your-questions-about-universal-credit-and-government-support-answered-by,blog,False,https://monzo.com/gb-sitemap.xml,2026-08-16T18:47:09.246728+00:00
https://monzo.com/book-of-money,monzo.com,/book-of-money,other,False,https://monzo.com/gb-sitemap.xml,2026-08-16T18:47:09.246728+00:00
https://monzo.com/business-banking,monzo.com,/business-banking,business,True,https://monzo.com/gb-sitemap.xml,2026-08-16T18:47:09.246728+00:00
https://monzo.com/business-banking/business-loans-overdrafts,monzo.com,/business-banking/business-loans-overdrafts,business,True,https://monzo.com/gb-sitemap.xml,2026-08-16T18:47:09.246728+00:00
https://monzo.com/business-banking/business-switch,monzo.com,/business-banking/business-switch,business,True,https://monzo.com/gb-sitemap.xml,2026-08-16T18:47:09.246728+00:00
https://monzo.com/business-banking/eligibility,monzo.com,/business-banking/eligibility,business,True,https://monzo.com/gb-sitemap.xml,2026-08-16T18:47:09.246728+00:00
https://monzo.com/business-banking/features,monzo.com,/business-banking/features,business,True,https://monzo.com/gb-sitemap.xml,2026-08-16T18:47:09.246728+00:00
https://monzo.com/business-banking/features/24-7-customer-support,monzo.com,/business-banking/features/24-7-customer-support,business,True,https://monzo.com/gb-sitemap.xml,2026-08-16T18:47:09.246728+00:00
https://monzo.com/business-banking/features/accept-contactless-payments,monzo.com,/business-banking/features/accept-contactless-payments,business,True,https://monzo.com/gb-sitemap.xml,2026-08-16T18:47:09.246728+00:00
https://monzo.com/business-banking/features/auto-exports,monzo.com,/business-banking/features/auto-exports,business,True,https://monzo.com/gb-sitemap.xml,2026-08-16T18:47:09.246728+00:00
https://monzo.com/business-banking/features/bulk-payments,monzo.com,/business-banking/features/bulk-payments,business,True,https://monzo.com/gb-sitemap.xml,2026-08-16T18:47:09.246728+00:00
https://monzo.com/business-banking/features/business-savings,monzo.com,/business-banking/features/business-savings,business,True,https://monzo.com/gb-sitemap.xml,2026-08-16T18:47:09.246728+00:00
https://monzo.com/business-banking/features/expense-cards,monzo.com,/business-banking/features/expense-cards,business,True,https://monzo.com/gb-sitemap.xml,2026-08-16T18:47:09.246728+00:00
https://monzo.com/business-banking/features/insights,monzo.com,/business-banking/features/insights,business,True,https://monzo.com/gb-sitemap.xml,2026-08-16T18:47:09.246728+00:00
https://monzo.com/business-banking/features/integrated-accounting,monzo.com,/business-banking/features/integrated-accounting,business,True,https://monzo.com/gb-sitemap.xml,2026-08-16T18:47:09.246728+00:00
https://monzo.com/business-banking/features/international-payments,monzo.com,/business-banking/features/international-payments,business,True,https://monzo.com/gb-sitemap.xml,2026-08-16T18:47:09.246728+00:00
https://monzo.com/business-banking/features/invoices,monzo.com,/business-banking/features/invoices,business,True,https://monzo.com/gb-sitemap.xml,2026-08-16T18:47:09.246728+00:00
https://monzo.com/business-banking/features/mobile-and-web-access,monzo.com,/business-banking/features/mobile-and-web-access,business,True,https://monzo.com/gb-sitemap.xml,2026-08-16T18:47:09.246728+00:00
https://monzo.com/business-banking/features/multi-user-access,monzo.com,/business-banking/features/multi-user-access,business,True,https://monzo.com/gb-sitemap.xml,2026-08-16T18:47:09.246728+00:00
https://monzo.com/business-banking/features/sole-trader-loans,monzo.com,/business-banking/features/sole-trader-loans,business,True,https://monzo.com/gb-sitemap.xml,2026-08-16T18:47:09.246728+00:00
https://monzo.com/business-banking/features/sole-trader-overdrafts,monzo.com,/business-banking/features/sole-trader-overdrafts,business,True,https://monzo.com/gb-sitemap.xml,2026-08-16T18:47:09.246728+00:00
https://monzo.com/business-banking/features/tax-pots,monzo.com,/business-banking/features/tax-pots,business,True,https://monzo.com/gb-sitemap.xml,2026-08-16T18:47:09.246728+00:00
https://monzo.com/business-banking/features/xero-offer,monzo.com,/business-banking/features/xero-offer,business,True,https://monzo.com/gb-sitemap.xml,2026-08-16T18:47:09.246728+00:00
https://monzo.com/business-banking/get-paid,monzo.com,/business-banking/get-paid,business,True,https://monzo.com/gb-sitemap.xml,2026-08-16T18:47:09.246728+00:00
https://monzo.com/business-banking/help,monzo.com,/business-banking/help,business,True,https://monzo.com/gb-sitemap.xml,2026-08-16T18:47:09.246728+00:00
https://monzo.com/business-banking/learn,monzo.com,/business-banking/learn,business,True,https://monzo.com/gb-sitemap.xml,2026-08-16T18:47:09.246728+00:00
https://monzo.com/business-banking/learn/cost-of-sales,monzo.com,/business-banking/learn/cost-of-sales,business,True,https://monzo.com/gb-sitemap.xml,2026-08-16T18:47:09.246728+00:00
https://monzo.com/business-banking/learn/get-funding-for-your-business,monzo.com,/business-banking/learn/get-funding-for-your-business,business,True,https://monzo.com/gb-sitemap.xml,2026-08-16T18:47:09.246728+00:00
https://monzo.com/business-banking/learn/gross-net-profit-margins,monzo.com,/business-banking/learn/gross-net-profit-margins,business,True,https://monzo.com/gb-sitemap.xml,2026-08-16T18:47:09.246728+00:00
https://monzo.com/business-banking/learn/guide-to-purchase-orders,monzo.com,/business-banking/learn/guide-to-purchase-orders,business,True,https://monzo.com/gb-sitemap.xml,2026-08-16T18:47:09.246728+00:00
https://monzo.com/business-banking/learn/how-to-start-business-uk,monzo.com,/business-banking/learn/how-to-start-business-uk,business,True,https://monzo.com/gb-sitemap.xml,2026-08-16T18:47:09.246728+00:00
https://monzo.com/business-banking/learn/how-to-write-business-plan,monzo.com,/business-banking/learn/how-to-write-business-plan,business,True,https://monzo.com/gb-sitemap.xml,2026-08-16T18:47:09.246728+00:00
https://monzo.com/business-banking/learn/making-tax-digital-changes,monzo.com,/business-banking/learn/making-tax-digital-changes,business,True,https://monzo.com/gb-sitemap.xml,2026-08-16T18:47:09.246728+00:00
https://monzo.com/business-banking/learn/small-business-guide-uk-corporation-tax,monzo.com,/business-banking/learn/small-business-guide-uk-corporation-tax,business,True,https://monzo.com/gb-sitemap.xml,2026-08-16T18:47:09.246728+00:00
https://monzo.com/business-banking/learn/what-is-an-invoice,monzo.com,/business-banking/learn/what-is-an-invoice,business,True,https://monzo.com/gb-sitemap.xml,2026-08-16T18:47:09.246728+00:00
https://monzo.com/business-banking/learn/what-is-making-tax-digital,monzo.com,/business-banking/learn/what-is-making-tax-digital,business,True,https://monzo.com/gb-sitemap.xml,2026-08-16T18:47:09.246728+00:00
https://monzo.com/business-banking/learn/will-mtd-affect-my-business,monzo.com,/business-banking/learn/will-mtd-affect-my-business,business,True,https://monzo.com/gb-sitemap.xml,2026-08-16T18:47:09.246728+00:00
https://monzo.com/business-banking/making-payments,monzo.com,/business-banking/making-payments,business,True,https://monzo.com/gb-sitemap.xml,2026-08-16T18:47:09.246728+00:00
https://monzo.com/business-banking/plans-pricing,monzo.com,/business-banking/plans-pricing,business,True,https://monzo.com/gb-sitemap.xml,2026-08-16T18:47:09.246728+00:00
https://monzo.com/business-banking/security,monzo.com,/business-banking/security,business,True,https://monzo.com/gb-sitemap.xml,2026-08-16T18:47:09.246728+00:00
https://monzo.com/business-banking/sign-up-for-business,monzo.com,/business-banking/sign-up-for-business,business,True,https://monzo.com/gb-sitemap.xml,2026-08-16T18:47:09.246728+00:00
https://monzo.com/business-banking/spend-management,monzo.com,/business-banking/spend-management,business,True,https://monzo.com/gb-sitemap.xml,2026-08-16T18:47:09.246728+00:00
https://monzo.com/business-banking/tax-accounting,monzo.com,/business-banking/tax-accounting,business,True,https://monzo.com/gb-sitemap.xml,2026-08-16T18:47:09.246728+00:00
https://monzo.com/business-banking/testimonials,monzo.com,/business-banking/testimonials,business,True,https://monzo.com/gb-sitemap.xml,2026-08-16T18:47:09.246728+00:00
https://monzo.com/business-international-payments-desktop,monzo.com,/business-international-payments-desktop,business,True,https://monzo.com/gb-sitemap.xml,2026-08-16T18:47:09.246728+00:00
https://monzo.com/business-invite-desktop,monzo.com,/business-invite-desktop,business,True,https://monzo.com/gb-sitemap.xml,2026-08-16T18:47:09.246728+00:00
https://monzo.com/business-multi-access-fallback,monzo.com,/business-multi-access-fallback,business,True,https://monzo.com/gb-sitemap.xml,2026-08-16T18:47:09.246728+00:00
https://monzo.com/careers,monzo.com,/careers,careers,False,https://monzo.com/gb-sitemap.xml,2026-08-16T18:47:09.246728+00:00
https://monzo.com/contents-insurance,monzo.com,/contents-insurance,other,False,https://monzo.com/gb-sitemap.xml,2026-08-16T18:47:09.246728+00:00
https://monzo.com/corporate-governance,monzo.com,/corporate-governance,other,False,https://monzo.com/gb-sitemap.xml,2026-08-16T18:47:09.246728+00:00
https://monzo.com/current-account,monzo.com,/current-account,product,True,https://monzo.com/gb-sitemap.xml,2026-08-16T18:47:09.246728+00:00
https://monzo.com/current-account/16-17,monzo.com,/current-account/16-17,product,True,https://monzo.com/gb-sitemap.xml,2026-08-16T18:47:09.246728+00:00
https://monzo.com/current-account/extra,monzo.com,/current-account/extra,product,True,https://monzo.com/gb-sitemap.xml,2026-08-16T18:47:09.246728+00:00
https://monzo.com/current-account/joint-account,monzo.com,/current-account/joint-account,product,True,https://monzo.com/gb-sitemap.xml,2026-08-16T18:47:09.246728+00:00
https://monzo.com/current-account/max,monzo.com,/current-account/max,product,True,https://monzo.com/gb-sitemap.xml,2026-08-16T18:47:09.246728+00:00
https://monzo.com/current-account/max/breakdown-cover,monzo.com,/current-account/max/breakdown-cover,product,True,https://monzo.com/gb-sitemap.xml,2026-08-16T18:47:09.246728+00:00
https://monzo.com/current-account/max/worldwide-mobile-phone-insurance,monzo.com,/current-account/max/worldwide-mobile-phone-insurance,product,True,https://monzo.com/gb-sitemap.xml,2026-08-16T18:47:09.246728+00:00
https://monzo.com/current-account/max/worldwide-travel-insurance,monzo.com,/current-account/max/worldwide-travel-insurance,product,True,https://monzo.com/gb-sitemap.xml,2026-08-16T18:47:09.246728+00:00
https://monzo.com/current-account/perks,monzo.com,/current-account/perks,product,True,https://monzo.com/gb-sitemap.xml,2026-08-16T18:47:09.246728+00:00
https://monzo.com/current-account/personal,monzo.com,/current-account/personal,product,True,https://monzo.com/gb-sitemap.xml,2026-08-16T18:47:09.246728+00:00
https://monzo.com/current-account/plans,monzo.com,/current-account/plans,product,True,https://monzo.com/gb-sitemap.xml,2026-08-16T18:47:09.246728+00:00
https://monzo.com/current-account/students,monzo.com,/current-account/students,product,True,https://monzo.com/gb-sitemap.xml,2026-08-16T18:47:09.246728+00:00
https://monzo.com/current-account/students/students-competition-tcsc,monzo.com,/current-account/students/students-competition-tcsc,product,True,https://monzo.com/gb-sitemap.xml,2026-08-16T18:47:09.246728+00:00
https://monzo.com/current-account/under-16s,monzo.com,/current-account/under-16s,product,True,https://monzo.com/gb-sitemap.xml,2026-08-16T18:47:09.246728+00:00
https://monzo.com/download,monzo.com,/download,other,False,https://monzo.com/gb-sitemap.xml,2026-08-16T18:47:09.246728+00:00
https://monzo.com/ecb-rates,monzo.com,/ecb-rates,other,False,https://monzo.com/gb-sitemap.xml,2026-08-16T18:47:09.246728+00:00
https://monzo.com/faq,monzo.com,/faq,other,False,https://monzo.com/gb-sitemap.xml,2026-08-16T18:47:09.246728+00:00
https://monzo.com/faq/emails,monzo.com,/faq/emails,other,False,https://monzo.com/gb-sitemap.xml,2026-08-16T18:47:09.246728+00:00
https://monzo.com/faq/learn-more/biometric-authentication,monzo.com,/faq/learn-more/biometric-authentication,other,False,https://monzo.com/gb-sitemap.xml,2026-08-16T18:47:09.246728+00:00
https://monzo.com/faq/learn-more/location,monzo.com,/faq/learn-more/location,other,False,https://monzo.com/gb-sitemap.xml,2026-08-16T18:47:09.246728+00:00
https://monzo.com/faq/learn-more/locking-in-interest-rates,monzo.com,/faq/learn-more/locking-in-interest-rates,other,False,https://monzo.com/gb-sitemap.xml,2026-08-16T18:47:09.246728+00:00
https://monzo.com/faq/learn-more/savings-glossary,monzo.com,/faq/learn-more/savings-glossary,product,True,https://monzo.com/gb-sitemap.xml,2026-08-16T18:47:09.246728+00:00
https://monzo.com/faq/no-email,monzo.com,/faq/no-email,other,False,https://monzo.com/gb-sitemap.xml,2026-08-16T18:47:09.246728+00:00
https://monzo.com/features/1p-saving-challenge,monzo.com,/features/1p-saving-challenge,product,True,https://monzo.com/gb-sitemap.xml,2026-08-16T18:47:09.246728+00:00
https://monzo.com/features/apple-pay,monzo.com,/features/apple-pay,product,True,https://monzo.com/gb-sitemap.xml,2026-08-16T18:47:09.246728+00:00
https://monzo.com/features/cashback,monzo.com,/features/cashback,product,True,https://monzo.com/gb-sitemap.xml,2026-08-16T18:47:09.246728+00:00
https://monzo.com/features/credit-insights,monzo.com,/features/credit-insights,product,True,https://monzo.com/gb-sitemap.xml,2026-08-16T18:47:09.246728+00:00
https://monzo.com/features/monzo-payday,monzo.com,/features/monzo-payday,product,True,https://monzo.com/gb-sitemap.xml,2026-08-16T18:47:09.246728+00:00
https://monzo.com/features/google-pay,monzo.com,/features/google-pay,product,True,https://monzo.com/gb-sitemap.xml,2026-08-16T18:47:09.246728+00:00
https://monzo.com/features/ifttt,monzo.com,/features/ifttt,product,True,https://monzo.com/gb-sitemap.xml,2026-08-16T18:47:09.246728+00:00
https://monzo.com/features/monzo-split,monzo.com,/features/monzo-split,product,True,https://monzo.com/gb-sitemap.xml,2026-08-16T18:47:09.246728+00:00
https://monzo.com/features/payments,monzo.com,/features/payments,product,True,https://monzo.com/gb-sitemap.xml,2026-08-16T18:47:09.246728+00:00
https://monzo.com/features/savings/past-interest-rates,monzo.com,/features/savings/past-interest-rates,product,True,https://monzo.com/gb-sitemap.xml,2026-08-16T18:47:09.246728+00:00
https://monzo.com/features/see-your-mortgage,monzo.com,/features/see-your-mortgage,product,True,https://monzo.com/gb-sitemap.xml,2026-08-16T18:47:09.246728+00:00
https://monzo.com/features/send-money-abroad,monzo.com,/features/send-money-abroad,product,True,https://monzo.com/gb-sitemap.xml,2026-08-16T18:47:09.246728+00:00
https://monzo.com/features/travel,monzo.com,/features/travel,product,True,https://monzo.com/gb-sitemap.xml,2026-08-16T18:47:09.246728+00:00
https://monzo.com/flex,monzo.com,/flex,product,True,https://monzo.com/gb-sitemap.xml,2026-08-16T18:47:09.246728+00:00
https://monzo.com/flex-build,monzo.com,/flex-build,product,True,https://monzo.com/gb-sitemap.xml,2026-08-16T18:47:09.246728+00:00
https://monzo.com/fraud,monzo.com,/fraud,security,True,https://monzo.com/gb-sitemap.xml,2026-08-16T18:47:09.246728+00:00
https://monzo.com/gambling-block,monzo.com,/gambling-block,other,False,https://monzo.com/gb-sitemap.xml,2026-08-16T18:47:09.246728+00:00
https://monzo.com/help,monzo.com,/help,other,False,https://monzo.com/gb-sitemap.xml,2026-08-16T18:47:09.246728+00:00
https://monzo.com/help/1p-savings-challenge,monzo.com,/help/1p-savings-challenge,help,True,https://monzo.com/gb-sitemap.xml,2026-08-16T18:47:09.246728+00:00
https://monzo.com/help/1p-savings-challenge/1p-savings-challenge,monzo.com,/help/1p-savings-challenge/1p-savings-challenge,help,True,https://monzo.com/gb-sitemap.xml,2026-08-16T18:47:09.246728+00:00
https://monzo.com/help/1p-savings-challenge/1p-savings-challenge-interest,monzo.com,/help/1p-savings-challenge/1p-savings-challenge-interest,help,True,https://monzo.com/gb-sitemap.xml,2026-08-16T18:47:09.246728+00:00
https://monzo.com/help/1p-savings-challenge/1p-savings-prize-draw,monzo.com,/help/1p-savings-challenge/1p-savings-prize-draw,help,True,https://monzo.com/gb-sitemap.xml,2026-08-16T18:47:09.246728+00:00
https://monzo.com/help/account-and-profile,monzo.com,/help/account-and-profile,help,True,https://monzo.com/gb-sitemap.xml,2026-08-16T18:47:09.246728+00:00
https://monzo.com/help/account-and-profile/accountlimits,monzo.com,/help/account-and-profile/accountlimits,help,True,https://monzo.com/gb-sitemap.xml,2026-08-16T18:47:09.246728+00:00
https://monzo.com/help/account-and-profile/account-number2,monzo.com,/help/account-and-profile/account-number2,help,True,https://monzo.com/gb-sitemap.xml,2026-08-16T18:47:09.246728+00:00
https://monzo.com/help/account-and-profile/account-ownership-letter,monzo.com,/help/account-and-profile/account-ownership-letter,help,True,https://monzo.com/gb-sitemap.xml,2026-08-16T18:47:09.246728+00:00
https://monzo.com/help/account-and-profile/account-selector,monzo.com,/help/account-and-profile/account-selector,help,True,https://monzo.com/gb-sitemap.xml,2026-08-16T18:47:09.246728+00:00
https://monzo.com/help/account-and-profile/asked-to-update-details,monzo.com,/help/account-and-profile/asked-to-update-details,help,True,https://monzo.com/gb-sitemap.xml,2026-08-16T18:47:09.246728+00:00
https://monzo.com/help/account-and-profile/bank-statement-how-to,monzo.com,/help/account-and-profile/bank-statement-how-to,help,True,https://monzo.com/gb-sitemap.xml,2026-08-16T18:47:09.246728+00:00
https://monzo.com/help/account-and-profile/branches,monzo.com,/help/account-and-profile/branches,help,True,https://monzo.com/gb-sitemap.xml,2026-08-16T18:47:09.246728+00:00
https://monzo.com/help/account-and-profile/brexit-general-query,monzo.com,/help/account-and-profile/brexit-general-query,help,True,https://monzo.com/gb-sitemap.xml,2026-08-16T18:47:09.246728+00:00
https://monzo.com/help/account-and-profile/brexit-monzo-business-impact,monzo.com,/help/account-and-profile/brexit-monzo-business-impact,help,True,https://monzo.com/gb-sitemap.xml,2026-08-16T18:47:09.246728+00:00
https://monzo.com/help/account-and-profile/close-account,monzo.com,/help/account-and-profile/close-account,help,True,https://monzo.com/gb-sitemap.xml,2026-08-16T18:47:09.246728+00:00
https://monzo.com/help/account-and-profile/closed-account-refund,monzo.com,/help/account-and-profile/closed-account-refund,help,True,https://monzo.com/gb-sitemap.xml,2026-08-16T18:47:09.246728+00:00
https://monzo.com/help/account-and-profile/gambling-spending-block-how-to,monzo.com,/help/account-and-profile/gambling-spending-block-how-to,help,True,https://monzo.com/gb-sitemap.xml,2026-08-16T18:47:09.246728+00:00
https://monzo.com/help/account-and-profile/How-we-identify-DWP-DFC-payments,monzo.com,/help/account-and-profile/How-we-identify-DWP-DFC-payments,help,True,https://monzo.com/gb-sitemap.xml,2026-08-16T18:47:09.246728+00:00
https://monzo.com/help/account-and-profile/IFTTT-login,monzo.com,/help/account-and-profile/IFTTT-login,help,True,https://monzo.com/gb-sitemap.xml,2026-08-16T18:47:09.246728+00:00
https://monzo.com/help/account-and-profile/IFTTT-login-button-not-working,monzo.com,/help/account-and-profile/IFTTT-login-button-not-working,help,True,https://monzo.com/gb-sitemap.xml,2026-08-16T18:47:09.246728+00:00
https://monzo.com/help/account-and-profile/IFTTT-set-up,monzo.com,/help/account-and-profile/IFTTT-set-up,help,True,https://monzo.com/gb-sitemap.xml,2026-08-16T18:47:09.246728+00:00
https://monzo.com/help/account-and-profile/labs-what-is,monzo.com,/help/account-and-profile/labs-what-is,help,True,https://monzo.com/gb-sitemap.xml,2026-08-16T18:47:09.246728+00:00
https://monzo.com/help/account-and-profile/reopening-your-account,monzo.com,/help/account-and-profile/reopening-your-account,help,True,https://monzo.com/gb-sitemap.xml,2026-08-16T18:47:09.246728+00:00
https://monzo.com/help/account-and-profile/share-with-us,monzo.com,/help/account-and-profile/share-with-us,help,True,https://monzo.com/gb-sitemap.xml,2026-08-16T18:47:09.246728+00:00
https://monzo.com/help/account-and-profile/statement-of-fees-web,monzo.com,/help/account-and-profile/statement-of-fees-web,help,True,https://monzo.com/gb-sitemap.xml,2026-08-16T18:47:09.246728+00:00
https://monzo.com/help/account-and-profile/tax-residency-eu,monzo.com,/help/account-and-profile/tax-residency-eu,help,True,https://monzo.com/gb-sitemap.xml,2026-08-16T18:47:09.246728+00:00
https://monzo.com/help/account-and-profile/tax-residency-us,monzo.com,/help/account-and-profile/tax-residency-us,help,True,https://monzo.com/gb-sitemap.xml,2026-08-16T18:47:09.246728+00:00
https://monzo.com/help/account-and-profile/understanding-fees,monzo.com,/help/account-and-profile/understanding-fees,help,True,https://monzo.com/gb-sitemap.xml,2026-08-16T18:47:09.246728+00:00
https://monzo.com/help/account-and-profile/update-email,monzo.com,/help/account-and-profile/update-email,help,True,https://monzo.com/gb-sitemap.xml,2026-08-16T18:47:09.246728+00:00
https://monzo.com/help/account-and-profile/update-home-address,monzo.com,/help/account-and-profile/update-home-address,help,True,https://monzo.com/gb-sitemap.xml,2026-08-16T18:47:09.246728+00:00
https://monzo.com/help/account-and-profile/update-legal-name,monzo.com,/help/account-and-profile/update-legal-name,help,True,https://monzo.com/gb-sitemap.xml,2026-08-16T18:47:09.246728+00:00
https://monzo.com/help/account-and-profile/update-phone-number,monzo.com,/help/account-and-profile/update-phone-number,help,True,https://monzo.com/gb-sitemap.xml,2026-08-16T18:47:09.246728+00:00
https://monzo.com/help/account-and-profile/update-preferred-name,monzo.com,/help/account-and-profile/update-preferred-name,help,True,https://monzo.com/gb-sitemap.xml,2026-08-16T18:47:09.246728+00:00
https://monzo.com/help/account-and-profile/update-tax-residency,monzo.com,/help/account-and-profile/update-tax-residency,help,True,https://monzo.com/gb-sitemap.xml,2026-08-16T18:47:09.246728+00:00
https://monzo.com/help/account-and-profile/what-is-ifttt,monzo.com,/help/account-and-profile/what-is-ifttt,help,True,https://monzo.com/gb-sitemap.xml,2026-08-16T18:47:09.246728+00:00
https://monzo.com/help/account-and-profile/what-tax-status,monzo.com,/help/account-and-profile/what-tax-status,help,True,https://monzo.com/gb-sitemap.xml,2026-08-16T18:47:09.246728+00:00
https://monzo.com/help/app-help,monzo.com,/help/app-help,help,True,https://monzo.com/gb-sitemap.xml,2026-08-16T18:47:09.246728+00:00
https://monzo.com/help/app-help/add-card-to-apple-google-pay,monzo.com,/help/app-help/add-card-to-apple-google-pay,help,True,https://monzo.com/gb-sitemap.xml,2026-08-16T18:47:09.246728+00:00
https://monzo.com/help/app-help/adding-card-to-google-pay,monzo.com,/help/app-help/adding-card-to-google-pay,help,True,https://monzo.com/gb-sitemap.xml,2026-08-16T18:47:09.246728+00:00
https://monzo.com/help/app-help/apple-pay-devices,monzo.com,/help/app-help/apple-pay-devices,help,True,https://monzo.com/gb-sitemap.xml,2026-08-16T18:47:09.246728+00:00
https://monzo.com/help/app-help/apple-pay-payment-limit,monzo.com,/help/app-help/apple-pay-payment-limit,help,True,https://monzo.com/gb-sitemap.xml,2026-08-16T18:47:09.246728+00:00
https://monzo.com/help/app-help/changing-notifications,monzo.com,/help/app-help/changing-notifications,help,True,https://monzo.com/gb-sitemap.xml,2026-08-16T18:47:09.246728+00:00
https://monzo.com/help/app-help/contacting-support,monzo.com,/help/app-help/contacting-support,help,True,https://monzo.com/gb-sitemap.xml,2026-08-16T18:47:09.246728+00:00
https://monzo.com/help/app-help/duplicate-notifications-apple-pay,monzo.com,/help/app-help/duplicate-notifications-apple-pay,help,True,https://monzo.com/gb-sitemap.xml,2026-08-16T18:47:09.246728+00:00
https://monzo.com/help/app-help/finding-features-new-homescreen,monzo.com,/help/app-help/finding-features-new-homescreen,help,True,https://monzo.com/gb-sitemap.xml,2026-08-16T18:47:09.246728+00:00
https://monzo.com/help/app-help/google-pay-activation-issues,monzo.com,/help/app-help/google-pay-activation-issues,help,True,https://monzo.com/gb-sitemap.xml,2026-08-16T18:47:09.246728+00:00
https://monzo.com/help/app-help/GooglePayFAQs,monzo.com,/help/app-help/GooglePayFAQs,help,True,https://monzo.com/gb-sitemap.xml,2026-08-16T18:47:09.246728+00:00
https://monzo.com/help/app-help/google-pay-payment-limit,monzo.com,/help/app-help/google-pay-payment-limit,help,True,https://monzo.com/gb-sitemap.xml,2026-08-16T18:47:09.246728+00:00
https://monzo.com/help/app-help/hiddenappmagiclink,monzo.com,/help/app-help/hiddenappmagiclink,help,True,https://monzo.com/gb-sitemap.xml,2026-08-16T18:47:09.246728+00:00
https://monzo.com/help/app-help/lefttospendremoval,monzo.com,/help/app-help/lefttospendremoval,help,True,https://monzo.com/gb-sitemap.xml,2026-08-16T18:47:09.246728+00:00
https://monzo.com/help/app-help/logging-out,monzo.com,/help/app-help/logging-out,help,True,https://monzo.com/gb-sitemap.xml,2026-08-16T18:47:09.246728+00:00
https://monzo.com/help/app-help/log-in-multiple-devices,monzo.com,/help/app-help/log-in-multiple-devices,help,True,https://monzo.com/gb-sitemap.xml,2026-08-16T18:47:09.246728+00:00
https://monzo.com/help/app-help/making-monzo-default-card-google-pay,monzo.com,/help/app-help/making-monzo-default-card-google-pay,help,True,https://monzo.com/gb-sitemap.xml,2026-08-16T18:47:09.246728+00:00
https://monzo.com/help/app-help/marketing-preferences,monzo.com,/help/app-help/marketing-preferences,help,True,https://monzo.com/gb-sitemap.xml,2026-08-16T18:47:09.246728+00:00
https://monzo.com/help/app-help/monzo-default-apple-pay-card,monzo.com,/help/app-help/monzo-default-apple-pay-card,help,True,https://monzo.com/gb-sitemap.xml,2026-08-16T18:47:09.246728+00:00
https://monzo.com/help/app-help/opening-encrypted-files,monzo.com,/help/app-help/opening-encrypted-files,help,True,https://monzo.com/gb-sitemap.xml,2026-08-16T18:47:09.246728+00:00
https://monzo.com/help/app-help/remove-monzo-card-from-apple-pay,monzo.com,/help/app-help/remove-monzo-card-from-apple-pay,help,True,https://monzo.com/gb-sitemap.xml,2026-08-16T18:47:09.246728+00:00
https://monzo.com/help/app-help/reporting-bugs,monzo.com,/help/app-help/reporting-bugs,help,True,https://monzo.com/gb-sitemap.xml,2026-08-16T18:47:09.246728+00:00
https://monzo.com/help/app-help/samsung-pay,monzo.com,/help/app-help/samsung-pay,help,True,https://monzo.com/gb-sitemap.xml,2026-08-16T18:47:09.246728+00:00
https://monzo.com/help/app-help/switch-on-dark-mode-web,monzo.com,/help/app-help/switch-on-dark-mode-web,help,True,https://monzo.com/gb-sitemap.xml,2026-08-16T18:47:09.246728+00:00
https://monzo.com/help/app-help/using-google-pay-card-frozen,monzo.com,/help/app-help/using-google-pay-card-frozen,help,True,https://monzo.com/gb-sitemap.xml,2026-08-16T18:47:09.246728+00:00
https://monzo.com/help/book-of-money,monzo.com,/help/book-of-money,help,True,https://monzo.com/gb-sitemap.xml,2026-08-16T18:47:09.246728+00:00
https://monzo.com/help/book-of-money/book-of-money,monzo.com,/help/book-of-money/book-of-money,help,True,https://monzo.com/gb-sitemap.xml,2026-08-16T18:47:09.246728+00:00
https://monzo.com/help/budgeting-overdrafts-savings,monzo.com,/help/budgeting-overdrafts-savings,help,True,https://monzo.com/gb-sitemap.xml,2026-08-16T18:47:09.246728+00:00
https://monzo.com/help/budgeting-overdrafts-savings/add-withdraw-hidden-pots,monzo.com,/help/budgeting-overdrafts-savings/add-withdraw-hidden-pots,help,True,https://monzo.com/gb-sitemap.xml,2026-08-16T18:47:09.246728+00:00
https://monzo.com/help/budgeting-overdrafts-savings/advanced-budgeting-custom-categories,monzo.com,/help/budgeting-overdrafts-savings/advanced-budgeting-custom-categories,help,True,https://monzo.com/gb-sitemap.xml,2026-08-16T18:47:09.246728+00:00
https://monzo.com/help/budgeting-overdrafts-savings/advanced-budgeting-multiple-categories,monzo.com,/help/budgeting-overdrafts-savings/advanced-budgeting-multiple-categories,help,True,https://monzo.com/gb-sitemap.xml,2026-08-16T18:47:09.246728+00:00
https://monzo.com/help/budgeting-overdrafts-savings/android-safety-net,monzo.com,/help/budgeting-overdrafts-savings/android-safety-net,help,True,https://monzo.com/gb-sitemap.xml,2026-08-16T18:47:09.246728+00:00
https://monzo.com/help/budgeting-overdrafts-savings/archived-pots,monzo.com,/help/budgeting-overdrafts-savings/archived-pots,help,True,https://monzo.com/gb-sitemap.xml,2026-08-16T18:47:09.246728+00:00
https://monzo.com/help/budgeting-overdrafts-savings/business-instant-access-savings-pots,monzo.com,/help/budgeting-overdrafts-savings/business-instant-access-savings-pots,help,True,https://monzo.com/gb-sitemap.xml,2026-08-16T18:47:09.246728+00:00
https://monzo.com/help/budgeting-overdrafts-savings/cancelling-ISA-transfer,monzo.com,/help/budgeting-overdrafts-savings/cancelling-ISA-transfer,help,True,https://monzo.com/gb-sitemap.xml,2026-08-16T18:47:09.246728+00:00
https://monzo.com/help/budgeting-overdrafts-savings/create-pot-app,monzo.com,/help/budgeting-overdrafts-savings/create-pot-app,help,True,https://monzo.com/gb-sitemap.xml,2026-08-16T18:47:09.246728+00:00
https://monzo.com/help/budgeting-overdrafts-savings/getting-isa-on-joint-account,monzo.com,/help/budgeting-overdrafts-savings/getting-isa-on-joint-account,help,True,https://monzo.com/gb-sitemap.xml,2026-08-16T18:47:09.246728+00:00
https://monzo.com/help/budgeting-overdrafts-savings/hide-pots,monzo.com,/help/budgeting-overdrafts-savings/hide-pots,help,True,https://monzo.com/gb-sitemap.xml,2026-08-16T18:47:09.246728+00:00
https://monzo.com/help/budgeting-overdrafts-savings/how-does-interest-work,monzo.com,/help/budgeting-overdrafts-savings/how-does-interest-work,help,True,https://monzo.com/gb-sitemap.xml,2026-08-16T18:47:09.246728+00:00
https://monzo.com/help/budgeting-overdrafts-savings/how-do-i-transfer-my-isa,monzo.com,/help/budgeting-overdrafts-savings/how-do-i-transfer-my-isa,help,True,https://monzo.com/gb-sitemap.xml,2026-08-16T18:47:09.246728+00:00
https://monzo.com/help/budgeting-overdrafts-savings/how-to-close-pot,monzo.com,/help/budgeting-overdrafts-savings/how-to-close-pot,help,True,https://monzo.com/gb-sitemap.xml,2026-08-16T18:47:09.246728+00:00
https://monzo.com/help/budgeting-overdrafts-savings/how-to-set-custom-dates-summary,monzo.com,/help/budgeting-overdrafts-savings/how-to-set-custom-dates-summary,help,True,https://monzo.com/gb-sitemap.xml,2026-08-16T18:47:09.246728+00:00
https://monzo.com/help/budgeting-overdrafts-savings/instant-access-limits,monzo.com,/help/budgeting-overdrafts-savings/instant-access-limits,help,True,https://monzo.com/gb-sitemap.xml,2026-08-16T18:47:09.246728+00:00
https://monzo.com/help/budgeting-overdrafts-savings/instant-access-pots-new,monzo.com,/help/budgeting-overdrafts-savings/instant-access-pots-new,help,True,https://monzo.com/gb-sitemap.xml,2026-08-16T18:47:09.246728+00:00
https://monzo.com/help/budgeting-overdrafts-savings/instant-access-savings-pots-web,monzo.com,/help/budgeting-overdrafts-savings/instant-access-savings-pots-web,help,True,https://monzo.com/gb-sitemap.xml,2026-08-16T18:47:09.246728+00:00
https://monzo.com/help/budgeting-overdrafts-savings/interest-on-monzo-isas,monzo.com,/help/budgeting-overdrafts-savings/interest-on-monzo-isas,help,True,https://monzo.com/gb-sitemap.xml,2026-08-16T18:47:09.246728+00:00
https://monzo.com/help/budgeting-overdrafts-savings/isas-and-moving-abroad,monzo.com,/help/budgeting-overdrafts-savings/isas-and-moving-abroad,help,True,https://monzo.com/gb-sitemap.xml,2026-08-16T18:47:09.246728+00:00
https://monzo.com/help/budgeting-overdrafts-savings/moving-money-to-from-pots,monzo.com,/help/budgeting-overdrafts-savings/moving-money-to-from-pots,help,True,https://monzo.com/gb-sitemap.xml,2026-08-16T18:47:09.246728+00:00
https://monzo.com/help/budgeting-overdrafts-savings/paying-tax-on-an-isa,monzo.com,/help/budgeting-overdrafts-savings/paying-tax-on-an-isa,help,True,https://monzo.com/gb-sitemap.xml,2026-08-16T18:47:09.246728+00:00
https://monzo.com/help/budgeting-overdrafts-savings/pots-with-overdrafts,monzo.com,/help/budgeting-overdrafts-savings/pots-with-overdrafts,help,True,https://monzo.com/gb-sitemap.xml,2026-08-16T18:47:09.246728+00:00
https://monzo.com/help/budgeting-overdrafts-savings/pot-type-explanation,monzo.com,/help/budgeting-overdrafts-savings/pot-type-explanation,help,True,https://monzo.com/gb-sitemap.xml,2026-08-16T18:47:09.246728+00:00
https://monzo.com/help/budgeting-overdrafts-savings/reorder-pots,monzo.com,/help/budgeting-overdrafts-savings/reorder-pots,help,True,https://monzo.com/gb-sitemap.xml,2026-08-16T18:47:09.246728+00:00
https://monzo.com/help/budgeting-overdrafts-savings/transferring-an-ISA-to-Monzo,monzo.com,/help/budgeting-overdrafts-savings/transferring-an-ISA-to-Monzo,help,True,https://monzo.com/gb-sitemap.xml,2026-08-16T18:47:09.246728+00:00
https://monzo.com/help/budgeting-overdrafts-savings/trends-custom-categories-web,monzo.com,/help/budgeting-overdrafts-savings/trends-custom-categories-web,help,True,https://monzo.com/gb-sitemap.xml,2026-08-16T18:47:09.246728+00:00
https://monzo.com/help/budgeting-overdrafts-savings/trends-spending-and-balance-web,monzo.com,/help/budgeting-overdrafts-savings/trends-spending-and-balance-web,help,True,https://monzo.com/gb-sitemap.xml,2026-08-16T18:47:09.246728+00:00
https://monzo.com/help/budgeting-overdrafts-savings/types-of-ISA-at-monzo,monzo.com,/help/budgeting-overdrafts-savings/types-of-ISA-at-monzo,help,True,https://monzo.com/gb-sitemap.xml,2026-08-16T18:47:09.246728+00:00
https://monzo.com/help/budgeting-overdrafts-savings/unlock-pot,monzo.com,/help/budgeting-overdrafts-savings/unlock-pot,help,True,https://monzo.com/gb-sitemap.xml,2026-08-16T18:47:09.246728+00:00
https://monzo.com/help/budgeting-overdrafts-savings/web-bill-pots,monzo.com,/help/budgeting-overdrafts-savings/web-bill-pots,help,True,https://monzo.com/gb-sitemap.xml,2026-08-16T18:47:09.246728+00:00
https://monzo.com/help/budgeting-overdrafts-savings/web-salary-sorter,monzo.com,/help/budgeting-overdrafts-savings/web-salary-sorter,help,True,https://monzo.com/gb-sitemap.xml,2026-08-16T18:47:09.246728+00:00
https://monzo.com/help/budgeting-overdrafts-savings/what-are-locked-pots,monzo.com,/help/budgeting-overdrafts-savings/what-are-locked-pots,help,True,https://monzo.com/gb-sitemap.xml,2026-08-16T18:47:09.246728+00:00
https://monzo.com/help/budgeting-overdrafts-savings/what-is-a-pot,monzo.com,/help/budgeting-overdrafts-savings/what-is-a-pot,help,True,https://monzo.com/gb-sitemap.xml,2026-08-16T18:47:09.246728+00:00
https://monzo.com/help/budgeting-overdrafts-savings/trends-left-to-spend-web,monzo.com,/help/budgeting-overdrafts-savings/trends-left-to-spend-web,help,True,https://monzo.com/gb-sitemap.xml,2026-08-16T18:47:09.246728+00:00
https://monzo.com/help/budgeting-overdrafts-savings/when-is-interest-paid,monzo.com,/help/budgeting-overdrafts-savings/when-is-interest-paid,help,True,https://monzo.com/gb-sitemap.xml,2026-08-16T18:47:09.246728+00:00
https://monzo.com/help/business-accounts,monzo.com,/help/business-accounts,help,True,https://monzo.com/gb-sitemap.xml,2026-08-16T18:47:09.246728+00:00
https://monzo.com/help/business-accounts/accounting-tool-not-synced,monzo.com,/help/business-accounts/accounting-tool-not-synced,help,True,https://monzo.com/gb-sitemap.xml,2026-08-16T18:47:09.246728+00:00
https://monzo.com/help/business-accounts/accounting-tools-duplicated-accounts,monzo.com,/help/business-accounts/accounting-tools-duplicated-accounts,help,True,https://monzo.com/gb-sitemap.xml,2026-08-16T18:47:09.246728+00:00
https://monzo.com/help/business-accounts/add-utr,monzo.com,/help/business-accounts/add-utr,help,True,https://monzo.com/gb-sitemap.xml,2026-08-16T18:47:09.246728+00:00
https://monzo.com/help/business-accounts/auto-export-business-documents-web,monzo.com,/help/business-accounts/auto-export-business-documents-web,help,True,https://monzo.com/gb-sitemap.xml,2026-08-16T18:47:09.246728+00:00
https://monzo.com/help/business-accounts/auto-export-business-transactions-web,monzo.com,/help/business-accounts/auto-export-business-transactions-web,help,True,https://monzo.com/gb-sitemap.xml,2026-08-16T18:47:09.246728+00:00
https://monzo.com/help/business-accounts/balance-in-accounting-tools,monzo.com,/help/business-accounts/balance-in-accounting-tools,help,True,https://monzo.com/gb-sitemap.xml,2026-08-16T18:47:09.246728+00:00
https://monzo.com/help/business-accounts/bb-accounting-tools,monzo.com,/help/business-accounts/bb-accounting-tools,help,True,https://monzo.com/gb-sitemap.xml,2026-08-16T18:47:09.246728+00:00
https://monzo.com/help/business-accounts/bb-web-create-st-order,monzo.com,/help/business-accounts/bb-web-create-st-order,help,True,https://monzo.com/gb-sitemap.xml,2026-08-16T18:47:09.246728+00:00
https://monzo.com/help/business-accounts/bb-web-edit-cancel-st-order,monzo.com,/help/business-accounts/bb-web-edit-cancel-st-order,help,True,https://monzo.com/gb-sitemap.xml,2026-08-16T18:47:09.246728+00:00
https://monzo.com/help/business-accounts/bb-web-make-payment,monzo.com,/help/business-accounts/bb-web-make-payment,help,True,https://monzo.com/gb-sitemap.xml,2026-08-16T18:47:09.246728+00:00
https://monzo.com/help/business-accounts/bulk-payment-schedule-web,monzo.com,/help/business-accounts/bulk-payment-schedule-web,help,True,https://monzo.com/gb-sitemap.xml,2026-08-16T18:47:09.246728+00:00
https://monzo.com/help/business-accounts/bulk-payment-troubleshoot-web,monzo.com,/help/business-accounts/bulk-payment-troubleshoot-web,help,True,https://monzo.com/gb-sitemap.xml,2026-08-16T18:47:09.246728+00:00
https://monzo.com/help/business-accounts/bulk-payment-web,monzo.com,/help/business-accounts/bulk-payment-web,help,True,https://monzo.com/gb-sitemap.xml,2026-08-16T18:47:09.246728+00:00
https://monzo.com/help/business-accounts/bulk-payment-what-web,monzo.com,/help/business-accounts/bulk-payment-what-web,help,True,https://monzo.com/gb-sitemap.xml,2026-08-16T18:47:09.246728+00:00
https://monzo.com/help/business-accounts/business-account-access-rights,monzo.com,/help/business-accounts/business-account-access-rights,help,True,https://monzo.com/gb-sitemap.xml,2026-08-16T18:47:09.246728+00:00
https://monzo.com/help/business-accounts/business-banking-cashback-just-eat-web,monzo.com,/help/business-accounts/business-banking-cashback-just-eat-web,help,True,https://monzo.com/gb-sitemap.xml,2026-08-16T18:47:09.246728+00:00
https://monzo.com/help/business-accounts/business-banking-change-plan-web,monzo.com,/help/business-accounts/business-banking-change-plan-web,help,True,https://monzo.com/gb-sitemap.xml,2026-08-16T18:47:09.246728+00:00
https://monzo.com/help/business-accounts/business-banking-invoicing-currency-web,monzo.com,/help/business-accounts/business-banking-invoicing-currency-web,help,True,https://monzo.com/gb-sitemap.xml,2026-08-16T18:47:09.246728+00:00
https://monzo.com/help/business-accounts/business-banking-limited-company-borrowing-web,monzo.com,/help/business-accounts/business-banking-limited-company-borrowing-web,help,True,https://monzo.com/gb-sitemap.xml,2026-08-16T18:47:09.246728+00:00
https://monzo.com/help/business-accounts/business-banking-no-xero-categories,monzo.com,/help/business-accounts/business-banking-no-xero-categories,help,True,https://monzo.com/gb-sitemap.xml,2026-08-16T18:47:09.246728+00:00
https://monzo.com/help/business-accounts/business-banking-update-registered-name-address-industry,monzo.com,/help/business-accounts/business-banking-update-registered-name-address-industry,help,True,https://monzo.com/gb-sitemap.xml,2026-08-16T18:47:09.246728+00:00
https://monzo.com/help/business-accounts/business-banking-web-login,monzo.com,/help/business-accounts/business-banking-web-login,help,True,https://monzo.com/gb-sitemap.xml,2026-08-16T18:47:09.246728+00:00
https://monzo.com/help/business-accounts/business-bank-statement,monzo.com,/help/business-accounts/business-bank-statement,help,True,https://monzo.com/gb-sitemap.xml,2026-08-16T18:47:09.246728+00:00
https://monzo.com/help/business-accounts/business-cash-deposit-limits-why-web,monzo.com,/help/business-accounts/business-cash-deposit-limits-why-web,help,True,https://monzo.com/gb-sitemap.xml,2026-08-16T18:47:09.246728+00:00
https://monzo.com/help/business-accounts/business-getpaid-easybanktransfers,monzo.com,/help/business-accounts/business-getpaid-easybanktransfers,help,True,https://monzo.com/gb-sitemap.xml,2026-08-16T18:47:09.246728+00:00
https://monzo.com/help/business-accounts/business-getpaid-fees-web,monzo.com,/help/business-accounts/business-getpaid-fees-web,help,True,https://monzo.com/gb-sitemap.xml,2026-08-16T18:47:09.246728+00:00
https://monzo.com/help/business-accounts/business-get-paid-invoice-numbers,monzo.com,/help/business-accounts/business-get-paid-invoice-numbers,help,True,https://monzo.com/gb-sitemap.xml,2026-08-16T18:47:09.246728+00:00
https://monzo.com/help/business-accounts/business-getpaid-location-settings,monzo.com,/help/business-accounts/business-getpaid-location-settings,help,True,https://monzo.com/gb-sitemap.xml,2026-08-16T18:47:09.246728+00:00
https://monzo.com/help/business-accounts/business-getpaid-NFC-web,monzo.com,/help/business-accounts/business-getpaid-NFC-web,help,True,https://monzo.com/gb-sitemap.xml,2026-08-16T18:47:09.246728+00:00
https://monzo.com/help/business-accounts/business-getpaid-paymentlinks-invoices-web,monzo.com,/help/business-accounts/business-getpaid-paymentlinks-invoices-web,help,True,https://monzo.com/gb-sitemap.xml,2026-08-16T18:47:09.246728+00:00
https://monzo.com/help/business-accounts/business-getpaid-paymentlinks-managing,monzo.com,/help/business-accounts/business-getpaid-paymentlinks-managing,help,True,https://monzo.com/gb-sitemap.xml,2026-08-16T18:47:09.246728+00:00
https://monzo.com/help/business-accounts/business-getpaid-stripe-online-card-payments,monzo.com,/help/business-accounts/business-getpaid-stripe-online-card-payments,help,True,https://monzo.com/gb-sitemap.xml,2026-08-16T18:47:09.246728+00:00
https://monzo.com/help/business-accounts/business-getpaid-stripe-signup-web,monzo.com,/help/business-accounts/business-getpaid-stripe-signup-web,help,True,https://monzo.com/gb-sitemap.xml,2026-08-16T18:47:09.246728+00:00
https://monzo.com/help/business-accounts/business-getpaid-stripe-statement-descriptor-web,monzo.com,/help/business-accounts/business-getpaid-stripe-statement-descriptor-web,help,True,https://monzo.com/gb-sitemap.xml,2026-08-16T18:47:09.246728+00:00
https://monzo.com/help/business-accounts/business-verifying-persons-of-significant-control,monzo.com,/help/business-accounts/business-verifying-persons-of-significant-control,help,True,https://monzo.com/gb-sitemap.xml,2026-08-16T18:47:09.246728+00:00
https://monzo.com/help/business-accounts/business-web-features,monzo.com,/help/business-accounts/business-web-features,help,True,https://monzo.com/gb-sitemap.xml,2026-08-16T18:47:09.246728+00:00
https://monzo.com/help/business-accounts/business-web-security,monzo.com,/help/business-accounts/business-web-security,help,True,https://monzo.com/gb-sitemap.xml,2026-08-16T18:47:09.246728+00:00
https://monzo.com/help/business-accounts/cheque-how-to-pay-business,monzo.com,/help/business-accounts/cheque-how-to-pay-business,help,True,https://monzo.com/gb-sitemap.xml,2026-08-16T18:47:09.246728+00:00
https://monzo.com/help/business-accounts/cheque-how-to-pay-business-by-app,monzo.com,/help/business-accounts/cheque-how-to-pay-business-by-app,help,True,https://monzo.com/gb-sitemap.xml,2026-08-16T18:47:09.246728+00:00
https://monzo.com/help/business-accounts/close-business-account-web,monzo.com,/help/business-accounts/close-business-account-web,help,True,https://monzo.com/gb-sitemap.xml,2026-08-16T18:47:09.246728+00:00
https://monzo.com/help/business-accounts/connected-accounts-business-privacy,monzo.com,/help/business-accounts/connected-accounts-business-privacy,help,True,https://monzo.com/gb-sitemap.xml,2026-08-16T18:47:09.246728+00:00
https://monzo.com/help/business-accounts/connected-accounts-business-remove,monzo.com,/help/business-accounts/connected-accounts-business-remove,help,True,https://monzo.com/gb-sitemap.xml,2026-08-16T18:47:09.246728+00:00
https://monzo.com/help/business-accounts/connected-accounts-business-what,monzo.com,/help/business-accounts/connected-accounts-business-what,help,True,https://monzo.com/gb-sitemap.xml,2026-08-16T18:47:09.246728+00:00
https://monzo.com/help/business-accounts/connect-to-freeagent,monzo.com,/help/business-accounts/connect-to-freeagent,help,True,https://monzo.com/gb-sitemap.xml,2026-08-16T18:47:09.246728+00:00
https://monzo.com/help/business-accounts/connect-to-quickbooks,monzo.com,/help/business-accounts/connect-to-quickbooks,help,True,https://monzo.com/gb-sitemap.xml,2026-08-16T18:47:09.246728+00:00
https://monzo.com/help/business-accounts/connect-to-xero,monzo.com,/help/business-accounts/connect-to-xero,help,True,https://monzo.com/gb-sitemap.xml,2026-08-16T18:47:09.246728+00:00
https://monzo.com/help/business-accounts/disconnecting-accounting-tool-freeagent-xero,monzo.com,/help/business-accounts/disconnecting-accounting-tool-freeagent-xero,help,True,https://monzo.com/gb-sitemap.xml,2026-08-16T18:47:09.246728+00:00
https://monzo.com/help/business-accounts/disconnecting-accounting-tool-quickbooks,monzo.com,/help/business-accounts/disconnecting-accounting-tool-quickbooks,help,True,https://monzo.com/gb-sitemap.xml,2026-08-16T18:47:09.246728+00:00
https://monzo.com/help/business-accounts/expensify,monzo.com,/help/business-accounts/expensify,help,True,https://monzo.com/gb-sitemap.xml,2026-08-16T18:47:09.246728+00:00
https://monzo.com/help/business-accounts/historic-transactions-in-accounting-tools,monzo.com,/help/business-accounts/historic-transactions-in-accounting-tools,help,True,https://monzo.com/gb-sitemap.xml,2026-08-16T18:47:09.246728+00:00
https://monzo.com/help/business-accounts/How-to-add-an-expense-cardholder,monzo.com,/help/business-accounts/How-to-add-an-expense-cardholder,help,True,https://monzo.com/gb-sitemap.xml,2026-08-16T18:47:09.246728+00:00
https://monzo.com/help/business-accounts/how-to-cash-deposit-business-account-web,monzo.com,/help/business-accounts/how-to-cash-deposit-business-account-web,help,True,https://monzo.com/gb-sitemap.xml,2026-08-16T18:47:09.246728+00:00
https://monzo.com/help/business-accounts/how-to-create-a-tax-pot,monzo.com,/help/business-accounts/how-to-create-a-tax-pot,help,True,https://monzo.com/gb-sitemap.xml,2026-08-16T18:47:09.246728+00:00
https://monzo.com/help/business-accounts/How-to-lock-and-unlock-an-expense-card,monzo.com,/help/business-accounts/How-to-lock-and-unlock-an-expense-card,help,True,https://monzo.com/gb-sitemap.xml,2026-08-16T18:47:09.246728+00:00
https://monzo.com/help/business-accounts/How-to-spend-on-an-expense-card,monzo.com,/help/business-accounts/How-to-spend-on-an-expense-card,help,True,https://monzo.com/gb-sitemap.xml,2026-08-16T18:47:09.246728+00:00
https://monzo.com/help/business-accounts/insights-change-date,monzo.com,/help/business-accounts/insights-change-date,help,True,https://monzo.com/gb-sitemap.xml,2026-08-16T18:47:09.246728+00:00
https://monzo.com/help/business-accounts/manual-export-transactions-accounting-tools,monzo.com,/help/business-accounts/manual-export-transactions-accounting-tools,help,True,https://monzo.com/gb-sitemap.xml,2026-08-16T18:47:09.246728+00:00
https://monzo.com/help/business-accounts/monthly-cash-flow-report-faq-business,monzo.com,/help/business-accounts/monthly-cash-flow-report-faq-business,help,True,https://monzo.com/gb-sitemap.xml,2026-08-16T18:47:09.246728+00:00
https://monzo.com/help/business-accounts/Monzo-address,monzo.com,/help/business-accounts/Monzo-address,help,True,https://monzo.com/gb-sitemap.xml,2026-08-16T18:47:09.246728+00:00
https://monzo.com/help/business-accounts/monzo-business-team-members,monzo.com,/help/business-accounts/monzo-business-team-members,help,True,https://monzo.com/gb-sitemap.xml,2026-08-16T18:47:09.246728+00:00
https://monzo.com/help/business-accounts/payments-from-pots-business-account,monzo.com,/help/business-accounts/payments-from-pots-business-account,help,True,https://monzo.com/gb-sitemap.xml,2026-08-16T18:47:09.246728+00:00
https://monzo.com/help/business-accounts/pots-in-accounting-tools,monzo.com,/help/business-accounts/pots-in-accounting-tools,help,True,https://monzo.com/gb-sitemap.xml,2026-08-16T18:47:09.246728+00:00
https://monzo.com/help/business-accounts/reusable-payment-links-web,monzo.com,/help/business-accounts/reusable-payment-links-web,help,True,https://monzo.com/gb-sitemap.xml,2026-08-16T18:47:09.246728+00:00
https://monzo.com/help/business-accounts/square,monzo.com,/help/business-accounts/square,help,True,https://monzo.com/gb-sitemap.xml,2026-08-16T18:47:09.246728+00:00
https://monzo.com/help/business-accounts/stripe-accept-contactless-web,monzo.com,/help/business-accounts/stripe-accept-contactless-web,help,True,https://monzo.com/gb-sitemap.xml,2026-08-16T18:47:09.246728+00:00
https://monzo.com/help/business-accounts/stripe-pay-out-web,monzo.com,/help/business-accounts/stripe-pay-out-web,help,True,https://monzo.com/gb-sitemap.xml,2026-08-16T18:47:09.246728+00:00
https://monzo.com/help/business-accounts/transaction-missing-from-accounting-tools,monzo.com,/help/business-accounts/transaction-missing-from-accounting-tools,help,True,https://monzo.com/gb-sitemap.xml,2026-08-16T18:47:09.246728+00:00
https://monzo.com/help/business-accounts/Understanding-spending-controls-and-limits-for-expense-cardholders,monzo.com,/help/business-accounts/Understanding-spending-controls-and-limits-for-expense-cardholders,help,True,https://monzo.com/gb-sitemap.xml,2026-08-16T18:47:09.246728+00:00
https://monzo.com/help/business-accounts/virtual-card-on-pot-dispute,monzo.com,/help/business-accounts/virtual-card-on-pot-dispute,help,True,https://monzo.com/gb-sitemap.xml,2026-08-16T18:47:09.246728+00:00
https://monzo.com/help/business-accounts/virtual-card-on-pot-how-business-account,monzo.com,/help/business-accounts/virtual-card-on-pot-how-business-account,help,True,https://monzo.com/gb-sitemap.xml,2026-08-16T18:47:09.246728+00:00
https://monzo.com/help/business-accounts/virtual-cards-how-business-banking,monzo.com,/help/business-accounts/virtual-cards-how-business-banking,help,True,https://monzo.com/gb-sitemap.xml,2026-08-16T18:47:09.246728+00:00
https://monzo.com/help/business-accounts/virtual-cards-limits-business-account,monzo.com,/help/business-accounts/virtual-cards-limits-business-account,help,True,https://monzo.com/gb-sitemap.xml,2026-08-16T18:47:09.246728+00:00
https://monzo.com/help/business-accounts/virtual-cards-multiple-team-members-business-account,monzo.com,/help/business-accounts/virtual-cards-multiple-team-members-business-account,help,True,https://monzo.com/gb-sitemap.xml,2026-08-16T18:47:09.246728+00:00
https://monzo.com/help/business-accounts/virtual-cards-not-working-business-banking,monzo.com,/help/business-accounts/virtual-cards-not-working-business-banking,help,True,https://monzo.com/gb-sitemap.xml,2026-08-16T18:47:09.246728+00:00
https://monzo.com/help/business-accounts/virtual-cards-what-business-banking,monzo.com,/help/business-accounts/virtual-cards-what-business-banking,help,True,https://monzo.com/gb-sitemap.xml,2026-08-16T18:47:09.246728+00:00
https://monzo.com/help/business-accounts/virtul-cards-apple-google-pay-business-account,monzo.com,/help/business-accounts/virtul-cards-apple-google-pay-business-account,help,True,https://monzo.com/gb-sitemap.xml,2026-08-16T18:47:09.246728+00:00
https://monzo.com/help/business-accounts/what-is-an-expense-card,monzo.com,/help/business-accounts/what-is-an-expense-card,help,True,https://monzo.com/gb-sitemap.xml,2026-08-16T18:47:09.246728+00:00
https://monzo.com/help/business-accounts/what-is-a-tax-pot,monzo.com,/help/business-accounts/what-is-a-tax-pot,help,True,https://monzo.com/gb-sitemap.xml,2026-08-16T18:47:09.246728+00:00
https://monzo.com/help/business-accounts/what-is-insights,monzo.com,/help/business-accounts/what-is-insights,help,True,https://monzo.com/gb-sitemap.xml,2026-08-16T18:47:09.246728+00:00
https://monzo.com/help/business-accounts/what-month-in-review-business,monzo.com,/help/business-accounts/what-month-in-review-business,help,True,https://monzo.com/gb-sitemap.xml,2026-08-16T18:47:09.246728+00:00
https://monzo.com/help/business-accounts/wise-payment-status-business-banking,monzo.com,/help/business-accounts/wise-payment-status-business-banking,help,True,https://monzo.com/gb-sitemap.xml,2026-08-16T18:47:09.246728+00:00
https://monzo.com/help/business-accounts/xero-expense-integration,monzo.com,/help/business-accounts/xero-expense-integration,help,True,https://monzo.com/gb-sitemap.xml,2026-08-16T18:47:09.246728+00:00
https://monzo.com/help/business-accounts-signup,monzo.com,/help/business-accounts-signup,help,True,https://monzo.com/gb-sitemap.xml,2026-08-16T18:47:09.246728+00:00
https://monzo.com/help/business-accounts-signup/business-account-getting-in-after-submitting-application,monzo.com,/help/business-accounts-signup/business-account-getting-in-after-submitting-application,help,True,https://monzo.com/gb-sitemap.xml,2026-08-16T18:47:09.246728+00:00
https://monzo.com/help/business-accounts-signup/business-account-signup-no-personal-account,monzo.com,/help/business-accounts-signup/business-account-signup-no-personal-account,help,True,https://monzo.com/gb-sitemap.xml,2026-08-16T18:47:09.246728+00:00
https://monzo.com/help/business-accounts-signup/business-account-signup-start-on-web,monzo.com,/help/business-accounts-signup/business-account-signup-start-on-web,help,True,https://monzo.com/gb-sitemap.xml,2026-08-16T18:47:09.246728+00:00
https://monzo.com/help/business-accounts-signup/business-banking-cass,monzo.com,/help/business-accounts-signup/business-banking-cass,help,True,https://monzo.com/gb-sitemap.xml,2026-08-16T18:47:09.246728+00:00
https://monzo.com/help/business-accounts-signup/business-card-delivery-address,monzo.com,/help/business-accounts-signup/business-card-delivery-address,help,True,https://monzo.com/gb-sitemap.xml,2026-08-16T18:47:09.246728+00:00
https://monzo.com/help/business-accounts-signup/business-verifying-persons-of-significant-control,monzo.com,/help/business-accounts-signup/business-verifying-persons-of-significant-control,help,True,https://monzo.com/gb-sitemap.xml,2026-08-16T18:47:09.246728+00:00
https://monzo.com/help/business-accounts-signup/business-verifying-persons-of-significant-control-at-sign-up,monzo.com,/help/business-accounts-signup/business-verifying-persons-of-significant-control-at-sign-up,help,True,https://monzo.com/gb-sitemap.xml,2026-08-16T18:47:09.246728+00:00
https://monzo.com/help/business-accounts-signup/eligible-businesses,monzo.com,/help/business-accounts-signup/eligible-businesses,help,True,https://monzo.com/gb-sitemap.xml,2026-08-16T18:47:09.246728+00:00
https://monzo.com/help/business-accounts-signup/monzo-business-signup-existing-personal-account,monzo.com,/help/business-accounts-signup/monzo-business-signup-existing-personal-account,help,True,https://monzo.com/gb-sitemap.xml,2026-08-16T18:47:09.246728+00:00
https://monzo.com/help/business-accounts-signup/monzo-business-team-members,monzo.com,/help/business-accounts-signup/monzo-business-team-members,help,True,https://monzo.com/gb-sitemap.xml,2026-08-16T18:47:09.246728+00:00
https://monzo.com/help/business-accounts-signup/multiple-business-accounts,monzo.com,/help/business-accounts-signup/multiple-business-accounts,help,True,https://monzo.com/gb-sitemap.xml,2026-08-16T18:47:09.246728+00:00
https://monzo.com/help/business-accounts-signup/using-current-account-for-business,monzo.com,/help/business-accounts-signup/using-current-account-for-business,help,True,https://monzo.com/gb-sitemap.xml,2026-08-16T18:47:09.246728+00:00
https://monzo.com/help/business-category-making-tax-digital,monzo.com,/help/business-category-making-tax-digital,help,True,https://monzo.com/gb-sitemap.xml,2026-08-16T18:47:09.246728+00:00
https://monzo.com/help/business-category-making-tax-digital/business-mtd-monzo-help,monzo.com,/help/business-category-making-tax-digital/business-mtd-monzo-help,help,True,https://monzo.com/gb-sitemap.xml,2026-08-16T18:47:09.246728+00:00
https://monzo.com/help/business-category-making-tax-digital/business-what-is-making-tax-digital,monzo.com,/help/business-category-making-tax-digital/business-what-is-making-tax-digital,help,True,https://monzo.com/gb-sitemap.xml,2026-08-16T18:47:09.246728+00:00
https://monzo.com/help/business-expensecards,monzo.com,/help/business-expensecards,help,True,https://monzo.com/gb-sitemap.xml,2026-08-16T18:47:09.246728+00:00
https://monzo.com/help/business-expensecards/business-account-access-rights,monzo.com,/help/business-expensecards/business-account-access-rights,help,True,https://monzo.com/gb-sitemap.xml,2026-08-16T18:47:09.246728+00:00
https://monzo.com/help/business-expensecards/How-to-add-an-expense-cardholder,monzo.com,/help/business-expensecards/How-to-add-an-expense-cardholder,help,True,https://monzo.com/gb-sitemap.xml,2026-08-16T18:47:09.246728+00:00
https://monzo.com/help/business-expensecards/How-to-lock-and-unlock-an-expense-card,monzo.com,/help/business-expensecards/How-to-lock-and-unlock-an-expense-card,help,True,https://monzo.com/gb-sitemap.xml,2026-08-16T18:47:09.246728+00:00
https://monzo.com/help/business-expensecards/How-to-spend-on-an-expense-card,monzo.com,/help/business-expensecards/How-to-spend-on-an-expense-card,help,True,https://monzo.com/gb-sitemap.xml,2026-08-16T18:47:09.246728+00:00
https://monzo.com/help/business-expensecards/monzo-business-team-members,monzo.com,/help/business-expensecards/monzo-business-team-members,help,True,https://monzo.com/gb-sitemap.xml,2026-08-16T18:47:09.246728+00:00
https://monzo.com/help/business-expensecards/Understanding-spending-controls-and-limits-for-expense-cardholders,monzo.com,/help/business-expensecards/Understanding-spending-controls-and-limits-for-expense-cardholders,help,True,https://monzo.com/gb-sitemap.xml,2026-08-16T18:47:09.246728+00:00
https://monzo.com/help/business-expensecards/what-is-an-expense-card,monzo.com,/help/business-expensecards/what-is-an-expense-card,help,True,https://monzo.com/gb-sitemap.xml,2026-08-16T18:47:09.246728+00:00
https://monzo.com/help/business-getpaid,monzo.com,/help/business-getpaid,help,True,https://monzo.com/gb-sitemap.xml,2026-08-16T18:47:09.246728+00:00
https://monzo.com/help/business-getpaid/business-banking-invoicing-currency-web,monzo.com,/help/business-getpaid/business-banking-invoicing-currency-web,help,True,https://monzo.com/gb-sitemap.xml,2026-08-16T18:47:09.246728+00:00
https://monzo.com/help/business-getpaid/business-getpaid-easybanktransfers,monzo.com,/help/business-getpaid/business-getpaid-easybanktransfers,help,True,https://monzo.com/gb-sitemap.xml,2026-08-16T18:47:09.246728+00:00
https://monzo.com/help/business-getpaid/business-getpaid-fees-web,monzo.com,/help/business-getpaid/business-getpaid-fees-web,help,True,https://monzo.com/gb-sitemap.xml,2026-08-16T18:47:09.246728+00:00
https://monzo.com/help/business-getpaid/business-get-paid-invoice-numbers,monzo.com,/help/business-getpaid/business-get-paid-invoice-numbers,help,True,https://monzo.com/gb-sitemap.xml,2026-08-16T18:47:09.246728+00:00
https://monzo.com/help/business-getpaid/business-getpaid-location-settings,monzo.com,/help/business-getpaid/business-getpaid-location-settings,help,True,https://monzo.com/gb-sitemap.xml,2026-08-16T18:47:09.246728+00:00
https://monzo.com/help/business-getpaid/business-getpaid-NFC-web,monzo.com,/help/business-getpaid/business-getpaid-NFC-web,help,True,https://monzo.com/gb-sitemap.xml,2026-08-16T18:47:09.246728+00:00
https://monzo.com/help/business-getpaid/business-getpaid-paymentlinks-invoices-web,monzo.com,/help/business-getpaid/business-getpaid-paymentlinks-invoices-web,help,True,https://monzo.com/gb-sitemap.xml,2026-08-16T18:47:09.246728+00:00
https://monzo.com/help/business-getpaid/business-getpaid-paymentlinks-managing,monzo.com,/help/business-getpaid/business-getpaid-paymentlinks-managing,help,True,https://monzo.com/gb-sitemap.xml,2026-08-16T18:47:09.246728+00:00
https://monzo.com/help/business-getpaid/business-getpaid-stripe-online-card-payments,monzo.com,/help/business-getpaid/business-getpaid-stripe-online-card-payments,help,True,https://monzo.com/gb-sitemap.xml,2026-08-16T18:47:09.246728+00:00
https://monzo.com/help/business-getpaid/business-getpaid-stripe-signup-web,monzo.com,/help/business-getpaid/business-getpaid-stripe-signup-web,help,True,https://monzo.com/gb-sitemap.xml,2026-08-16T18:47:09.246728+00:00
https://monzo.com/help/business-getpaid/business-getpaid-stripe-statement-descriptor-web,monzo.com,/help/business-getpaid/business-getpaid-stripe-statement-descriptor-web,help,True,https://monzo.com/gb-sitemap.xml,2026-08-16T18:47:09.246728+00:00
https://monzo.com/help/business-getpaid/reusable-payment-links-web,monzo.com,/help/business-getpaid/reusable-payment-links-web,help,True,https://monzo.com/gb-sitemap.xml,2026-08-16T18:47:09.246728+00:00
https://monzo.com/help/business-getpaid/stripe-accept-contactless-web,monzo.com,/help/business-getpaid/stripe-accept-contactless-web,help,True,https://monzo.com/gb-sitemap.xml,2026-08-16T18:47:09.246728+00:00
https://monzo.com/help/business-getpaid/stripe-pay-out-web,monzo.com,/help/business-getpaid/stripe-pay-out-web,help,True,https://monzo.com/gb-sitemap.xml,2026-08-16T18:47:09.246728+00:00
https://monzo.com/help/cashback,monzo.com,/help/cashback,help,True,https://monzo.com/gb-sitemap.xml,2026-08-16T18:47:09.246728+00:00
https://monzo.com/help/cashback/cashback-data,monzo.com,/help/cashback/cashback-data,help,True,https://monzo.com/gb-sitemap.xml,2026-08-16T18:47:09.246728+00:00
https://monzo.com/help/cashback/cashback-feedback,monzo.com,/help/cashback/cashback-feedback,help,True,https://monzo.com/gb-sitemap.xml,2026-08-16T18:47:09.246728+00:00
https://monzo.com/help/cashback/cashback-offers,monzo.com,/help/cashback/cashback-offers,help,True,https://monzo.com/gb-sitemap.xml,2026-08-16T18:47:09.246728+00:00
https://monzo.com/help/cashback/cashback-opt-out,monzo.com,/help/cashback/cashback-opt-out,help,True,https://monzo.com/gb-sitemap.xml,2026-08-16T18:47:09.246728+00:00
https://monzo.com/help/cashback/cashback-refunds-disputes,monzo.com,/help/cashback/cashback-refunds-disputes,help,True,https://monzo.com/gb-sitemap.xml,2026-08-16T18:47:09.246728+00:00
https://monzo.com/help/cashback/cashback-terms-conditions,monzo.com,/help/cashback/cashback-terms-conditions,help,True,https://monzo.com/gb-sitemap.xml,2026-08-16T18:47:09.246728+00:00
https://monzo.com/help/cashback/marketing-permissions,monzo.com,/help/cashback/marketing-permissions,help,True,https://monzo.com/gb-sitemap.xml,2026-08-16T18:47:09.246728+00:00
https://monzo.com/help/cashback/what-is-cashback,monzo.com,/help/cashback/what-is-cashback,help,True,https://monzo.com/gb-sitemap.xml,2026-08-16T18:47:09.246728+00:00
https://monzo.com/help/closed-accounts,monzo.com,/help/closed-accounts,help,True,https://monzo.com/gb-sitemap.xml,2026-08-16T18:47:09.246728+00:00
https://monzo.com/help/emergencies,monzo.com,/help/emergencies,help,True,https://monzo.com/gb-sitemap.xml,2026-08-16T18:47:09.246728+00:00
https://monzo.com/help/emergencies/account-blocked,monzo.com,/help/emergencies/account-blocked,help,True,https://monzo.com/gb-sitemap.xml,2026-08-16T18:47:09.246728+00:00
https://monzo.com/help/emergencies/dont-know-forgot-pin,monzo.com,/help/emergencies/dont-know-forgot-pin,help,True,https://monzo.com/gb-sitemap.xml,2026-08-16T18:47:09.246728+00:00
https://monzo.com/help/emergencies/found-monzo-card-web,monzo.com,/help/emergencies/found-monzo-card-web,help,True,https://monzo.com/gb-sitemap.xml,2026-08-16T18:47:09.246728+00:00
https://monzo.com/help/emergencies/lost-phone,monzo.com,/help/emergencies/lost-phone,help,True,https://monzo.com/gb-sitemap.xml,2026-08-16T18:47:09.246728+00:00
https://monzo.com/help/emergencies/monzo-card-blocked,monzo.com,/help/emergencies/monzo-card-blocked,help,True,https://monzo.com/gb-sitemap.xml,2026-08-16T18:47:09.246728+00:00
https://monzo.com/help/emergencies/monzo-card-lost-damaged-stolen,monzo.com,/help/emergencies/monzo-card-lost-damaged-stolen,help,True,https://monzo.com/gb-sitemap.xml,2026-08-16T18:47:09.246728+00:00
https://monzo.com/help/emergencies/report-fraud,monzo.com,/help/emergencies/report-fraud,help,True,https://monzo.com/gb-sitemap.xml,2026-08-16T18:47:09.246728+00:00
https://monzo.com/help/emergencies/take-out-cash-atm-locator,monzo.com,/help/emergencies/take-out-cash-atm-locator,help,True,https://monzo.com/gb-sitemap.xml,2026-08-16T18:47:09.246728+00:00
https://monzo.com/help/investments,monzo.com,/help/investments,help,True,https://monzo.com/gb-sitemap.xml,2026-08-16T18:47:09.246728+00:00
https://monzo.com/help/investments/choosing-investment-type,monzo.com,/help/investments/choosing-investment-type,help,True,https://monzo.com/gb-sitemap.xml,2026-08-16T18:47:09.246728+00:00
https://monzo.com/help/investments/investing-in-multiple-funds,monzo.com,/help/investments/investing-in-multiple-funds,help,True,https://monzo.com/gb-sitemap.xml,2026-08-16T18:47:09.246728+00:00
https://monzo.com/help/investments/investment-app-update,monzo.com,/help/investments/investment-app-update,help,True,https://monzo.com/gb-sitemap.xml,2026-08-16T18:47:09.246728+00:00
https://monzo.com/help/investments/investment-change-fund,monzo.com,/help/investments/investment-change-fund,help,True,https://monzo.com/gb-sitemap.xml,2026-08-16T18:47:09.246728+00:00
https://monzo.com/help/investments/investments-contract-note,monzo.com,/help/investments/investments-contract-note,help,True,https://monzo.com/gb-sitemap.xml,2026-08-16T18:47:09.246728+00:00
https://monzo.com/help/investments/investments-FSCS,monzo.com,/help/investments/investments-FSCS,help,True,https://monzo.com/gb-sitemap.xml,2026-08-16T18:47:09.246728+00:00
https://monzo.com/help/investments/investments-gia-and-isa,monzo.com,/help/investments/investments-gia-and-isa,help,True,https://monzo.com/gb-sitemap.xml,2026-08-16T18:47:09.246728+00:00
https://monzo.com/help/investments/investments-minimum,monzo.com,/help/investments/investments-minimum,help,True,https://monzo.com/gb-sitemap.xml,2026-08-16T18:47:09.246728+00:00
https://monzo.com/help/investments/investments-on-joint-account,monzo.com,/help/investments/investments-on-joint-account,help,True,https://monzo.com/gb-sitemap.xml,2026-08-16T18:47:09.246728+00:00
https://monzo.com/help/investments/investments-or-savings,monzo.com,/help/investments/investments-or-savings,help,True,https://monzo.com/gb-sitemap.xml,2026-08-16T18:47:09.246728+00:00
https://monzo.com/help/investments/investment-sustainability,monzo.com,/help/investments/investment-sustainability,help,True,https://monzo.com/gb-sitemap.xml,2026-08-16T18:47:09.246728+00:00
https://monzo.com/help/investments/open-close-investments,monzo.com,/help/investments/open-close-investments,help,True,https://monzo.com/gb-sitemap.xml,2026-08-16T18:47:09.246728+00:00
https://monzo.com/help/investments/partnerships-with-blackrock-and-seccl,monzo.com,/help/investments/partnerships-with-blackrock-and-seccl,help,True,https://monzo.com/gb-sitemap.xml,2026-08-16T18:47:09.246728+00:00
https://monzo.com/help/investments/pot-type-explanation,monzo.com,/help/investments/pot-type-explanation,help,True,https://monzo.com/gb-sitemap.xml,2026-08-16T18:47:09.246728+00:00
https://monzo.com/help/investments/transfer-gia,monzo.com,/help/investments/transfer-gia,help,True,https://monzo.com/gb-sitemap.xml,2026-08-16T18:47:09.246728+00:00
https://monzo.com/help/investments/what-is-gia,monzo.com,/help/investments/what-is-gia,help,True,https://monzo.com/gb-sitemap.xml,2026-08-16T18:47:09.246728+00:00
https://monzo.com/help/investments/What-is-stocks-and-shares-isa,monzo.com,/help/investments/What-is-stocks-and-shares-isa,help,True,https://monzo.com/gb-sitemap.xml,2026-08-16T18:47:09.246728+00:00
https://monzo.com/help/investments/where-to-get-investing-advice,monzo.com,/help/investments/where-to-get-investing-advice,help,True,https://monzo.com/gb-sitemap.xml,2026-08-16T18:47:09.246728+00:00
https://monzo.com/help/isas,monzo.com,/help/isas,help,True,https://monzo.com/gb-sitemap.xml,2026-08-16T18:47:09.246728+00:00
https://monzo.com/help/isas/cancelling-ISA-transfer,monzo.com,/help/isas/cancelling-ISA-transfer,help,True,https://monzo.com/gb-sitemap.xml,2026-08-16T18:47:09.246728+00:00
https://monzo.com/help/isas/getting-isa-on-joint-account,monzo.com,/help/isas/getting-isa-on-joint-account,help,True,https://monzo.com/gb-sitemap.xml,2026-08-16T18:47:09.246728+00:00
https://monzo.com/help/isas/how-do-i-transfer-my-isa,monzo.com,/help/isas/how-do-i-transfer-my-isa,help,True,https://monzo.com/gb-sitemap.xml,2026-08-16T18:47:09.246728+00:00
https://monzo.com/help/isas/interest-on-monzo-isas,monzo.com,/help/isas/interest-on-monzo-isas,help,True,https://monzo.com/gb-sitemap.xml,2026-08-16T18:47:09.246728+00:00
https://monzo.com/help/isas/isas-and-moving-abroad,monzo.com,/help/isas/isas-and-moving-abroad,help,True,https://monzo.com/gb-sitemap.xml,2026-08-16T18:47:09.246728+00:00
https://monzo.com/help/isas/paying-tax-on-an-isa,monzo.com,/help/isas/paying-tax-on-an-isa,help,True,https://monzo.com/gb-sitemap.xml,2026-08-16T18:47:09.246728+00:00
https://monzo.com/help/isas/transferring-an-ISA-to-Monzo,monzo.com,/help/isas/transferring-an-ISA-to-Monzo,help,True,https://monzo.com/gb-sitemap.xml,2026-08-16T18:47:09.246728+00:00
https://monzo.com/help/isas/types-of-ISA-at-monzo,monzo.com,/help/isas/types-of-ISA-at-monzo,help,True,https://monzo.com/gb-sitemap.xml,2026-08-16T18:47:09.246728+00:00
https://monzo.com/help/joint-accounts,monzo.com,/help/joint-accounts,help,True,https://monzo.com/gb-sitemap.xml,2026-08-16T18:47:09.246728+00:00
https://monzo.com/help/joint-accounts/close-joint-account-how-to,monzo.com,/help/joint-accounts/close-joint-account-how-to,help,True,https://monzo.com/gb-sitemap.xml,2026-08-16T18:47:09.246728+00:00
https://monzo.com/help/joint-accounts/create-pot-app,monzo.com,/help/joint-accounts/create-pot-app,help,True,https://monzo.com/gb-sitemap.xml,2026-08-16T18:47:09.246728+00:00
https://monzo.com/help/joint-accounts/credit-score-joint-account,monzo.com,/help/joint-accounts/credit-score-joint-account,help,True,https://monzo.com/gb-sitemap.xml,2026-08-16T18:47:09.246728+00:00
https://monzo.com/help/joint-accounts/current-account-joint-account,monzo.com,/help/joint-accounts/current-account-joint-account,help,True,https://monzo.com/gb-sitemap.xml,2026-08-16T18:47:09.246728+00:00
https://monzo.com/help/joint-accounts/joint-account-switch,monzo.com,/help/joint-accounts/joint-account-switch,help,True,https://monzo.com/gb-sitemap.xml,2026-08-16T18:47:09.246728+00:00
https://monzo.com/help/joint-accounts/set-up-joint-account,monzo.com,/help/joint-accounts/set-up-joint-account,help,True,https://monzo.com/gb-sitemap.xml,2026-08-16T18:47:09.246728+00:00
https://monzo.com/help/joint-accounts/types-account-switch,monzo.com,/help/joint-accounts/types-account-switch,help,True,https://monzo.com/gb-sitemap.xml,2026-08-16T18:47:09.246728+00:00
https://monzo.com/help/joint-accounts/what-joint-account,monzo.com,/help/joint-accounts/what-joint-account,help,True,https://monzo.com/gb-sitemap.xml,2026-08-16T18:47:09.246728+00:00
https://monzo.com/help/legal-stuff,monzo.com,/help/legal-stuff,help,True,https://monzo.com/gb-sitemap.xml,2026-08-16T18:47:09.246728+00:00
https://monzo.com/help/legal-stuff/branches,monzo.com,/help/legal-stuff/branches,help,True,https://monzo.com/gb-sitemap.xml,2026-08-16T18:47:09.246728+00:00
https://monzo.com/help/legal-stuff/closed-account-bank-statement,monzo.com,/help/legal-stuff/closed-account-bank-statement,help,True,https://monzo.com/gb-sitemap.xml,2026-08-16T18:47:09.246728+00:00
https://monzo.com/help/legal-stuff/data-subject-access-request-web,monzo.com,/help/legal-stuff/data-subject-access-request-web,help,True,https://monzo.com/gb-sitemap.xml,2026-08-16T18:47:09.246728+00:00
https://monzo.com/help/legal-stuff/deposit-protection-fscs,monzo.com,/help/legal-stuff/deposit-protection-fscs,help,True,https://monzo.com/gb-sitemap.xml,2026-08-16T18:47:09.246728+00:00
https://monzo.com/help/legal-stuff/information-sharing,monzo.com,/help/legal-stuff/information-sharing,help,True,https://monzo.com/gb-sitemap.xml,2026-08-16T18:47:09.246728+00:00
https://monzo.com/help/legal-stuff/make-complaint-web,monzo.com,/help/legal-stuff/make-complaint-web,help,True,https://monzo.com/gb-sitemap.xml,2026-08-16T18:47:09.246728+00:00
https://monzo.com/help/legal-stuff/monzo-us-subsidiary-gdpr-app,monzo.com,/help/legal-stuff/monzo-us-subsidiary-gdpr-app,help,True,https://monzo.com/gb-sitemap.xml,2026-08-16T18:47:09.246728+00:00
https://monzo.com/help/legal-stuff/privacy-policy,monzo.com,/help/legal-stuff/privacy-policy,help,True,https://monzo.com/gb-sitemap.xml,2026-08-16T18:47:09.246728+00:00
https://monzo.com/help/legal-stuff/selfie-during-signup,monzo.com,/help/legal-stuff/selfie-during-signup,help,True,https://monzo.com/gb-sitemap.xml,2026-08-16T18:47:09.246728+00:00
https://monzo.com/help/legal-stuff/tax-residency-eu,monzo.com,/help/legal-stuff/tax-residency-eu,help,True,https://monzo.com/gb-sitemap.xml,2026-08-16T18:47:09.246728+00:00
https://monzo.com/help/legal-stuff/tax-residency-not-uk,monzo.com,/help/legal-stuff/tax-residency-not-uk,help,True,https://monzo.com/gb-sitemap.xml,2026-08-16T18:47:09.246728+00:00
https://monzo.com/help/legal-stuff/tax-residency-us,monzo.com,/help/legal-stuff/tax-residency-us,help,True,https://monzo.com/gb-sitemap.xml,2026-08-16T18:47:09.246728+00:00
https://monzo.com/help/legal-stuff/terms-conditions,monzo.com,/help/legal-stuff/terms-conditions,help,True,https://monzo.com/gb-sitemap.xml,2026-08-16T18:47:09.246728+00:00
https://monzo.com/help/legal-stuff/update-tax-residency,monzo.com,/help/legal-stuff/update-tax-residency,help,True,https://monzo.com/gb-sitemap.xml,2026-08-16T18:47:09.246728+00:00
https://monzo.com/help/legal-stuff/what-tax-status,monzo.com,/help/legal-stuff/what-tax-status,help,True,https://monzo.com/gb-sitemap.xml,2026-08-16T18:47:09.246728+00:00
https://monzo.com/help/legal-stuff/whistleblowing,monzo.com,/help/legal-stuff/whistleblowing,help,True,https://monzo.com/gb-sitemap.xml,2026-08-16T18:47:09.246728+00:00
https://monzo.com/help/legal-stuff/why-ask-for-tax-residency,monzo.com,/help/legal-stuff/why-ask-for-tax-residency,help,True,https://monzo.com/gb-sitemap.xml,2026-08-16T18:47:09.246728+00:00
https://monzo.com/help/legal-stuff/writing-to-legal-team,monzo.com,/help/legal-stuff/writing-to-legal-team,help,True,https://monzo.com/gb-sitemap.xml,2026-08-16T18:47:09.246728+00:00
https://monzo.com/help/monzo-card-pin,monzo.com,/help/monzo-card-pin,help,True,https://monzo.com/gb-sitemap.xml,2026-08-16T18:47:09.246728+00:00
https://monzo.com/help/monzo-card-pin/account-blocked,monzo.com,/help/monzo-card-pin/account-blocked,help,True,https://monzo.com/gb-sitemap.xml,2026-08-16T18:47:09.246728+00:00
https://monzo.com/help/monzo-card-pin/activating-your-card,monzo.com,/help/monzo-card-pin/activating-your-card,help,True,https://monzo.com/gb-sitemap.xml,2026-08-16T18:47:09.246728+00:00
https://monzo.com/help/monzo-card-pin/a-new-card-is-coming-but-I-didnt-order-it,monzo.com,/help/monzo-card-pin/a-new-card-is-coming-but-I-didnt-order-it,help,True,https://monzo.com/gb-sitemap.xml,2026-08-16T18:47:09.246728+00:00
https://monzo.com/help/monzo-card-pin/can-I-get-my-expired-card-replacement-delivered-abroad,monzo.com,/help/monzo-card-pin/can-I-get-my-expired-card-replacement-delivered-abroad,help,True,https://monzo.com/gb-sitemap.xml,2026-08-16T18:47:09.246728+00:00
https://monzo.com/help/monzo-card-pin/card-is-expiring-where-can-I-get-new-card-delivered,monzo.com,/help/monzo-card-pin/card-is-expiring-where-can-I-get-new-card-delivered,help,True,https://monzo.com/gb-sitemap.xml,2026-08-16T18:47:09.246728+00:00
https://monzo.com/help/monzo-card-pin/card-not-arrived,monzo.com,/help/monzo-card-pin/card-not-arrived,help,True,https://monzo.com/gb-sitemap.xml,2026-08-16T18:47:09.246728+00:00
https://monzo.com/help/monzo-card-pin/card-payment-declined-still-been-charged,monzo.com,/help/monzo-card-pin/card-payment-declined-still-been-charged,help,True,https://monzo.com/gb-sitemap.xml,2026-08-16T18:47:09.246728+00:00
https://monzo.com/help/monzo-card-pin/contactless-not-working,monzo.com,/help/monzo-card-pin/contactless-not-working,help,True,https://monzo.com/gb-sitemap.xml,2026-08-16T18:47:09.246728+00:00
https://monzo.com/help/monzo-card-pin/dont-know-forgot-pin,monzo.com,/help/monzo-card-pin/dont-know-forgot-pin,help,True,https://monzo.com/gb-sitemap.xml,2026-08-16T18:47:09.246728+00:00
https://monzo.com/help/monzo-card-pin/expecting-refund-but-getting-a-new-card,monzo.com,/help/monzo-card-pin/expecting-refund-but-getting-a-new-card,help,True,https://monzo.com/gb-sitemap.xml,2026-08-16T18:47:09.246728+00:00
https://monzo.com/help/monzo-card-pin/freezing-defrosting,monzo.com,/help/monzo-card-pin/freezing-defrosting,help,True,https://monzo.com/gb-sitemap.xml,2026-08-16T18:47:09.246728+00:00
https://monzo.com/help/monzo-card-pin/frozen-card-payment,monzo.com,/help/monzo-card-pin/frozen-card-payment,help,True,https://monzo.com/gb-sitemap.xml,2026-08-16T18:47:09.246728+00:00
https://monzo.com/help/monzo-card-pin/how-to-find-your-monzo-card-details,monzo.com,/help/monzo-card-pin/how-to-find-your-monzo-card-details,help,True,https://monzo.com/gb-sitemap.xml,2026-08-16T18:47:09.246728+00:00
https://monzo.com/help/monzo-card-pin/international-card-delivery,monzo.com,/help/monzo-card-pin/international-card-delivery,help,True,https://monzo.com/gb-sitemap.xml,2026-08-16T18:47:09.246728+00:00
https://monzo.com/help/monzo-card-pin/is-it-credit-card,monzo.com,/help/monzo-card-pin/is-it-credit-card,help,True,https://monzo.com/gb-sitemap.xml,2026-08-16T18:47:09.246728+00:00
https://monzo.com/help/monzo-card-pin/i-want-second-card,monzo.com,/help/monzo-card-pin/i-want-second-card,help,True,https://monzo.com/gb-sitemap.xml,2026-08-16T18:47:09.246728+00:00
https://monzo.com/help/monzo-card-pin/i-want-to-update-my-delivery-address,monzo.com,/help/monzo-card-pin/i-want-to-update-my-delivery-address,help,True,https://monzo.com/gb-sitemap.xml,2026-08-16T18:47:09.246728+00:00
https://monzo.com/help/monzo-card-pin/monzo-card-accepted-everywhere,monzo.com,/help/monzo-card-pin/monzo-card-accepted-everywhere,help,True,https://monzo.com/gb-sitemap.xml,2026-08-16T18:47:09.246728+00:00
https://monzo.com/help/monzo-card-pin/monzo-card-blocked,monzo.com,/help/monzo-card-pin/monzo-card-blocked,help,True,https://monzo.com/gb-sitemap.xml,2026-08-16T18:47:09.246728+00:00
https://monzo.com/help/monzo-card-pin/monzo-card-lost-damaged-stolen,monzo.com,/help/monzo-card-pin/monzo-card-lost-damaged-stolen,help,True,https://monzo.com/gb-sitemap.xml,2026-08-16T18:47:09.246728+00:00
https://monzo.com/help/monzo-card-pin/my-card-is-expiring-what-can-I-do-with-it,monzo.com,/help/monzo-card-pin/my-card-is-expiring-what-can-I-do-with-it,help,True,https://monzo.com/gb-sitemap.xml,2026-08-16T18:47:09.246728+00:00
https://monzo.com/help/monzo-card-pin/my-card-will-expire-soon,monzo.com,/help/monzo-card-pin/my-card-will-expire-soon,help,True,https://monzo.com/gb-sitemap.xml,2026-08-16T18:47:09.246728+00:00
https://monzo.com/help/monzo-card-pin/take-out-cash-atm-locator,monzo.com,/help/monzo-card-pin/take-out-cash-atm-locator,help,True,https://monzo.com/gb-sitemap.xml,2026-08-16T18:47:09.246728+00:00
https://monzo.com/help/monzo-card-pin/update-delivery-address,monzo.com,/help/monzo-card-pin/update-delivery-address,help,True,https://monzo.com/gb-sitemap.xml,2026-08-16T18:47:09.246728+00:00
https://monzo.com/help/monzo-card-pin/want-to-change-pin,monzo.com,/help/monzo-card-pin/want-to-change-pin,help,True,https://monzo.com/gb-sitemap.xml,2026-08-16T18:47:09.246728+00:00
https://monzo.com/help/monzo-card-pin/when-will-my-new-card-arrive-following-old-card-expiry,monzo.com,/help/monzo-card-pin/when-will-my-new-card-arrive-following-old-card-expiry,help,True,https://monzo.com/gb-sitemap.xml,2026-08-16T18:47:09.246728+00:00
https://monzo.com/help/monzo-card-pin/why-are-my-contactless-card-payments-being-declined,monzo.com,/help/monzo-card-pin/why-are-my-contactless-card-payments-being-declined,help,True,https://monzo.com/gb-sitemap.xml,2026-08-16T18:47:09.246728+00:00
https://monzo.com/help/monzo-card-pin/why-does-my-card-expire,monzo.com,/help/monzo-card-pin/why-does-my-card-expire,help,True,https://monzo.com/gb-sitemap.xml,2026-08-16T18:47:09.246728+00:00
https://monzo.com/help/monzo-extra,monzo.com,/help/monzo-extra,help,True,https://monzo.com/gb-sitemap.xml,2026-08-16T18:47:09.246728+00:00
https://monzo.com/help/monzo-extra/advanced-budgeting-auto-exports,monzo.com,/help/monzo-extra/advanced-budgeting-auto-exports,help,True,https://monzo.com/gb-sitemap.xml,2026-08-16T18:47:09.246728+00:00
https://monzo.com/help/monzo-extra/advanced-budgeting-custom-categories,monzo.com,/help/monzo-extra/advanced-budgeting-custom-categories,help,True,https://monzo.com/gb-sitemap.xml,2026-08-16T18:47:09.246728+00:00
https://monzo.com/help/monzo-extra/advanced-budgeting-roundups,monzo.com,/help/monzo-extra/advanced-budgeting-roundups,help,True,https://monzo.com/gb-sitemap.xml,2026-08-16T18:47:09.246728+00:00
https://monzo.com/help/monzo-extra/afford-plus-premium,monzo.com,/help/monzo-extra/afford-plus-premium,help,True,https://monzo.com/gb-sitemap.xml,2026-08-16T18:47:09.246728+00:00
https://monzo.com/help/monzo-extra/extra-cancellation-fee,monzo.com,/help/monzo-extra/extra-cancellation-fee,help,True,https://monzo.com/gb-sitemap.xml,2026-08-16T18:47:09.246728+00:00
https://monzo.com/help/monzo-extra/keep-metal-card,monzo.com,/help/monzo-extra/keep-metal-card,help,True,https://monzo.com/gb-sitemap.xml,2026-08-16T18:47:09.246728+00:00
https://monzo.com/help/monzo-extra/monzo-extra-what,monzo.com,/help/monzo-extra/monzo-extra-what,help,True,https://monzo.com/gb-sitemap.xml,2026-08-16T18:47:09.246728+00:00
https://monzo.com/help/monzo-extra/monzo-plan-ineligible,monzo.com,/help/monzo-extra/monzo-plan-ineligible,help,True,https://monzo.com/gb-sitemap.xml,2026-08-16T18:47:09.246728+00:00
https://monzo.com/help/monzo-extra/plan-pay-from-pot,monzo.com,/help/monzo-extra/plan-pay-from-pot,help,True,https://monzo.com/gb-sitemap.xml,2026-08-16T18:47:09.246728+00:00
https://monzo.com/help/monzo-extra/plan-signup,monzo.com,/help/monzo-extra/plan-signup,help,True,https://monzo.com/gb-sitemap.xml,2026-08-16T18:47:09.246728+00:00
https://monzo.com/help/monzo-extra/plus-connected-accounts,monzo.com,/help/monzo-extra/plus-connected-accounts,help,True,https://monzo.com/gb-sitemap.xml,2026-08-16T18:47:09.246728+00:00
https://monzo.com/help/monzo-extra/subs-credit-tracker-problem,monzo.com,/help/monzo-extra/subs-credit-tracker-problem,help,True,https://monzo.com/gb-sitemap.xml,2026-08-16T18:47:09.246728+00:00
https://monzo.com/help/monzo-extra/upgrade-downgrade-plans,monzo.com,/help/monzo-extra/upgrade-downgrade-plans,help,True,https://monzo.com/gb-sitemap.xml,2026-08-16T18:47:09.246728+00:00
https://monzo.com/help/monzo-extra/virtual-card-on-pot-dispute,monzo.com,/help/monzo-extra/virtual-card-on-pot-dispute,help,True,https://monzo.com/gb-sitemap.xml,2026-08-16T18:47:09.246728+00:00
https://monzo.com/help/monzo-extra/virtual-card-on-pot-how,monzo.com,/help/monzo-extra/virtual-card-on-pot-how,help,True,https://monzo.com/gb-sitemap.xml,2026-08-16T18:47:09.246728+00:00
https://monzo.com/help/monzo-extra/virtual-cards-how,monzo.com,/help/monzo-extra/virtual-cards-how,help,True,https://monzo.com/gb-sitemap.xml,2026-08-16T18:47:09.246728+00:00
https://monzo.com/help/monzo-extra/virtual-cards-limits,monzo.com,/help/monzo-extra/virtual-cards-limits,help,True,https://monzo.com/gb-sitemap.xml,2026-08-16T18:47:09.246728+00:00
https://monzo.com/help/monzo-extra/virtual-cards-what,monzo.com,/help/monzo-extra/virtual-cards-what,help,True,https://monzo.com/gb-sitemap.xml,2026-08-16T18:47:09.246728+00:00
https://monzo.com/help/monzo-extra/web-bill-pots,monzo.com,/help/monzo-extra/web-bill-pots,help,True,https://monzo.com/gb-sitemap.xml,2026-08-16T18:47:09.246728+00:00
https://monzo.com/help/monzo-extra/what-credit-insights,monzo.com,/help/monzo-extra/what-credit-insights,help,True,https://monzo.com/gb-sitemap.xml,2026-08-16T18:47:09.246728+00:00
https://monzo.com/help/monzo-flex,monzo.com,/help/monzo-flex,help,True,https://monzo.com/gb-sitemap.xml,2026-08-16T18:47:09.246728+00:00
https://monzo.com/help/monzo-flex/Adding-Flex-card-to-Apple-Pay-Google-Pay,monzo.com,/help/monzo-flex/Adding-Flex-card-to-Apple-Pay-Google-Pay,help,True,https://monzo.com/gb-sitemap.xml,2026-08-16T18:47:09.246728+00:00
https://monzo.com/help/monzo-flex/Change-your-Flex-credit-limit,monzo.com,/help/monzo-flex/Change-your-Flex-credit-limit,help,True,https://monzo.com/gb-sitemap.xml,2026-08-16T18:47:09.246728+00:00
https://monzo.com/help/monzo-flex/change-your-flex-payment-date,monzo.com,/help/monzo-flex/change-your-flex-payment-date,help,True,https://monzo.com/gb-sitemap.xml,2026-08-16T18:47:09.246728+00:00
https://monzo.com/help/monzo-flex/Choosing-an-instalment-plan,monzo.com,/help/monzo-flex/Choosing-an-instalment-plan,help,True,https://monzo.com/gb-sitemap.xml,2026-08-16T18:47:09.246728+00:00
https://monzo.com/help/monzo-flex/editing-monzo-flex-monthly-payments,monzo.com,/help/monzo-flex/editing-monzo-flex-monthly-payments,help,True,https://monzo.com/gb-sitemap.xml,2026-08-16T18:47:09.246728+00:00
https://monzo.com/help/monzo-flex/eligible-transactions-for-monzo-flex,monzo.com,/help/monzo-flex/eligible-transactions-for-monzo-flex,help,True,https://monzo.com/gb-sitemap.xml,2026-08-16T18:47:09.246728+00:00
https://monzo.com/help/monzo-flex/How-do-refunds-work-in-Flex,monzo.com,/help/monzo-flex/How-do-refunds-work-in-Flex,help,True,https://monzo.com/gb-sitemap.xml,2026-08-16T18:47:09.246728+00:00
https://monzo.com/help/monzo-flex/interest-rates-for-monzo-flex-1,monzo.com,/help/monzo-flex/interest-rates-for-monzo-flex-1,help,True,https://monzo.com/gb-sitemap.xml,2026-08-16T18:47:09.246728+00:00
https://monzo.com/help/monzo-flex/Managing-your-money,monzo.com,/help/monzo-flex/Managing-your-money,help,True,https://monzo.com/gb-sitemap.xml,2026-08-16T18:47:09.246728+00:00
https://monzo.com/help/monzo-flex/missing-a-monzo-flex-payment,monzo.com,/help/monzo-flex/missing-a-monzo-flex-payment,help,True,https://monzo.com/gb-sitemap.xml,2026-08-16T18:47:09.246728+00:00
https://monzo.com/help/monzo-flex/monzo-flex-and-section-75,monzo.com,/help/monzo-flex/monzo-flex-and-section-75,help,True,https://monzo.com/gb-sitemap.xml,2026-08-16T18:47:09.246728+00:00
https://monzo.com/help/monzo-flex/monzo-flex-and-section-75-claims,monzo.com,/help/monzo-flex/monzo-flex-and-section-75-claims,help,True,https://monzo.com/gb-sitemap.xml,2026-08-16T18:47:09.246728+00:00
https://monzo.com/help/monzo-flex/monzo-flex-explained-2,monzo.com,/help/monzo-flex/monzo-flex-explained-2,help,True,https://monzo.com/gb-sitemap.xml,2026-08-16T18:47:09.246728+00:00
https://monzo.com/help/monzo-flex/notice-of-sums-in-arrears,monzo.com,/help/monzo-flex/notice-of-sums-in-arrears,help,True,https://monzo.com/gb-sitemap.xml,2026-08-16T18:47:09.246728+00:00
https://monzo.com/help/monzo-flex/paying-extra-towards-a-monzo-flex-flex-purchase,monzo.com,/help/monzo-flex/paying-extra-towards-a-monzo-flex-flex-purchase,help,True,https://monzo.com/gb-sitemap.xml,2026-08-16T18:47:09.246728+00:00
https://monzo.com/help/monzo-flex/paying-online-using-your-Flex-card,monzo.com,/help/monzo-flex/paying-online-using-your-Flex-card,help,True,https://monzo.com/gb-sitemap.xml,2026-08-16T18:47:09.246728+00:00
https://monzo.com/help/monzo-flex/setting-a-default-for-flex-card-purchases,monzo.com,/help/monzo-flex/setting-a-default-for-flex-card-purchases,help,True,https://monzo.com/gb-sitemap.xml,2026-08-16T18:47:09.246728+00:00
https://monzo.com/help/monzo-flex/Two-ways-to-flex,monzo.com,/help/monzo-flex/Two-ways-to-flex,help,True,https://monzo.com/gb-sitemap.xml,2026-08-16T18:47:09.246728+00:00
https://monzo.com/help/monzo-flex/Understanding-your-Flex-deposit,monzo.com,/help/monzo-flex/Understanding-your-Flex-deposit,help,True,https://monzo.com/gb-sitemap.xml,2026-08-16T18:47:09.246728+00:00
https://monzo.com/help/monzo-flex/Unlocking-your-Flex-benefits,monzo.com,/help/monzo-flex/Unlocking-your-Flex-benefits,help,True,https://monzo.com/gb-sitemap.xml,2026-08-16T18:47:09.246728+00:00
https://monzo.com/help/monzo-flex/using-flex-on-apple-pay,monzo.com,/help/monzo-flex/using-flex-on-apple-pay,help,True,https://monzo.com/gb-sitemap.xml,2026-08-16T18:47:09.246728+00:00
https://monzo.com/help/monzo-flex/Using-your-deposit,monzo.com,/help/monzo-flex/Using-your-deposit,help,True,https://monzo.com/gb-sitemap.xml,2026-08-16T18:47:09.246728+00:00
https://monzo.com/help/monzo-flex/what-does-a-default-mean-for-my-flex,monzo.com,/help/monzo-flex/what-does-a-default-mean-for-my-flex,help,True,https://monzo.com/gb-sitemap.xml,2026-08-16T18:47:09.246728+00:00
https://monzo.com/help/monzo-flex/What-happens-to-your-deposit,monzo.com,/help/monzo-flex/What-happens-to-your-deposit,help,True,https://monzo.com/gb-sitemap.xml,2026-08-16T18:47:09.246728+00:00
https://monzo.com/help/monzo-flex/where-you-can-use-the-Flex-card,monzo.com,/help/monzo-flex/where-you-can-use-the-Flex-card,help,True,https://monzo.com/gb-sitemap.xml,2026-08-16T18:47:09.246728+00:00
https://monzo.com/help/monzo-for-under-16s,monzo.com,/help/monzo-for-under-16s,help,True,https://monzo.com/gb-sitemap.xml,2026-08-16T18:47:09.246728+00:00
https://monzo.com/help/monzo-for-under-16s/going-abroad-under-16s,monzo.com,/help/monzo-for-under-16s/going-abroad-under-16s,help,True,https://monzo.com/gb-sitemap.xml,2026-08-16T18:47:09.246728+00:00
https://monzo.com/help/monzo-for-under-16s/u16-to-16-17s,monzo.com,/help/monzo-for-under-16s/u16-to-16-17s,help,True,https://monzo.com/gb-sitemap.xml,2026-08-16T18:47:09.246728+00:00
https://monzo.com/help/monzo-for-under-16s/under-16s-16-17s,monzo.com,/help/monzo-for-under-16s/under-16s-16-17s,help,True,https://monzo.com/gb-sitemap.xml,2026-08-16T18:47:09.246728+00:00
https://monzo.com/help/monzo-for-under-16s/under-16s-account-eligibility,monzo.com,/help/monzo-for-under-16s/under-16s-account-eligibility,help,True,https://monzo.com/gb-sitemap.xml,2026-08-16T18:47:09.246728+00:00
https://monzo.com/help/monzo-for-under-16s/under-16s-add-family-member,monzo.com,/help/monzo-for-under-16s/under-16s-add-family-member,help,True,https://monzo.com/gb-sitemap.xml,2026-08-16T18:47:09.246728+00:00
https://monzo.com/help/monzo-for-under-16s/under-16s-apple-google-pay,monzo.com,/help/monzo-for-under-16s/under-16s-apple-google-pay,help,True,https://monzo.com/gb-sitemap.xml,2026-08-16T18:47:09.246728+00:00
https://monzo.com/help/monzo-for-under-16s/under-16s-cass,monzo.com,/help/monzo-for-under-16s/under-16s-cass,help,True,https://monzo.com/gb-sitemap.xml,2026-08-16T18:47:09.246728+00:00
https://monzo.com/help/monzo-for-under-16s/under-16s-cheques,monzo.com,/help/monzo-for-under-16s/under-16s-cheques,help,True,https://monzo.com/gb-sitemap.xml,2026-08-16T18:47:09.246728+00:00
https://monzo.com/help/monzo-for-under-16s/under-16s-child-app-web,monzo.com,/help/monzo-for-under-16s/under-16s-child-app-web,help,True,https://monzo.com/gb-sitemap.xml,2026-08-16T18:47:09.246728+00:00
https://monzo.com/help/monzo-for-under-16s/under-16s-child-requirements,monzo.com,/help/monzo-for-under-16s/under-16s-child-requirements,help,True,https://monzo.com/gb-sitemap.xml,2026-08-16T18:47:09.246728+00:00
https://monzo.com/help/monzo-for-under-16s/under-16s-family-member-access,monzo.com,/help/monzo-for-under-16s/under-16s-family-member-access,help,True,https://monzo.com/gb-sitemap.xml,2026-08-16T18:47:09.246728+00:00
https://monzo.com/help/monzo-for-under-16s/under-16s-family-member-join,monzo.com,/help/monzo-for-under-16s/under-16s-family-member-join,help,True,https://monzo.com/gb-sitemap.xml,2026-08-16T18:47:09.246728+00:00
https://monzo.com/help/monzo-for-under-16s/under-16s-freeze-replace-card,monzo.com,/help/monzo-for-under-16s/under-16s-freeze-replace-card,help,True,https://monzo.com/gb-sitemap.xml,2026-08-16T18:47:09.246728+00:00
https://monzo.com/help/monzo-for-under-16s/under-16s-fscs,monzo.com,/help/monzo-for-under-16s/under-16s-fscs,help,True,https://monzo.com/gb-sitemap.xml,2026-08-16T18:47:09.246728+00:00
https://monzo.com/help/monzo-for-under-16s/under-16s-limits-restrictions-web,monzo.com,/help/monzo-for-under-16s/under-16s-limits-restrictions-web,help,True,https://monzo.com/gb-sitemap.xml,2026-08-16T18:47:09.246728+00:00
https://monzo.com/help/monzo-for-under-16s/under-16s-login-help,monzo.com,/help/monzo-for-under-16s/under-16s-login-help,help,True,https://monzo.com/gb-sitemap.xml,2026-08-16T18:47:09.246728+00:00
https://monzo.com/help/monzo-for-under-16s/under-16s-open-account,monzo.com,/help/monzo-for-under-16s/under-16s-open-account,help,True,https://monzo.com/gb-sitemap.xml,2026-08-16T18:47:09.246728+00:00
https://monzo.com/help/monzo-for-under-16s/under-16s-overdrafts,monzo.com,/help/monzo-for-under-16s/under-16s-overdrafts,help,True,https://monzo.com/gb-sitemap.xml,2026-08-16T18:47:09.246728+00:00
https://monzo.com/help/monzo-for-under-16s/under-16s-payment-link,monzo.com,/help/monzo-for-under-16s/under-16s-payment-link,help,True,https://monzo.com/gb-sitemap.xml,2026-08-16T18:47:09.246728+00:00
https://monzo.com/help/monzo-for-under-16s/under-16s-pay-using-payment-link,monzo.com,/help/monzo-for-under-16s/under-16s-pay-using-payment-link,help,True,https://monzo.com/gb-sitemap.xml,2026-08-16T18:47:09.246728+00:00
https://monzo.com/help/monzo-for-under-16s/under-16s-pin-reminder,monzo.com,/help/monzo-for-under-16s/under-16s-pin-reminder,help,True,https://monzo.com/gb-sitemap.xml,2026-08-16T18:47:09.246728+00:00
https://monzo.com/help/monzo-for-under-16s/under-16s-pots,monzo.com,/help/monzo-for-under-16s/under-16s-pots,help,True,https://monzo.com/gb-sitemap.xml,2026-08-16T18:47:09.246728+00:00
https://monzo.com/help/monzo-for-under-16s/under-16s-safety-features-web,monzo.com,/help/monzo-for-under-16s/under-16s-safety-features-web,help,True,https://monzo.com/gb-sitemap.xml,2026-08-16T18:47:09.246728+00:00
https://monzo.com/help/monzo-for-under-16s/under-16s-sending-money-web,monzo.com,/help/monzo-for-under-16s/under-16s-sending-money-web,help,True,https://monzo.com/gb-sitemap.xml,2026-08-16T18:47:09.246728+00:00
https://monzo.com/help/monzo-for-under-16s/under-16s-understanding-account-web,monzo.com,/help/monzo-for-under-16s/under-16s-understanding-account-web,help,True,https://monzo.com/gb-sitemap.xml,2026-08-16T18:47:09.246728+00:00
https://monzo.com/help/monzo-for-under-16s/under-16s-view-account,monzo.com,/help/monzo-for-under-16s/under-16s-view-account,help,True,https://monzo.com/gb-sitemap.xml,2026-08-16T18:47:09.246728+00:00
https://monzo.com/help/monzo-fraud-category,monzo.com,/help/monzo-fraud-category,help,True,https://monzo.com/gb-sitemap.xml,2026-08-16T18:47:09.246728+00:00
https://monzo.com/help/monzo-fraud-category/advance-fee-fraud-web,monzo.com,/help/monzo-fraud-category/advance-fee-fraud-web,help,True,https://monzo.com/gb-sitemap.xml,2026-08-16T18:47:09.246728+00:00
https://monzo.com/help/monzo-fraud-category/authorised-card-scams,monzo.com,/help/monzo-fraud-category/authorised-card-scams,help,True,https://monzo.com/gb-sitemap.xml,2026-08-16T18:47:09.246728+00:00
https://monzo.com/help/monzo-fraud-category/booking-a-holiday-online,monzo.com,/help/monzo-fraud-category/booking-a-holiday-online,help,True,https://monzo.com/gb-sitemap.xml,2026-08-16T18:47:09.246728+00:00
https://monzo.com/help/monzo-fraud-category/cryptocurrency-allowance,monzo.com,/help/monzo-fraud-category/cryptocurrency-allowance,help,True,https://monzo.com/gb-sitemap.xml,2026-08-16T18:47:09.246728+00:00
https://monzo.com/help/monzo-fraud-category/email-from-monzo,monzo.com,/help/monzo-fraud-category/email-from-monzo,help,True,https://monzo.com/gb-sitemap.xml,2026-08-16T18:47:09.246728+00:00
https://monzo.com/help/monzo-fraud-category/fraud-warnings,monzo.com,/help/monzo-fraud-category/fraud-warnings,help,True,https://monzo.com/gb-sitemap.xml,2026-08-16T18:47:09.246728+00:00
https://monzo.com/help/monzo-fraud-category/Getting-your-money-back-authorised-push-payment-fraud,monzo.com,/help/monzo-fraud-category/Getting-your-money-back-authorised-push-payment-fraud,help,True,https://monzo.com/gb-sitemap.xml,2026-08-16T18:47:09.246728+00:00
https://monzo.com/help/monzo-fraud-category/hmrc-scam,monzo.com,/help/monzo-fraud-category/hmrc-scam,help,True,https://monzo.com/gb-sitemap.xml,2026-08-16T18:47:09.246728+00:00
https://monzo.com/help/monzo-fraud-category/keep-your-account-safe,monzo.com,/help/monzo-fraud-category/keep-your-account-safe,help,True,https://monzo.com/gb-sitemap.xml,2026-08-16T18:47:09.246728+00:00
https://monzo.com/help/monzo-fraud-category/money-mules,monzo.com,/help/monzo-fraud-category/money-mules,help,True,https://monzo.com/gb-sitemap.xml,2026-08-16T18:47:09.246728+00:00
https://monzo.com/help/monzo-fraud-category/monzo-call-status-web,monzo.com,/help/monzo-fraud-category/monzo-call-status-web,help,True,https://monzo.com/gb-sitemap.xml,2026-08-16T18:47:09.246728+00:00
https://monzo.com/help/monzo-fraud-category/police-scam,monzo.com,/help/monzo-fraud-category/police-scam,help,True,https://monzo.com/gb-sitemap.xml,2026-08-16T18:47:09.246728+00:00
https://monzo.com/help/monzo-fraud-category/product-service-scam,monzo.com,/help/monzo-fraud-category/product-service-scam,help,True,https://monzo.com/gb-sitemap.xml,2026-08-16T18:47:09.246728+00:00
https://monzo.com/help/monzo-fraud-category/report-attempted-scam,monzo.com,/help/monzo-fraud-category/report-attempted-scam,help,True,https://monzo.com/gb-sitemap.xml,2026-08-16T18:47:09.246728+00:00
https://monzo.com/help/monzo-fraud-category/report-scam,monzo.com,/help/monzo-fraud-category/report-scam,help,True,https://monzo.com/gb-sitemap.xml,2026-08-16T18:47:09.246728+00:00
https://monzo.com/help/monzo-fraud-category/safe-account-scam,monzo.com,/help/monzo-fraud-category/safe-account-scam,help,True,https://monzo.com/gb-sitemap.xml,2026-08-16T18:47:09.246728+00:00
https://monzo.com/help/monzo-fraud-category/scam-goods-sold-online-web,monzo.com,/help/monzo-fraud-category/scam-goods-sold-online-web,help,True,https://monzo.com/gb-sitemap.xml,2026-08-16T18:47:09.246728+00:00
https://monzo.com/help/monzo-fraud-category/stay-safe-online,monzo.com,/help/monzo-fraud-category/stay-safe-online,help,True,https://monzo.com/gb-sitemap.xml,2026-08-16T18:47:09.246728+00:00
https://monzo.com/help/monzo-fraud-category/stay-safe-using-public-wifi,monzo.com,/help/monzo-fraud-category/stay-safe-using-public-wifi,help,True,https://monzo.com/gb-sitemap.xml,2026-08-16T18:47:09.246728+00:00
https://monzo.com/help/monzo-fraud-category/two-factor-authentication,monzo.com,/help/monzo-fraud-category/two-factor-authentication,help,True,https://monzo.com/gb-sitemap.xml,2026-08-16T18:47:09.246728+00:00
https://monzo.com/help/monzo-fraud-category/understanding-impersonation-scams,monzo.com,/help/monzo-fraud-category/understanding-impersonation-scams,help,True,https://monzo.com/gb-sitemap.xml,2026-08-16T18:47:09.246728+00:00
https://monzo.com/help/monzo-fraud-category/understanding-investment-scams-web,monzo.com,/help/monzo-fraud-category/understanding-investment-scams-web,help,True,https://monzo.com/gb-sitemap.xml,2026-08-16T18:47:09.246728+00:00
https://monzo.com/help/monzo-home-insurance,monzo.com,/help/monzo-home-insurance,help,True,https://monzo.com/gb-sitemap.xml,2026-08-16T18:47:09.246728+00:00
https://monzo.com/help/monzo-home-insurance/home-insurance-accidental-damage,monzo.com,/help/monzo-home-insurance/home-insurance-accidental-damage,help,True,https://monzo.com/gb-sitemap.xml,2026-08-16T18:47:09.246728+00:00
https://monzo.com/help/monzo-home-insurance/home-insurance-add-accidental-damage,monzo.com,/help/monzo-home-insurance/home-insurance-add-accidental-damage,help,True,https://monzo.com/gb-sitemap.xml,2026-08-16T18:47:09.246728+00:00
https://monzo.com/help/monzo-home-insurance/home-insurance-annual-instead-of-monthly,monzo.com,/help/monzo-home-insurance/home-insurance-annual-instead-of-monthly,help,True,https://monzo.com/gb-sitemap.xml,2026-08-16T18:47:09.246728+00:00
https://monzo.com/help/monzo-home-insurance/home-insurance-automatic-renewal,monzo.com,/help/monzo-home-insurance/home-insurance-automatic-renewal,help,True,https://monzo.com/gb-sitemap.xml,2026-08-16T18:47:09.246728+00:00
https://monzo.com/help/monzo-home-insurance/home-insurance-away,monzo.com,/help/monzo-home-insurance/home-insurance-away,help,True,https://monzo.com/gb-sitemap.xml,2026-08-16T18:47:09.246728+00:00
https://monzo.com/help/monzo-home-insurance/home-insurance-buildings-only,monzo.com,/help/monzo-home-insurance/home-insurance-buildings-only,help,True,https://monzo.com/gb-sitemap.xml,2026-08-16T18:47:09.246728+00:00
https://monzo.com/help/monzo-home-insurance/home-insurance-cancelling,monzo.com,/help/monzo-home-insurance/home-insurance-cancelling,help,True,https://monzo.com/gb-sitemap.xml,2026-08-16T18:47:09.246728+00:00
https://monzo.com/help/monzo-home-insurance/home-insurance-change-start-date,monzo.com,/help/monzo-home-insurance/home-insurance-change-start-date,help,True,https://monzo.com/gb-sitemap.xml,2026-08-16T18:47:09.246728+00:00
https://monzo.com/help/monzo-home-insurance/home-insurance-claim-update,monzo.com,/help/monzo-home-insurance/home-insurance-claim-update,help,True,https://monzo.com/gb-sitemap.xml,2026-08-16T18:47:09.246728+00:00
https://monzo.com/help/monzo-home-insurance/home-insurance-cover,monzo.com,/help/monzo-home-insurance/home-insurance-cover,help,True,https://monzo.com/gb-sitemap.xml,2026-08-16T18:47:09.246728+00:00
https://monzo.com/help/monzo-home-insurance/home-insurance-covered-who,monzo.com,/help/monzo-home-insurance/home-insurance-covered-who,help,True,https://monzo.com/gb-sitemap.xml,2026-08-16T18:47:09.246728+00:00
https://monzo.com/help/monzo-home-insurance/home-insurance-does-claiming-impact-my-price,monzo.com,/help/monzo-home-insurance/home-insurance-does-claiming-impact-my-price,help,True,https://monzo.com/gb-sitemap.xml,2026-08-16T18:47:09.246728+00:00
https://monzo.com/help/monzo-home-insurance/home-insurance-excess,monzo.com,/help/monzo-home-insurance/home-insurance-excess,help,True,https://monzo.com/gb-sitemap.xml,2026-08-16T18:47:09.246728+00:00
https://monzo.com/help/monzo-home-insurance/home-insurance-excluded,monzo.com,/help/monzo-home-insurance/home-insurance-excluded,help,True,https://monzo.com/gb-sitemap.xml,2026-08-16T18:47:09.246728+00:00
https://monzo.com/help/monzo-home-insurance/home-insurance-how-to-pay,monzo.com,/help/monzo-home-insurance/home-insurance-how-to-pay,help,True,https://monzo.com/gb-sitemap.xml,2026-08-16T18:47:09.246728+00:00
https://monzo.com/help/monzo-home-insurance/home-insurance-HVIs,monzo.com,/help/monzo-home-insurance/home-insurance-HVIs,help,True,https://monzo.com/gb-sitemap.xml,2026-08-16T18:47:09.246728+00:00
https://monzo.com/help/monzo-home-insurance/home-insurance-HVIs-no-category,monzo.com,/help/monzo-home-insurance/home-insurance-HVIs-no-category,help,True,https://monzo.com/gb-sitemap.xml,2026-08-16T18:47:09.246728+00:00
https://monzo.com/help/monzo-home-insurance/home-insurance-issue-time-limit,monzo.com,/help/monzo-home-insurance/home-insurance-issue-time-limit,help,True,https://monzo.com/gb-sitemap.xml,2026-08-16T18:47:09.246728+00:00
https://monzo.com/help/monzo-home-insurance/home-insurance-loss-before-policy-started,monzo.com,/help/monzo-home-insurance/home-insurance-loss-before-policy-started,help,True,https://monzo.com/gb-sitemap.xml,2026-08-16T18:47:09.246728+00:00
https://monzo.com/help/monzo-home-insurance/home-insurance-move,monzo.com,/help/monzo-home-insurance/home-insurance-move,help,True,https://monzo.com/gb-sitemap.xml,2026-08-16T18:47:09.246728+00:00
https://monzo.com/help/monzo-home-insurance/home-insurance-multiple-policies,monzo.com,/help/monzo-home-insurance/home-insurance-multiple-policies,help,True,https://monzo.com/gb-sitemap.xml,2026-08-16T18:47:09.246728+00:00
https://monzo.com/help/monzo-home-insurance/home-insurance-out-of-home-cover,monzo.com,/help/monzo-home-insurance/home-insurance-out-of-home-cover,help,True,https://monzo.com/gb-sitemap.xml,2026-08-16T18:47:09.246728+00:00
https://monzo.com/help/monzo-home-insurance/home-insurance-own-tradespeople,monzo.com,/help/monzo-home-insurance/home-insurance-own-tradespeople,help,True,https://monzo.com/gb-sitemap.xml,2026-08-16T18:47:09.246728+00:00
https://monzo.com/help/monzo-home-insurance/home-insurance-payment-date,monzo.com,/help/monzo-home-insurance/home-insurance-payment-date,help,True,https://monzo.com/gb-sitemap.xml,2026-08-16T18:47:09.246728+00:00
https://monzo.com/help/monzo-home-insurance/home-insurance-policy-document,monzo.com,/help/monzo-home-insurance/home-insurance-policy-document,help,True,https://monzo.com/gb-sitemap.xml,2026-08-16T18:47:09.246728+00:00
https://monzo.com/help/monzo-home-insurance/home-insurance-renewal-offer,monzo.com,/help/monzo-home-insurance/home-insurance-renewal-offer,help,True,https://monzo.com/gb-sitemap.xml,2026-08-16T18:47:09.246728+00:00
https://monzo.com/help/monzo-home-insurance/home-insurance-struggling-pay,monzo.com,/help/monzo-home-insurance/home-insurance-struggling-pay,help,True,https://monzo.com/gb-sitemap.xml,2026-08-16T18:47:09.246728+00:00
https://monzo.com/help/monzo-home-insurance/home-insurance-update-policy,monzo.com,/help/monzo-home-insurance/home-insurance-update-policy,help,True,https://monzo.com/gb-sitemap.xml,2026-08-16T18:47:09.246728+00:00
https://monzo.com/help/monzo-max,monzo.com,/help/monzo-max,help,True,https://monzo.com/gb-sitemap.xml,2026-08-16T18:47:09.246728+00:00
https://monzo.com/help/monzo-max/advanced-budgeting-auto-exports,monzo.com,/help/monzo-max/advanced-budgeting-auto-exports,help,True,https://monzo.com/gb-sitemap.xml,2026-08-16T18:47:09.246728+00:00
https://monzo.com/help/monzo-max/advanced-budgeting-custom-categories,monzo.com,/help/monzo-max/advanced-budgeting-custom-categories,help,True,https://monzo.com/gb-sitemap.xml,2026-08-16T18:47:09.246728+00:00
https://monzo.com/help/monzo-max/advanced-budgeting-roundups,monzo.com,/help/monzo-max/advanced-budgeting-roundups,help,True,https://monzo.com/gb-sitemap.xml,2026-08-16T18:47:09.246728+00:00
https://monzo.com/help/monzo-max/afford-plus-premium,monzo.com,/help/monzo-max/afford-plus-premium,help,True,https://monzo.com/gb-sitemap.xml,2026-08-16T18:47:09.246728+00:00
https://monzo.com/help/monzo-max/greggs-code-expiry,monzo.com,/help/monzo-max/greggs-code-expiry,help,True,https://monzo.com/gb-sitemap.xml,2026-08-16T18:47:09.246728+00:00
https://monzo.com/help/monzo-max/greggs-code-not-working,monzo.com,/help/monzo-max/greggs-code-not-working,help,True,https://monzo.com/gb-sitemap.xml,2026-08-16T18:47:09.246728+00:00
https://monzo.com/help/monzo-max/greggs-how-when,monzo.com,/help/monzo-max/greggs-how-when,help,True,https://monzo.com/gb-sitemap.xml,2026-08-16T18:47:09.246728+00:00
https://monzo.com/help/monzo-max/greggs-run-out,monzo.com,/help/monzo-max/greggs-run-out,help,True,https://monzo.com/gb-sitemap.xml,2026-08-16T18:47:09.246728+00:00
https://monzo.com/help/monzo-max/keep-metal-card,monzo.com,/help/monzo-max/keep-metal-card,help,True,https://monzo.com/gb-sitemap.xml,2026-08-16T18:47:09.246728+00:00
https://monzo.com/help/monzo-max/max-breakdown-cover,monzo.com,/help/monzo-max/max-breakdown-cover,help,True,https://monzo.com/gb-sitemap.xml,2026-08-16T18:47:09.246728+00:00
https://monzo.com/help/monzo-max/max-cancellation-fee,monzo.com,/help/monzo-max/max-cancellation-fee,help,True,https://monzo.com/gb-sitemap.xml,2026-08-16T18:47:09.246728+00:00
https://monzo.com/help/monzo-max/max-perks-cards,monzo.com,/help/monzo-max/max-perks-cards,help,True,https://monzo.com/gb-sitemap.xml,2026-08-16T18:47:09.246728+00:00
https://monzo.com/help/monzo-max/max-phone-cover,monzo.com,/help/monzo-max/max-phone-cover,help,True,https://monzo.com/gb-sitemap.xml,2026-08-16T18:47:09.246728+00:00
https://monzo.com/help/monzo-max/max-travel-cover,monzo.com,/help/monzo-max/max-travel-cover,help,True,https://monzo.com/gb-sitemap.xml,2026-08-16T18:47:09.246728+00:00
https://monzo.com/help/monzo-max/monzo-max-what,monzo.com,/help/monzo-max/monzo-max-what,help,True,https://monzo.com/gb-sitemap.xml,2026-08-16T18:47:09.246728+00:00
https://monzo.com/help/monzo-max/monzo-plan-ineligible,monzo.com,/help/monzo-max/monzo-plan-ineligible,help,True,https://monzo.com/gb-sitemap.xml,2026-08-16T18:47:09.246728+00:00
https://monzo.com/help/monzo-max/paid-interest,monzo.com,/help/monzo-max/paid-interest,help,True,https://monzo.com/gb-sitemap.xml,2026-08-16T18:47:09.246728+00:00
https://monzo.com/help/monzo-max/pizza-express-removed,monzo.com,/help/monzo-max/pizza-express-removed,help,True,https://monzo.com/gb-sitemap.xml,2026-08-16T18:47:09.246728+00:00
https://monzo.com/help/monzo-max/plan-signup,monzo.com,/help/monzo-max/plan-signup,help,True,https://monzo.com/gb-sitemap.xml,2026-08-16T18:47:09.246728+00:00
https://monzo.com/help/monzo-max/plus-connected-accounts,monzo.com,/help/monzo-max/plus-connected-accounts,help,True,https://monzo.com/gb-sitemap.xml,2026-08-16T18:47:09.246728+00:00
https://monzo.com/help/monzo-max/premium-to-max-insurance,monzo.com,/help/monzo-max/premium-to-max-insurance,help,True,https://monzo.com/gb-sitemap.xml,2026-08-16T18:47:09.246728+00:00
https://monzo.com/help/monzo-max/qover-premium-travel-how-to-claim,monzo.com,/help/monzo-max/qover-premium-travel-how-to-claim,help,True,https://monzo.com/gb-sitemap.xml,2026-08-16T18:47:09.246728+00:00
https://monzo.com/help/monzo-max/rac-request-breakdown-assistance,monzo.com,/help/monzo-max/rac-request-breakdown-assistance,help,True,https://monzo.com/gb-sitemap.xml,2026-08-16T18:47:09.246728+00:00
https://monzo.com/help/monzo-max/railcard-benefit-code,monzo.com,/help/monzo-max/railcard-benefit-code,help,True,https://monzo.com/gb-sitemap.xml,2026-08-16T18:47:09.246728+00:00
https://monzo.com/help/monzo-max/railcard-benefit-what,monzo.com,/help/monzo-max/railcard-benefit-what,help,True,https://monzo.com/gb-sitemap.xml,2026-08-16T18:47:09.246728+00:00
https://monzo.com/help/monzo-max/railcard-cancel,monzo.com,/help/monzo-max/railcard-cancel,help,True,https://monzo.com/gb-sitemap.xml,2026-08-16T18:47:09.246728+00:00
https://monzo.com/help/monzo-max/railcard-eligible,monzo.com,/help/monzo-max/railcard-eligible,help,True,https://monzo.com/gb-sitemap.xml,2026-08-16T18:47:09.246728+00:00
https://monzo.com/help/monzo-max/railcard-renewal-reminder,monzo.com,/help/monzo-max/railcard-renewal-reminder,help,True,https://monzo.com/gb-sitemap.xml,2026-08-16T18:47:09.246728+00:00
https://monzo.com/help/monzo-max/renew-railcard-code-not-working,monzo.com,/help/monzo-max/renew-railcard-code-not-working,help,True,https://monzo.com/gb-sitemap.xml,2026-08-16T18:47:09.246728+00:00
https://monzo.com/help/monzo-max/share-policy-details,monzo.com,/help/monzo-max/share-policy-details,help,True,https://monzo.com/gb-sitemap.xml,2026-08-16T18:47:09.246728+00:00
https://monzo.com/help/monzo-max/subs-credit-tracker-problem,monzo.com,/help/monzo-max/subs-credit-tracker-problem,help,True,https://monzo.com/gb-sitemap.xml,2026-08-16T18:47:09.246728+00:00
https://monzo.com/help/monzo-max/uber-one,monzo.com,/help/monzo-max/uber-one,help,True,https://monzo.com/gb-sitemap.xml,2026-08-16T18:47:09.246728+00:00
https://monzo.com/help/monzo-max/upgrade-downgrade-plans,monzo.com,/help/monzo-max/upgrade-downgrade-plans,help,True,https://monzo.com/gb-sitemap.xml,2026-08-16T18:47:09.246728+00:00
https://monzo.com/help/monzo-max/virtual-card-on-pot-dispute,monzo.com,/help/monzo-max/virtual-card-on-pot-dispute,help,True,https://monzo.com/gb-sitemap.xml,2026-08-16T18:47:09.246728+00:00
https://monzo.com/help/monzo-max/virtual-card-on-pot-how,monzo.com,/help/monzo-max/virtual-card-on-pot-how,help,True,https://monzo.com/gb-sitemap.xml,2026-08-16T18:47:09.246728+00:00
https://monzo.com/help/monzo-max/virtual-cards-how,monzo.com,/help/monzo-max/virtual-cards-how,help,True,https://monzo.com/gb-sitemap.xml,2026-08-16T18:47:09.246728+00:00
https://monzo.com/help/monzo-max/virtual-cards-limits,monzo.com,/help/monzo-max/virtual-cards-limits,help,True,https://monzo.com/gb-sitemap.xml,2026-08-16T18:47:09.246728+00:00
https://monzo.com/help/monzo-max/virtual-cards-what,monzo.com,/help/monzo-max/virtual-cards-what,help,True,https://monzo.com/gb-sitemap.xml,2026-08-16T18:47:09.246728+00:00
https://monzo.com/help/monzo-max/web-bill-pots,monzo.com,/help/monzo-max/web-bill-pots,help,True,https://monzo.com/gb-sitemap.xml,2026-08-16T18:47:09.246728+00:00
https://monzo.com/help/monzo-max/what-credit-insights,monzo.com,/help/monzo-max/what-credit-insights,help,True,https://monzo.com/gb-sitemap.xml,2026-08-16T18:47:09.246728+00:00
https://monzo.com/help/monzo-max/what-items-greggs,monzo.com,/help/monzo-max/what-items-greggs,help,True,https://monzo.com/gb-sitemap.xml,2026-08-16T18:47:09.246728+00:00
https://monzo.com/help/monzo-max/what-stores-greggs,monzo.com,/help/monzo-max/what-stores-greggs,help,True,https://monzo.com/gb-sitemap.xml,2026-08-16T18:47:09.246728+00:00
https://monzo.com/help/monzo-perks,monzo.com,/help/monzo-perks,help,True,https://monzo.com/gb-sitemap.xml,2026-08-16T18:47:09.246728+00:00
https://monzo.com/help/monzo-perks/advanced-budgeting-auto-exports,monzo.com,/help/monzo-perks/advanced-budgeting-auto-exports,help,True,https://monzo.com/gb-sitemap.xml,2026-08-16T18:47:09.246728+00:00
https://monzo.com/help/monzo-perks/advanced-budgeting-custom-categories,monzo.com,/help/monzo-perks/advanced-budgeting-custom-categories,help,True,https://monzo.com/gb-sitemap.xml,2026-08-16T18:47:09.246728+00:00
https://monzo.com/help/monzo-perks/advanced-budgeting-multiple-categories,monzo.com,/help/monzo-perks/advanced-budgeting-multiple-categories,help,True,https://monzo.com/gb-sitemap.xml,2026-08-16T18:47:09.246728+00:00
https://monzo.com/help/monzo-perks/advanced-budgeting-roundups,monzo.com,/help/monzo-perks/advanced-budgeting-roundups,help,True,https://monzo.com/gb-sitemap.xml,2026-08-16T18:47:09.246728+00:00
https://monzo.com/help/monzo-perks/afford-plus-premium,monzo.com,/help/monzo-perks/afford-plus-premium,help,True,https://monzo.com/gb-sitemap.xml,2026-08-16T18:47:09.246728+00:00
https://monzo.com/help/monzo-perks/greggs-code-expiry,monzo.com,/help/monzo-perks/greggs-code-expiry,help,True,https://monzo.com/gb-sitemap.xml,2026-08-16T18:47:09.246728+00:00
https://monzo.com/help/monzo-perks/greggs-code-not-working,monzo.com,/help/monzo-perks/greggs-code-not-working,help,True,https://monzo.com/gb-sitemap.xml,2026-08-16T18:47:09.246728+00:00
https://monzo.com/help/monzo-perks/greggs-how-when,monzo.com,/help/monzo-perks/greggs-how-when,help,True,https://monzo.com/gb-sitemap.xml,2026-08-16T18:47:09.246728+00:00
https://monzo.com/help/monzo-perks/greggs-run-out,monzo.com,/help/monzo-perks/greggs-run-out,help,True,https://monzo.com/gb-sitemap.xml,2026-08-16T18:47:09.246728+00:00
https://monzo.com/help/monzo-perks/keep-metal-card,monzo.com,/help/monzo-perks/keep-metal-card,help,True,https://monzo.com/gb-sitemap.xml,2026-08-16T18:47:09.246728+00:00
https://monzo.com/help/monzo-perks/max-perks-cards,monzo.com,/help/monzo-perks/max-perks-cards,help,True,https://monzo.com/gb-sitemap.xml,2026-08-16T18:47:09.246728+00:00
https://monzo.com/help/monzo-perks/monzo-perks-what,monzo.com,/help/monzo-perks/monzo-perks-what,help,True,https://monzo.com/gb-sitemap.xml,2026-08-16T18:47:09.246728+00:00
https://monzo.com/help/monzo-perks/monzo-plan-ineligible,monzo.com,/help/monzo-perks/monzo-plan-ineligible,help,True,https://monzo.com/gb-sitemap.xml,2026-08-16T18:47:09.246728+00:00
https://monzo.com/help/monzo-perks/paid-interest,monzo.com,/help/monzo-perks/paid-interest,help,True,https://monzo.com/gb-sitemap.xml,2026-08-16T18:47:09.246728+00:00
https://monzo.com/help/monzo-perks/perks-cancellation-fee,monzo.com,/help/monzo-perks/perks-cancellation-fee,help,True,https://monzo.com/gb-sitemap.xml,2026-08-16T18:47:09.246728+00:00
https://monzo.com/help/monzo-perks/pizza-express-removed,monzo.com,/help/monzo-perks/pizza-express-removed,help,True,https://monzo.com/gb-sitemap.xml,2026-08-16T18:47:09.246728+00:00
https://monzo.com/help/monzo-perks/plan-pay-from-pot,monzo.com,/help/monzo-perks/plan-pay-from-pot,help,True,https://monzo.com/gb-sitemap.xml,2026-08-16T18:47:09.246728+00:00
https://monzo.com/help/monzo-perks/plan-signup,monzo.com,/help/monzo-perks/plan-signup,help,True,https://monzo.com/gb-sitemap.xml,2026-08-16T18:47:09.246728+00:00
https://monzo.com/help/monzo-perks/plus-connected-accounts,monzo.com,/help/monzo-perks/plus-connected-accounts,help,True,https://monzo.com/gb-sitemap.xml,2026-08-16T18:47:09.246728+00:00
https://monzo.com/help/monzo-perks/railcard-benefit-code,monzo.com,/help/monzo-perks/railcard-benefit-code,help,True,https://monzo.com/gb-sitemap.xml,2026-08-16T18:47:09.246728+00:00
https://monzo.com/help/monzo-perks/railcard-benefit-what,monzo.com,/help/monzo-perks/railcard-benefit-what,help,True,https://monzo.com/gb-sitemap.xml,2026-08-16T18:47:09.246728+00:00
https://monzo.com/help/monzo-perks/railcard-cancel,monzo.com,/help/monzo-perks/railcard-cancel,help,True,https://monzo.com/gb-sitemap.xml,2026-08-16T18:47:09.246728+00:00
https://monzo.com/help/monzo-perks/railcard-eligible,monzo.com,/help/monzo-perks/railcard-eligible,help,True,https://monzo.com/gb-sitemap.xml,2026-08-16T18:47:09.246728+00:00
https://monzo.com/help/monzo-perks/railcard-renewal-reminder,monzo.com,/help/monzo-perks/railcard-renewal-reminder,help,True,https://monzo.com/gb-sitemap.xml,2026-08-16T18:47:09.246728+00:00
https://monzo.com/help/monzo-perks/renew-railcard-code-not-working,monzo.com,/help/monzo-perks/renew-railcard-code-not-working,help,True,https://monzo.com/gb-sitemap.xml,2026-08-16T18:47:09.246728+00:00
https://monzo.com/help/monzo-perks/subs-credit-tracker-problem,monzo.com,/help/monzo-perks/subs-credit-tracker-problem,help,True,https://monzo.com/gb-sitemap.xml,2026-08-16T18:47:09.246728+00:00
https://monzo.com/help/monzo-perks/trends-custom-categories-web,monzo.com,/help/monzo-perks/trends-custom-categories-web,help,True,https://monzo.com/gb-sitemap.xml,2026-08-16T18:47:09.246728+00:00
https://monzo.com/help/monzo-perks/trends-spending-and-balance-web,monzo.com,/help/monzo-perks/trends-spending-and-balance-web,help,True,https://monzo.com/gb-sitemap.xml,2026-08-16T18:47:09.246728+00:00
https://monzo.com/help/monzo-perks/uber-one,monzo.com,/help/monzo-perks/uber-one,help,True,https://monzo.com/gb-sitemap.xml,2026-08-16T18:47:09.246728+00:00
https://monzo.com/help/monzo-perks/upgrade-downgrade-plans,monzo.com,/help/monzo-perks/upgrade-downgrade-plans,help,True,https://monzo.com/gb-sitemap.xml,2026-08-16T18:47:09.246728+00:00
https://monzo.com/help/monzo-perks/virtual-card-on-pot-dispute,monzo.com,/help/monzo-perks/virtual-card-on-pot-dispute,help,True,https://monzo.com/gb-sitemap.xml,2026-08-16T18:47:09.246728+00:00
https://monzo.com/help/monzo-perks/virtual-card-on-pot-how,monzo.com,/help/monzo-perks/virtual-card-on-pot-how,help,True,https://monzo.com/gb-sitemap.xml,2026-08-16T18:47:09.246728+00:00
https://monzo.com/help/monzo-perks/virtual-cards-how,monzo.com,/help/monzo-perks/virtual-cards-how,help,True,https://monzo.com/gb-sitemap.xml,2026-08-16T18:47:09.246728+00:00
https://monzo.com/help/monzo-perks/virtual-cards-limits,monzo.com,/help/monzo-perks/virtual-cards-limits,help,True,https://monzo.com/gb-sitemap.xml,2026-08-16T18:47:09.246728+00:00
https://monzo.com/help/monzo-perks/virtual-cards-what,monzo.com,/help/monzo-perks/virtual-cards-what,help,True,https://monzo.com/gb-sitemap.xml,2026-08-16T18:47:09.246728+00:00
https://monzo.com/help/monzo-perks/web-bill-pots,monzo.com,/help/monzo-perks/web-bill-pots,help,True,https://monzo.com/gb-sitemap.xml,2026-08-16T18:47:09.246728+00:00
https://monzo.com/help/monzo-perks/what-credit-insights,monzo.com,/help/monzo-perks/what-credit-insights,help,True,https://monzo.com/gb-sitemap.xml,2026-08-16T18:47:09.246728+00:00
https://monzo.com/help/monzo-perks/what-items-greggs,monzo.com,/help/monzo-perks/what-items-greggs,help,True,https://monzo.com/gb-sitemap.xml,2026-08-16T18:47:09.246728+00:00
https://monzo.com/help/monzo-perks/what-stores-greggs,monzo.com,/help/monzo-perks/what-stores-greggs,help,True,https://monzo.com/gb-sitemap.xml,2026-08-16T18:47:09.246728+00:00
https://monzo.com/help/monzo-plus,monzo.com,/help/monzo-plus,help,True,https://monzo.com/gb-sitemap.xml,2026-08-16T18:47:09.246728+00:00
https://monzo.com/help/monzo-plus/advanced-budgeting-auto-exports,monzo.com,/help/monzo-plus/advanced-budgeting-auto-exports,help,True,https://monzo.com/gb-sitemap.xml,2026-08-16T18:47:09.246728+00:00
https://monzo.com/help/monzo-plus/advanced-budgeting-custom-categories,monzo.com,/help/monzo-plus/advanced-budgeting-custom-categories,help,True,https://monzo.com/gb-sitemap.xml,2026-08-16T18:47:09.246728+00:00
https://monzo.com/help/monzo-plus/advanced-budgeting-roundups,monzo.com,/help/monzo-plus/advanced-budgeting-roundups,help,True,https://monzo.com/gb-sitemap.xml,2026-08-16T18:47:09.246728+00:00
https://monzo.com/help/monzo-plus/afford-plus-premium,monzo.com,/help/monzo-plus/afford-plus-premium,help,True,https://monzo.com/gb-sitemap.xml,2026-08-16T18:47:09.246728+00:00
https://monzo.com/help/monzo-plus/credit-score-what,monzo.com,/help/monzo-plus/credit-score-what,help,True,https://monzo.com/gb-sitemap.xml,2026-08-16T18:47:09.246728+00:00
https://monzo.com/help/monzo-plus/monzo-plus-benefits,monzo.com,/help/monzo-plus/monzo-plus-benefits,help,True,https://monzo.com/gb-sitemap.xml,2026-08-16T18:47:09.246728+00:00
https://monzo.com/help/monzo-plus/monzo-plus-billing-date,monzo.com,/help/monzo-plus/monzo-plus-billing-date,help,True,https://monzo.com/gb-sitemap.xml,2026-08-16T18:47:09.246728+00:00
https://monzo.com/help/monzo-plus/paid-downgrade-premium,monzo.com,/help/monzo-plus/paid-downgrade-premium,help,True,https://monzo.com/gb-sitemap.xml,2026-08-16T18:47:09.246728+00:00
https://monzo.com/help/monzo-plus/paid-interest,monzo.com,/help/monzo-plus/paid-interest,help,True,https://monzo.com/gb-sitemap.xml,2026-08-16T18:47:09.246728+00:00
https://monzo.com/help/monzo-plus/paid-upgrade-premium,monzo.com,/help/monzo-plus/paid-upgrade-premium,help,True,https://monzo.com/gb-sitemap.xml,2026-08-16T18:47:09.246728+00:00
https://monzo.com/help/monzo-plus/plus-cancel,monzo.com,/help/monzo-plus/plus-cancel,help,True,https://monzo.com/gb-sitemap.xml,2026-08-16T18:47:09.246728+00:00
https://monzo.com/help/monzo-plus/plus-connected-accounts,monzo.com,/help/monzo-plus/plus-connected-accounts,help,True,https://monzo.com/gb-sitemap.xml,2026-08-16T18:47:09.246728+00:00
https://monzo.com/help/monzo-plus/plus-credit-tracker,monzo.com,/help/monzo-plus/plus-credit-tracker,help,True,https://monzo.com/gb-sitemap.xml,2026-08-16T18:47:09.246728+00:00
https://monzo.com/help/monzo-plus/plus-fees,monzo.com,/help/monzo-plus/plus-fees,help,True,https://monzo.com/gb-sitemap.xml,2026-08-16T18:47:09.246728+00:00
https://monzo.com/help/monzo-plus/plus-joint-account,monzo.com,/help/monzo-plus/plus-joint-account,help,True,https://monzo.com/gb-sitemap.xml,2026-08-16T18:47:09.246728+00:00
https://monzo.com/help/monzo-plus/plus-premium-whats-happening,monzo.com,/help/monzo-plus/plus-premium-whats-happening,help,True,https://monzo.com/gb-sitemap.xml,2026-08-16T18:47:09.246728+00:00
https://monzo.com/help/monzo-plus/remove-credit-tracker,monzo.com,/help/monzo-plus/remove-credit-tracker,help,True,https://monzo.com/gb-sitemap.xml,2026-08-16T18:47:09.246728+00:00
https://monzo.com/help/monzo-plus/virtual-card-on-pot-dispute,monzo.com,/help/monzo-plus/virtual-card-on-pot-dispute,help,True,https://monzo.com/gb-sitemap.xml,2026-08-16T18:47:09.246728+00:00
https://monzo.com/help/monzo-plus/virtual-card-on-pot-how,monzo.com,/help/monzo-plus/virtual-card-on-pot-how,help,True,https://monzo.com/gb-sitemap.xml,2026-08-16T18:47:09.246728+00:00
https://monzo.com/help/monzo-plus/virtual-cards-how,monzo.com,/help/monzo-plus/virtual-cards-how,help,True,https://monzo.com/gb-sitemap.xml,2026-08-16T18:47:09.246728+00:00
https://monzo.com/help/monzo-plus/virtual-cards-limits,monzo.com,/help/monzo-plus/virtual-cards-limits,help,True,https://monzo.com/gb-sitemap.xml,2026-08-16T18:47:09.246728+00:00
https://monzo.com/help/monzo-plus/virtual-cards-what,monzo.com,/help/monzo-plus/virtual-cards-what,help,True,https://monzo.com/gb-sitemap.xml,2026-08-16T18:47:09.246728+00:00
https://monzo.com/help/monzo-plus/web-bill-pots,monzo.com,/help/monzo-plus/web-bill-pots,help,True,https://monzo.com/gb-sitemap.xml,2026-08-16T18:47:09.246728+00:00
https://monzo.com/help/monzo-premium,monzo.com,/help/monzo-premium,help,True,https://monzo.com/gb-sitemap.xml,2026-08-16T18:47:09.246728+00:00
https://monzo.com/help/monzo-premium/advanced-budgeting-auto-exports,monzo.com,/help/monzo-premium/advanced-budgeting-auto-exports,help,True,https://monzo.com/gb-sitemap.xml,2026-08-16T18:47:09.246728+00:00
https://monzo.com/help/monzo-premium/advanced-budgeting-custom-categories,monzo.com,/help/monzo-premium/advanced-budgeting-custom-categories,help,True,https://monzo.com/gb-sitemap.xml,2026-08-16T18:47:09.246728+00:00
https://monzo.com/help/monzo-premium/advanced-budgeting-roundups,monzo.com,/help/monzo-premium/advanced-budgeting-roundups,help,True,https://monzo.com/gb-sitemap.xml,2026-08-16T18:47:09.246728+00:00
https://monzo.com/help/monzo-premium/afford-plus-premium,monzo.com,/help/monzo-premium/afford-plus-premium,help,True,https://monzo.com/gb-sitemap.xml,2026-08-16T18:47:09.246728+00:00
https://monzo.com/help/monzo-premium/credit-score-what,monzo.com,/help/monzo-premium/credit-score-what,help,True,https://monzo.com/gb-sitemap.xml,2026-08-16T18:47:09.246728+00:00
https://monzo.com/help/monzo-premium/family-cover-qover,monzo.com,/help/monzo-premium/family-cover-qover,help,True,https://monzo.com/gb-sitemap.xml,2026-08-16T18:47:09.246728+00:00
https://monzo.com/help/monzo-premium/keep-metal-card,monzo.com,/help/monzo-premium/keep-metal-card,help,True,https://monzo.com/gb-sitemap.xml,2026-08-16T18:47:09.246728+00:00
https://monzo.com/help/monzo-premium/metal-card-cleaning,monzo.com,/help/monzo-premium/metal-card-cleaning,help,True,https://monzo.com/gb-sitemap.xml,2026-08-16T18:47:09.246728+00:00
https://monzo.com/help/monzo-premium/paid-downgrade-premium,monzo.com,/help/monzo-premium/paid-downgrade-premium,help,True,https://monzo.com/gb-sitemap.xml,2026-08-16T18:47:09.246728+00:00
https://monzo.com/help/monzo-premium/paid-interest,monzo.com,/help/monzo-premium/paid-interest,help,True,https://monzo.com/gb-sitemap.xml,2026-08-16T18:47:09.246728+00:00
https://monzo.com/help/monzo-premium/plus-connected-accounts,monzo.com,/help/monzo-premium/plus-connected-accounts,help,True,https://monzo.com/gb-sitemap.xml,2026-08-16T18:47:09.246728+00:00
https://monzo.com/help/monzo-premium/plus-credit-tracker,monzo.com,/help/monzo-premium/plus-credit-tracker,help,True,https://monzo.com/gb-sitemap.xml,2026-08-16T18:47:09.246728+00:00
https://monzo.com/help/monzo-premium/plus-premium-whats-happening,monzo.com,/help/monzo-premium/plus-premium-whats-happening,help,True,https://monzo.com/gb-sitemap.xml,2026-08-16T18:47:09.246728+00:00
https://monzo.com/help/monzo-premium/prem-card-recycle,monzo.com,/help/monzo-premium/prem-card-recycle,help,True,https://monzo.com/gb-sitemap.xml,2026-08-16T18:47:09.246728+00:00
https://monzo.com/help/monzo-premium/premium-cancel,monzo.com,/help/monzo-premium/premium-cancel,help,True,https://monzo.com/gb-sitemap.xml,2026-08-16T18:47:09.246728+00:00
https://monzo.com/help/monzo-premium/premium-phone-repair,monzo.com,/help/monzo-premium/premium-phone-repair,help,True,https://monzo.com/gb-sitemap.xml,2026-08-16T18:47:09.246728+00:00
https://monzo.com/help/monzo-premium/premium-phone-replace,monzo.com,/help/monzo-premium/premium-phone-replace,help,True,https://monzo.com/gb-sitemap.xml,2026-08-16T18:47:09.246728+00:00
https://monzo.com/help/monzo-premium/premium-phone-what,monzo.com,/help/monzo-premium/premium-phone-what,help,True,https://monzo.com/gb-sitemap.xml,2026-08-16T18:47:09.246728+00:00
https://monzo.com/help/monzo-premium/premium-to-max-insurance,monzo.com,/help/monzo-premium/premium-to-max-insurance,help,True,https://monzo.com/gb-sitemap.xml,2026-08-16T18:47:09.246728+00:00
https://monzo.com/help/monzo-premium/premium-travel-covered-web,monzo.com,/help/monzo-premium/premium-travel-covered-web,help,True,https://monzo.com/gb-sitemap.xml,2026-08-16T18:47:09.246728+00:00
https://monzo.com/help/monzo-premium/remove-credit-tracker,monzo.com,/help/monzo-premium/remove-credit-tracker,help,True,https://monzo.com/gb-sitemap.xml,2026-08-16T18:47:09.246728+00:00
https://monzo.com/help/monzo-premium/virtual-card-on-pot-dispute,monzo.com,/help/monzo-premium/virtual-card-on-pot-dispute,help,True,https://monzo.com/gb-sitemap.xml,2026-08-16T18:47:09.246728+00:00
https://monzo.com/help/monzo-premium/virtual-card-on-pot-how,monzo.com,/help/monzo-premium/virtual-card-on-pot-how,help,True,https://monzo.com/gb-sitemap.xml,2026-08-16T18:47:09.246728+00:00
https://monzo.com/help/monzo-premium/virtual-cards-how,monzo.com,/help/monzo-premium/virtual-cards-how,help,True,https://monzo.com/gb-sitemap.xml,2026-08-16T18:47:09.246728+00:00
https://monzo.com/help/monzo-premium/virtual-cards-limits,monzo.com,/help/monzo-premium/virtual-cards-limits,help,True,https://monzo.com/gb-sitemap.xml,2026-08-16T18:47:09.246728+00:00
https://monzo.com/help/monzo-premium/virtual-cards-what,monzo.com,/help/monzo-premium/virtual-cards-what,help,True,https://monzo.com/gb-sitemap.xml,2026-08-16T18:47:09.246728+00:00
https://monzo.com/help/monzo-premium/web-bill-pots,monzo.com,/help/monzo-premium/web-bill-pots,help,True,https://monzo.com/gb-sitemap.xml,2026-08-16T18:47:09.246728+00:00
https://monzo.com/help/monzo-with-friends,monzo.com,/help/monzo-with-friends,help,True,https://monzo.com/gb-sitemap.xml,2026-08-16T18:47:09.246728+00:00
https://monzo.com/help/monzo-with-friends/block-someone-on-monzo,monzo.com,/help/monzo-with-friends/block-someone-on-monzo,help,True,https://monzo.com/gb-sitemap.xml,2026-08-16T18:47:09.246728+00:00
https://monzo.com/help/monzo-with-friends/existinginvite-waiting-for-bonus,monzo.com,/help/monzo-with-friends/existinginvite-waiting-for-bonus,help,True,https://monzo.com/gb-sitemap.xml,2026-08-16T18:47:09.246728+00:00
https://monzo.com/help/monzo-with-friends/how-to-pay-someone,monzo.com,/help/monzo-with-friends/how-to-pay-someone,help,True,https://monzo.com/gb-sitemap.xml,2026-08-16T18:47:09.246728+00:00
https://monzo.com/help/monzo-with-friends/InboundpaymentsviaQR,monzo.com,/help/monzo-with-friends/InboundpaymentsviaQR,help,True,https://monzo.com/gb-sitemap.xml,2026-08-16T18:47:09.246728+00:00
https://monzo.com/help/monzo-with-friends/invite-to-monzo-web,monzo.com,/help/monzo-with-friends/invite-to-monzo-web,help,True,https://monzo.com/gb-sitemap.xml,2026-08-16T18:47:09.246728+00:00
https://monzo.com/help/monzo-with-friends/monzo-me-how-to,monzo.com,/help/monzo-with-friends/monzo-me-how-to,help,True,https://monzo.com/gb-sitemap.xml,2026-08-16T18:47:09.246728+00:00
https://monzo.com/help/monzo-with-friends/nearby-friends-help,monzo.com,/help/monzo-with-friends/nearby-friends-help,help,True,https://monzo.com/gb-sitemap.xml,2026-08-16T18:47:09.246728+00:00
https://monzo.com/help/monzo-with-friends/newsignup-waiting-for-bonus-web,monzo.com,/help/monzo-with-friends/newsignup-waiting-for-bonus-web,help,True,https://monzo.com/gb-sitemap.xml,2026-08-16T18:47:09.246728+00:00
https://monzo.com/help/monzo-with-friends/sending-money-monzo-to-monzo,monzo.com,/help/monzo-with-friends/sending-money-monzo-to-monzo,help,True,https://monzo.com/gb-sitemap.xml,2026-08-16T18:47:09.246728+00:00
https://monzo.com/help/monzo-with-friends/SplitandPaytheMonzowaywithSharedTabs,monzo.com,/help/monzo-with-friends/SplitandPaytheMonzowaywithSharedTabs,help,True,https://monzo.com/gb-sitemap.xml,2026-08-16T18:47:09.246728+00:00
https://monzo.com/help/monzo-with-friends/split-bill,monzo.com,/help/monzo-with-friends/split-bill,help,True,https://monzo.com/gb-sitemap.xml,2026-08-16T18:47:09.246728+00:00
https://monzo.com/help/monzo-with-friends/split-costs-with-pals-web,monzo.com,/help/monzo-with-friends/split-costs-with-pals-web,help,True,https://monzo.com/gb-sitemap.xml,2026-08-16T18:47:09.246728+00:00
https://monzo.com/help/monzo-with-friends/what-nearby-friends,monzo.com,/help/monzo-with-friends/what-nearby-friends,help,True,https://monzo.com/gb-sitemap.xml,2026-08-16T18:47:09.246728+00:00
https://monzo.com/help/new-users-transactions,monzo.com,/help/new-users-transactions,help,True,https://monzo.com/gb-sitemap.xml,2026-08-16T18:47:09.246728+00:00
https://monzo.com/help/new-users-transactions/adding-card-to-google-pay,monzo.com,/help/new-users-transactions/adding-card-to-google-pay,help,True,https://monzo.com/gb-sitemap.xml,2026-08-16T18:47:09.246728+00:00
https://monzo.com/help/opening-an-account,monzo.com,/help/opening-an-account,help,True,https://monzo.com/gb-sitemap.xml,2026-08-16T18:47:09.246728+00:00
https://monzo.com/help/opening-an-account/business-account-getting-in-after-submitting-application,monzo.com,/help/opening-an-account/business-account-getting-in-after-submitting-application,help,True,https://monzo.com/gb-sitemap.xml,2026-08-16T18:47:09.246728+00:00
https://monzo.com/help/opening-an-account/business-account-signup-no-personal-account,monzo.com,/help/opening-an-account/business-account-signup-no-personal-account,help,True,https://monzo.com/gb-sitemap.xml,2026-08-16T18:47:09.246728+00:00
https://monzo.com/help/opening-an-account/business-account-signup-start-on-web,monzo.com,/help/opening-an-account/business-account-signup-start-on-web,help,True,https://monzo.com/gb-sitemap.xml,2026-08-16T18:47:09.246728+00:00
https://monzo.com/help/opening-an-account/business-banking-cass,monzo.com,/help/opening-an-account/business-banking-cass,help,True,https://monzo.com/gb-sitemap.xml,2026-08-16T18:47:09.246728+00:00
https://monzo.com/help/opening-an-account/business-card-delivery-address,monzo.com,/help/opening-an-account/business-card-delivery-address,help,True,https://monzo.com/gb-sitemap.xml,2026-08-16T18:47:09.246728+00:00
https://monzo.com/help/opening-an-account/business-verifying-persons-of-significant-control-at-sign-up,monzo.com,/help/opening-an-account/business-verifying-persons-of-significant-control-at-sign-up,help,True,https://monzo.com/gb-sitemap.xml,2026-08-16T18:47:09.246728+00:00
https://monzo.com/help/opening-an-account/eligible-businesses,monzo.com,/help/opening-an-account/eligible-businesses,help,True,https://monzo.com/gb-sitemap.xml,2026-08-16T18:47:09.246728+00:00
https://monzo.com/help/opening-an-account/how-to-open-a-Monzo-Joint-Account,monzo.com,/help/opening-an-account/how-to-open-a-Monzo-Joint-Account,help,True,https://monzo.com/gb-sitemap.xml,2026-08-16T18:47:09.246728+00:00
https://monzo.com/help/opening-an-account/how-to-open-a-Monzo-Personal-Account,monzo.com,/help/opening-an-account/how-to-open-a-Monzo-Personal-Account,help,True,https://monzo.com/gb-sitemap.xml,2026-08-16T18:47:09.246728+00:00
https://monzo.com/help/opening-an-account/monzo-business-signup-existing-personal-account,monzo.com,/help/opening-an-account/monzo-business-signup-existing-personal-account,help,True,https://monzo.com/gb-sitemap.xml,2026-08-16T18:47:09.246728+00:00
https://monzo.com/help/opening-an-account/monzo-business-team-members,monzo.com,/help/opening-an-account/monzo-business-team-members,help,True,https://monzo.com/gb-sitemap.xml,2026-08-16T18:47:09.246728+00:00
https://monzo.com/help/opening-an-account/multiple-business-accounts,monzo.com,/help/opening-an-account/multiple-business-accounts,help,True,https://monzo.com/gb-sitemap.xml,2026-08-16T18:47:09.246728+00:00
https://monzo.com/help/opening-an-account/using-current-account-for-business,monzo.com,/help/opening-an-account/using-current-account-for-business,help,True,https://monzo.com/gb-sitemap.xml,2026-08-16T18:47:09.246728+00:00
https://monzo.com/help/opening-an-account/why-we-ask-for-a-video-when-you-open-a-monzo-account,monzo.com,/help/opening-an-account/why-we-ask-for-a-video-when-you-open-a-monzo-account,help,True,https://monzo.com/gb-sitemap.xml,2026-08-16T18:47:09.246728+00:00
https://monzo.com/help/overdrafts-loans,monzo.com,/help/overdrafts-loans,help,True,https://monzo.com/gb-sitemap.xml,2026-08-16T18:47:09.246728+00:00
https://monzo.com/help/overdrafts-loans/borrowing-more,monzo.com,/help/overdrafts-loans/borrowing-more,help,True,https://monzo.com/gb-sitemap.xml,2026-08-16T18:47:09.246728+00:00
https://monzo.com/help/overdrafts-loans/cant-see-Monzo-on-credit-agencies,monzo.com,/help/overdrafts-loans/cant-see-Monzo-on-credit-agencies,help,True,https://monzo.com/gb-sitemap.xml,2026-08-16T18:47:09.246728+00:00
https://monzo.com/help/overdrafts-loans/change-overdraft-notifications,monzo.com,/help/overdrafts-loans/change-overdraft-notifications,help,True,https://monzo.com/gb-sitemap.xml,2026-08-16T18:47:09.246728+00:00
https://monzo.com/help/overdrafts-loans/change-repayment-date-limited-company-loan,monzo.com,/help/overdrafts-loans/change-repayment-date-limited-company-loan,help,True,https://monzo.com/gb-sitemap.xml,2026-08-16T18:47:09.246728+00:00
https://monzo.com/help/overdrafts-loans/change-repaymentdate-loan-web,monzo.com,/help/overdrafts-loans/change-repaymentdate-loan-web,help,True,https://monzo.com/gb-sitemap.xml,2026-08-16T18:47:09.246728+00:00
https://monzo.com/help/overdrafts-loans/changing-overdraft-limit,monzo.com,/help/overdrafts-loans/changing-overdraft-limit,help,True,https://monzo.com/gb-sitemap.xml,2026-08-16T18:47:09.246728+00:00
https://monzo.com/help/overdrafts-loans/consolidation-loans,monzo.com,/help/overdrafts-loans/consolidation-loans,help,True,https://monzo.com/gb-sitemap.xml,2026-08-16T18:47:09.246728+00:00
https://monzo.com/help/overdrafts-loans/credit-score-joint-account,monzo.com,/help/overdrafts-loans/credit-score-joint-account,help,True,https://monzo.com/gb-sitemap.xml,2026-08-16T18:47:09.246728+00:00
https://monzo.com/help/overdrafts-loans/does-opening-account-affect-credit-score,monzo.com,/help/overdrafts-loans/does-opening-account-affect-credit-score,help,True,https://monzo.com/gb-sitemap.xml,2026-08-16T18:47:09.246728+00:00
https://monzo.com/help/overdrafts-loans/early-payment-personal-loan,monzo.com,/help/overdrafts-loans/early-payment-personal-loan,help,True,https://monzo.com/gb-sitemap.xml,2026-08-16T18:47:09.246728+00:00
https://monzo.com/help/overdrafts-loans/early-repayment-limited-company-loan,monzo.com,/help/overdrafts-loans/early-repayment-limited-company-loan,help,True,https://monzo.com/gb-sitemap.xml,2026-08-16T18:47:09.246728+00:00
https://monzo.com/help/overdrafts-loans/eligibility-limited-company-loans,monzo.com,/help/overdrafts-loans/eligibility-limited-company-loans,help,True,https://monzo.com/gb-sitemap.xml,2026-08-16T18:47:09.246728+00:00
https://monzo.com/help/overdrafts-loans/eligibility-limited-company-overdrafts,monzo.com,/help/overdrafts-loans/eligibility-limited-company-overdrafts,help,True,https://monzo.com/gb-sitemap.xml,2026-08-16T18:47:09.246728+00:00
https://monzo.com/help/overdrafts-loans/eligiblity-personal-loans,monzo.com,/help/overdrafts-loans/eligiblity-personal-loans,help,True,https://monzo.com/gb-sitemap.xml,2026-08-16T18:47:09.246728+00:00
https://monzo.com/help/overdrafts-loans/emergency-overdrafts,monzo.com,/help/overdrafts-loans/emergency-overdrafts,help,True,https://monzo.com/gb-sitemap.xml,2026-08-16T18:47:09.246728+00:00
https://monzo.com/help/overdrafts-loans/Help-to-use-your-overdraft-less,monzo.com,/help/overdrafts-loans/Help-to-use-your-overdraft-less,help,True,https://monzo.com/gb-sitemap.xml,2026-08-16T18:47:09.246728+00:00
https://monzo.com/help/overdrafts-loans/how-do-overdrafts-work,monzo.com,/help/overdrafts-loans/how-do-overdrafts-work,help,True,https://monzo.com/gb-sitemap.xml,2026-08-16T18:47:09.246728+00:00
https://monzo.com/help/overdrafts-loans/how-to-improve-credit-score,monzo.com,/help/overdrafts-loans/how-to-improve-credit-score,help,True,https://monzo.com/gb-sitemap.xml,2026-08-16T18:47:09.246728+00:00
https://monzo.com/help/overdrafts-loans/how-to-open-overdraft,monzo.com,/help/overdrafts-loans/how-to-open-overdraft,help,True,https://monzo.com/gb-sitemap.xml,2026-08-16T18:47:09.246728+00:00
https://monzo.com/help/overdrafts-loans/limitedcompany-overdraft-renewal,monzo.com,/help/overdrafts-loans/limitedcompany-overdraft-renewal,help,True,https://monzo.com/gb-sitemap.xml,2026-08-16T18:47:09.246728+00:00
https://monzo.com/help/overdrafts-loans/limited-company-overdrafts-fees,monzo.com,/help/overdrafts-loans/limited-company-overdrafts-fees,help,True,https://monzo.com/gb-sitemap.xml,2026-08-16T18:47:09.246728+00:00
https://monzo.com/help/overdrafts-loans/limitedcompany-reduce-overdraft,monzo.com,/help/overdrafts-loans/limitedcompany-reduce-overdraft,help,True,https://monzo.com/gb-sitemap.xml,2026-08-16T18:47:09.246728+00:00
https://monzo.com/help/overdrafts-loans/loans-monzo-business-web,monzo.com,/help/overdrafts-loans/loans-monzo-business-web,help,True,https://monzo.com/gb-sitemap.xml,2026-08-16T18:47:09.246728+00:00
https://monzo.com/help/overdrafts-loans/lost-job,monzo.com,/help/overdrafts-loans/lost-job,help,True,https://monzo.com/gb-sitemap.xml,2026-08-16T18:47:09.246728+00:00
https://monzo.com/help/overdrafts-loans/manage-overdraft-web,monzo.com,/help/overdrafts-loans/manage-overdraft-web,help,True,https://monzo.com/gb-sitemap.xml,2026-08-16T18:47:09.246728+00:00
https://monzo.com/help/overdrafts-loans/Managing-your-money,monzo.com,/help/overdrafts-loans/Managing-your-money,help,True,https://monzo.com/gb-sitemap.xml,2026-08-16T18:47:09.246728+00:00
https://monzo.com/help/overdrafts-loans/missing-payment-limited-company-loan,monzo.com,/help/overdrafts-loans/missing-payment-limited-company-loan,help,True,https://monzo.com/gb-sitemap.xml,2026-08-16T18:47:09.246728+00:00
https://monzo.com/help/overdrafts-loans/missing-payment-personal-loan,monzo.com,/help/overdrafts-loans/missing-payment-personal-loan,help,True,https://monzo.com/gb-sitemap.xml,2026-08-16T18:47:09.246728+00:00
https://monzo.com/help/overdrafts-loans/notice-of-sums-in-arrears,monzo.com,/help/overdrafts-loans/notice-of-sums-in-arrears,help,True,https://monzo.com/gb-sitemap.xml,2026-08-16T18:47:09.246728+00:00
https://monzo.com/help/overdrafts-loans/notices-of-correction,monzo.com,/help/overdrafts-loans/notices-of-correction,help,True,https://monzo.com/gb-sitemap.xml,2026-08-16T18:47:09.246728+00:00
https://monzo.com/help/overdrafts-loans/nova-credit,monzo.com,/help/overdrafts-loans/nova-credit,help,True,https://monzo.com/gb-sitemap.xml,2026-08-16T18:47:09.246728+00:00
https://monzo.com/help/overdrafts-loans/open-banking-loan-repayment,monzo.com,/help/overdrafts-loans/open-banking-loan-repayment,help,True,https://monzo.com/gb-sitemap.xml,2026-08-16T18:47:09.246728+00:00
https://monzo.com/help/overdrafts-loans/overdraft-monzo-business-web,monzo.com,/help/overdrafts-loans/overdraft-monzo-business-web,help,True,https://monzo.com/gb-sitemap.xml,2026-08-16T18:47:09.246728+00:00
https://monzo.com/help/overdrafts-loans/overdrafts-credit-score,monzo.com,/help/overdrafts-loans/overdrafts-credit-score,help,True,https://monzo.com/gb-sitemap.xml,2026-08-16T18:47:09.246728+00:00
https://monzo.com/help/overdrafts-loans/overdrafts-fees,monzo.com,/help/overdrafts-loans/overdrafts-fees,help,True,https://monzo.com/gb-sitemap.xml,2026-08-16T18:47:09.246728+00:00
https://monzo.com/help/overdrafts-loans/subs-credit-tracker-problem,monzo.com,/help/overdrafts-loans/subs-credit-tracker-problem,help,True,https://monzo.com/gb-sitemap.xml,2026-08-16T18:47:09.246728+00:00
https://monzo.com/help/overdrafts-loans/switching-off-ltdoverdraft,monzo.com,/help/overdrafts-loans/switching-off-ltdoverdraft,help,True,https://monzo.com/gb-sitemap.xml,2026-08-16T18:47:09.246728+00:00
https://monzo.com/help/overdrafts-loans/switching-off-overdraft,monzo.com,/help/overdrafts-loans/switching-off-overdraft,help,True,https://monzo.com/gb-sitemap.xml,2026-08-16T18:47:09.246728+00:00
https://monzo.com/help/overdrafts-loans/turn-off-lending-offers,monzo.com,/help/overdrafts-loans/turn-off-lending-offers,help,True,https://monzo.com/gb-sitemap.xml,2026-08-16T18:47:09.246728+00:00
https://monzo.com/help/overdrafts-loans/unauthorised-overdrafts,monzo.com,/help/overdrafts-loans/unauthorised-overdrafts,help,True,https://monzo.com/gb-sitemap.xml,2026-08-16T18:47:09.246728+00:00
https://monzo.com/help/overdrafts-loans/what-credit-insights,monzo.com,/help/overdrafts-loans/what-credit-insights,help,True,https://monzo.com/gb-sitemap.xml,2026-08-16T18:47:09.246728+00:00
https://monzo.com/help/overdrafts-loans/what-is-an-overdraft,monzo.com,/help/overdrafts-loans/what-is-an-overdraft,help,True,https://monzo.com/gb-sitemap.xml,2026-08-16T18:47:09.246728+00:00
https://monzo.com/help/overdrafts-loans/why-is-monzo-on-my-credit-file,monzo.com,/help/overdrafts-loans/why-is-monzo-on-my-credit-file,help,True,https://monzo.com/gb-sitemap.xml,2026-08-16T18:47:09.246728+00:00
https://monzo.com/help/payments-getting-started,monzo.com,/help/payments-getting-started,help,True,https://monzo.com/gb-sitemap.xml,2026-08-16T18:47:09.246728+00:00
https://monzo.com/help/payments-getting-started/1-percent-euro-fee-breakdown,monzo.com,/help/payments-getting-started/1-percent-euro-fee-breakdown,help,True,https://monzo.com/gb-sitemap.xml,2026-08-16T18:47:09.246728+00:00
https://monzo.com/help/payments-getting-started/add-card-to-apple-google-pay,monzo.com,/help/payments-getting-started/add-card-to-apple-google-pay,help,True,https://monzo.com/gb-sitemap.xml,2026-08-16T18:47:09.246728+00:00
https://monzo.com/help/payments-getting-started/adding-card-to-google-pay,monzo.com,/help/payments-getting-started/adding-card-to-google-pay,help,True,https://monzo.com/gb-sitemap.xml,2026-08-16T18:47:09.246728+00:00
https://monzo.com/help/payments-getting-started/add-money-from-outside-uk,monzo.com,/help/payments-getting-started/add-money-from-outside-uk,help,True,https://monzo.com/gb-sitemap.xml,2026-08-16T18:47:09.246728+00:00
https://monzo.com/help/payments-getting-started/apple-pay-devices,monzo.com,/help/payments-getting-started/apple-pay-devices,help,True,https://monzo.com/gb-sitemap.xml,2026-08-16T18:47:09.246728+00:00
https://monzo.com/help/payments-getting-started/apple-pay-payment-limit,monzo.com,/help/payments-getting-started/apple-pay-payment-limit,help,True,https://monzo.com/gb-sitemap.xml,2026-08-16T18:47:09.246728+00:00
https://monzo.com/help/payments-getting-started/bank-holiday-delays-web,monzo.com,/help/payments-getting-started/bank-holiday-delays-web,help,True,https://monzo.com/gb-sitemap.xml,2026-08-16T18:47:09.246728+00:00
https://monzo.com/help/payments-getting-started/bb-web-create-st-order,monzo.com,/help/payments-getting-started/bb-web-create-st-order,help,True,https://monzo.com/gb-sitemap.xml,2026-08-16T18:47:09.246728+00:00
https://monzo.com/help/payments-getting-started/bb-web-edit-cancel-st-order,monzo.com,/help/payments-getting-started/bb-web-edit-cancel-st-order,help,True,https://monzo.com/gb-sitemap.xml,2026-08-16T18:47:09.246728+00:00
https://monzo.com/help/payments-getting-started/bb-web-make-payment,monzo.com,/help/payments-getting-started/bb-web-make-payment,help,True,https://monzo.com/gb-sitemap.xml,2026-08-16T18:47:09.246728+00:00
https://monzo.com/help/payments-getting-started/binance-block-why,monzo.com,/help/payments-getting-started/binance-block-why,help,True,https://monzo.com/gb-sitemap.xml,2026-08-16T18:47:09.246728+00:00
https://monzo.com/help/payments-getting-started/block-someone-on-monzo,monzo.com,/help/payments-getting-started/block-someone-on-monzo,help,True,https://monzo.com/gb-sitemap.xml,2026-08-16T18:47:09.246728+00:00
https://monzo.com/help/payments-getting-started/cancel-direct-debit,monzo.com,/help/payments-getting-started/cancel-direct-debit,help,True,https://monzo.com/gb-sitemap.xml,2026-08-16T18:47:09.246728+00:00
https://monzo.com/help/payments-getting-started/card-not-accepted-paypoint,monzo.com,/help/payments-getting-started/card-not-accepted-paypoint,help,True,https://monzo.com/gb-sitemap.xml,2026-08-16T18:47:09.246728+00:00
https://monzo.com/help/payments-getting-started/cash-deposit-how-to,monzo.com,/help/payments-getting-started/cash-deposit-how-to,help,True,https://monzo.com/gb-sitemap.xml,2026-08-16T18:47:09.246728+00:00
https://monzo.com/help/payments-getting-started/cash-deposit-limit,monzo.com,/help/payments-getting-started/cash-deposit-limit,help,True,https://monzo.com/gb-sitemap.xml,2026-08-16T18:47:09.246728+00:00
https://monzo.com/help/payments-getting-started/cash-deposit-limit-why,monzo.com,/help/payments-getting-started/cash-deposit-limit-why,help,True,https://monzo.com/gb-sitemap.xml,2026-08-16T18:47:09.246728+00:00
https://monzo.com/help/payments-getting-started/cheque-foreign-currency,monzo.com,/help/payments-getting-started/cheque-foreign-currency,help,True,https://monzo.com/gb-sitemap.xml,2026-08-16T18:47:09.246728+00:00
https://monzo.com/help/payments-getting-started/cheque-how-to-pay,monzo.com,/help/payments-getting-started/cheque-how-to-pay,help,True,https://monzo.com/gb-sitemap.xml,2026-08-16T18:47:09.246728+00:00
https://monzo.com/help/payments-getting-started/cheque-how-to-pay-web-by-app,monzo.com,/help/payments-getting-started/cheque-how-to-pay-web-by-app,help,True,https://monzo.com/gb-sitemap.xml,2026-08-16T18:47:09.246728+00:00
https://monzo.com/help/payments-getting-started/coinbase-supported,monzo.com,/help/payments-getting-started/coinbase-supported,help,True,https://monzo.com/gb-sitemap.xml,2026-08-16T18:47:09.246728+00:00
https://monzo.com/help/payments-getting-started/cop-account-doesnt-match,monzo.com,/help/payments-getting-started/cop-account-doesnt-match,help,True,https://monzo.com/gb-sitemap.xml,2026-08-16T18:47:09.246728+00:00
https://monzo.com/help/payments-getting-started/cop-cant-check-account,monzo.com,/help/payments-getting-started/cop-cant-check-account,help,True,https://monzo.com/gb-sitemap.xml,2026-08-16T18:47:09.246728+00:00
https://monzo.com/help/payments-getting-started/cop-details-dont-match,monzo.com,/help/payments-getting-started/cop-details-dont-match,help,True,https://monzo.com/gb-sitemap.xml,2026-08-16T18:47:09.246728+00:00
https://monzo.com/help/payments-getting-started/cop-no-check,monzo.com,/help/payments-getting-started/cop-no-check,help,True,https://monzo.com/gb-sitemap.xml,2026-08-16T18:47:09.246728+00:00
https://monzo.com/help/payments-getting-started/cryptocurrency-allowance,monzo.com,/help/payments-getting-started/cryptocurrency-allowance,help,True,https://monzo.com/gb-sitemap.xml,2026-08-16T18:47:09.246728+00:00
https://monzo.com/help/payments-getting-started/direct-debit-guarantee-what,monzo.com,/help/payments-getting-started/direct-debit-guarantee-what,help,True,https://monzo.com/gb-sitemap.xml,2026-08-16T18:47:09.246728+00:00
https://monzo.com/help/payments-getting-started/direct-debit-set-up,monzo.com,/help/payments-getting-started/direct-debit-set-up,help,True,https://monzo.com/gb-sitemap.xml,2026-08-16T18:47:09.246728+00:00
https://monzo.com/help/payments-getting-started/duplicate-notifications-apple-pay,monzo.com,/help/payments-getting-started/duplicate-notifications-apple-pay,help,True,https://monzo.com/gb-sitemap.xml,2026-08-16T18:47:09.246728+00:00
https://monzo.com/help/payments-getting-started/easy-bank-transfers,monzo.com,/help/payments-getting-started/easy-bank-transfers,help,True,https://monzo.com/gb-sitemap.xml,2026-08-16T18:47:09.246728+00:00
https://monzo.com/help/payments-getting-started/easy-bank-transfers-not-supported,monzo.com,/help/payments-getting-started/easy-bank-transfers-not-supported,help,True,https://monzo.com/gb-sitemap.xml,2026-08-16T18:47:09.246728+00:00
https://monzo.com/help/payments-getting-started/google-pay-activation-issues,monzo.com,/help/payments-getting-started/google-pay-activation-issues,help,True,https://monzo.com/gb-sitemap.xml,2026-08-16T18:47:09.246728+00:00
https://monzo.com/help/payments-getting-started/GooglePayFAQs,monzo.com,/help/payments-getting-started/GooglePayFAQs,help,True,https://monzo.com/gb-sitemap.xml,2026-08-16T18:47:09.246728+00:00
https://monzo.com/help/payments-getting-started/google-pay-payment-limit,monzo.com,/help/payments-getting-started/google-pay-payment-limit,help,True,https://monzo.com/gb-sitemap.xml,2026-08-16T18:47:09.246728+00:00
https://monzo.com/help/payments-getting-started/how-direct-debits-work,monzo.com,/help/payments-getting-started/how-direct-debits-work,help,True,https://monzo.com/gb-sitemap.xml,2026-08-16T18:47:09.246728+00:00
https://monzo.com/help/payments-getting-started/how-long-cheque-web,monzo.com,/help/payments-getting-started/how-long-cheque-web,help,True,https://monzo.com/gb-sitemap.xml,2026-08-16T18:47:09.246728+00:00
https://monzo.com/help/payments-getting-started/how-to-pay-someone,monzo.com,/help/payments-getting-started/how-to-pay-someone,help,True,https://monzo.com/gb-sitemap.xml,2026-08-16T18:47:09.246728+00:00
https://monzo.com/help/payments-getting-started/I_cant_withdraw_my_funds_from_FTX,monzo.com,/help/payments-getting-started/I_cant_withdraw_my_funds_from_FTX,help,True,https://monzo.com/gb-sitemap.xml,2026-08-16T18:47:09.246728+00:00
https://monzo.com/help/payments-getting-started/InboundpaymentsviaQR,monzo.com,/help/payments-getting-started/InboundpaymentsviaQR,help,True,https://monzo.com/gb-sitemap.xml,2026-08-16T18:47:09.246728+00:00
https://monzo.com/help/payments-getting-started/international-transfers-local-currency,monzo.com,/help/payments-getting-started/international-transfers-local-currency,help,True,https://monzo.com/gb-sitemap.xml,2026-08-16T18:47:09.246728+00:00
https://monzo.com/help/payments-getting-started/is-crypto-allowed,monzo.com,/help/payments-getting-started/is-crypto-allowed,help,True,https://monzo.com/gb-sitemap.xml,2026-08-16T18:47:09.246728+00:00
https://monzo.com/help/payments-getting-started/is-monzo-anti-crypto,monzo.com,/help/payments-getting-started/is-monzo-anti-crypto,help,True,https://monzo.com/gb-sitemap.xml,2026-08-16T18:47:09.246728+00:00
https://monzo.com/help/payments-getting-started/making-monzo-default-card-google-pay,monzo.com,/help/payments-getting-started/making-monzo-default-card-google-pay,help,True,https://monzo.com/gb-sitemap.xml,2026-08-16T18:47:09.246728+00:00
https://monzo.com/help/payments-getting-started/monzo-cheque-missing,monzo.com,/help/payments-getting-started/monzo-cheque-missing,help,True,https://monzo.com/gb-sitemap.xml,2026-08-16T18:47:09.246728+00:00
https://monzo.com/help/payments-getting-started/monzo-crypto-friendly,monzo.com,/help/payments-getting-started/monzo-crypto-friendly,help,True,https://monzo.com/gb-sitemap.xml,2026-08-16T18:47:09.246728+00:00
https://monzo.com/help/payments-getting-started/monzo-default-apple-pay-card,monzo.com,/help/payments-getting-started/monzo-default-apple-pay-card,help,True,https://monzo.com/gb-sitemap.xml,2026-08-16T18:47:09.246728+00:00
https://monzo.com/help/payments-getting-started/monzo-iban,monzo.com,/help/payments-getting-started/monzo-iban,help,True,https://monzo.com/gb-sitemap.xml,2026-08-16T18:47:09.246728+00:00
https://monzo.com/help/payments-getting-started/monzo-me-how-to,monzo.com,/help/payments-getting-started/monzo-me-how-to,help,True,https://monzo.com/gb-sitemap.xml,2026-08-16T18:47:09.246728+00:00
https://monzo.com/help/payments-getting-started/moving-salary-to-monzo,monzo.com,/help/payments-getting-started/moving-salary-to-monzo,help,True,https://monzo.com/gb-sitemap.xml,2026-08-16T18:47:09.246728+00:00
https://monzo.com/help/payments-getting-started/nearby-friends-help,monzo.com,/help/payments-getting-started/nearby-friends-help,help,True,https://monzo.com/gb-sitemap.xml,2026-08-16T18:47:09.246728+00:00
https://monzo.com/help/payments-getting-started/paid-early-how-to,monzo.com,/help/payments-getting-started/paid-early-how-to,help,True,https://monzo.com/gb-sitemap.xml,2026-08-16T18:47:09.246728+00:00
https://monzo.com/help/payments-getting-started/payments-to-express-remit-not-available,monzo.com,/help/payments-getting-started/payments-to-express-remit-not-available,help,True,https://monzo.com/gb-sitemap.xml,2026-08-16T18:47:09.246728+00:00
https://monzo.com/help/payments-getting-started/payments-to-trade-excel-not-available,monzo.com,/help/payments-getting-started/payments-to-trade-excel-not-available,help,True,https://monzo.com/gb-sitemap.xml,2026-08-16T18:47:09.246728+00:00
https://monzo.com/help/payments-getting-started/paypoint-fee-why,monzo.com,/help/payments-getting-started/paypoint-fee-why,help,True,https://monzo.com/gb-sitemap.xml,2026-08-16T18:47:09.246728+00:00
https://monzo.com/help/payments-getting-started/pay-with-monzo-cheque,monzo.com,/help/payments-getting-started/pay-with-monzo-cheque,help,True,https://monzo.com/gb-sitemap.xml,2026-08-16T18:47:09.246728+00:00
https://monzo.com/help/payments-getting-started/remove-monzo-card-from-apple-pay,monzo.com,/help/payments-getting-started/remove-monzo-card-from-apple-pay,help,True,https://monzo.com/gb-sitemap.xml,2026-08-16T18:47:09.246728+00:00
https://monzo.com/help/payments-getting-started/samsung-pay,monzo.com,/help/payments-getting-started/samsung-pay,help,True,https://monzo.com/gb-sitemap.xml,2026-08-16T18:47:09.246728+00:00
https://monzo.com/help/payments-getting-started/sending-money-monzo-to-monzo,monzo.com,/help/payments-getting-started/sending-money-monzo-to-monzo,help,True,https://monzo.com/gb-sitemap.xml,2026-08-16T18:47:09.246728+00:00
https://monzo.com/help/payments-getting-started/SplitandPaytheMonzowaywithSharedTabs,monzo.com,/help/payments-getting-started/SplitandPaytheMonzowaywithSharedTabs,help,True,https://monzo.com/gb-sitemap.xml,2026-08-16T18:47:09.246728+00:00
https://monzo.com/help/payments-getting-started/split-bill,monzo.com,/help/payments-getting-started/split-bill,help,True,https://monzo.com/gb-sitemap.xml,2026-08-16T18:47:09.246728+00:00
https://monzo.com/help/payments-getting-started/split-costs-with-pals-web,monzo.com,/help/payments-getting-started/split-costs-with-pals-web,help,True,https://monzo.com/gb-sitemap.xml,2026-08-16T18:47:09.246728+00:00
https://monzo.com/help/payments-getting-started/standing-order-cancel,monzo.com,/help/payments-getting-started/standing-order-cancel,help,True,https://monzo.com/gb-sitemap.xml,2026-08-16T18:47:09.246728+00:00
https://monzo.com/help/payments-getting-started/standing-order-set-up,monzo.com,/help/payments-getting-started/standing-order-set-up,help,True,https://monzo.com/gb-sitemap.xml,2026-08-16T18:47:09.246728+00:00
https://monzo.com/help/payments-getting-started/unsupported-currencies,monzo.com,/help/payments-getting-started/unsupported-currencies,help,True,https://monzo.com/gb-sitemap.xml,2026-08-16T18:47:09.246728+00:00
https://monzo.com/help/payments-getting-started/using-google-pay-card-frozen,monzo.com,/help/payments-getting-started/using-google-pay-card-frozen,help,True,https://monzo.com/gb-sitemap.xml,2026-08-16T18:47:09.246728+00:00
https://monzo.com/help/payments-getting-started/web-low-balance,monzo.com,/help/payments-getting-started/web-low-balance,help,True,https://monzo.com/gb-sitemap.xml,2026-08-16T18:47:09.246728+00:00
https://monzo.com/help/payments-getting-started/what-nearby-friends,monzo.com,/help/payments-getting-started/what-nearby-friends,help,True,https://monzo.com/gb-sitemap.xml,2026-08-16T18:47:09.246728+00:00
https://monzo.com/help/payments-paying-monzobusiness,monzo.com,/help/payments-paying-monzobusiness,help,True,https://monzo.com/gb-sitemap.xml,2026-08-16T18:47:09.246728+00:00
https://monzo.com/help/payments-paying-monzobusiness/paying-business-email,monzo.com,/help/payments-paying-monzobusiness/paying-business-email,help,True,https://monzo.com/gb-sitemap.xml,2026-08-16T18:47:09.246728+00:00
https://monzo.com/help/payments-paying-monzobusiness/paying-business-fees,monzo.com,/help/payments-paying-monzobusiness/paying-business-fees,help,True,https://monzo.com/gb-sitemap.xml,2026-08-16T18:47:09.246728+00:00
https://monzo.com/help/payments-paying-monzobusiness/paying-business-no-account,monzo.com,/help/payments-paying-monzobusiness/paying-business-no-account,help,True,https://monzo.com/gb-sitemap.xml,2026-08-16T18:47:09.246728+00:00
https://monzo.com/help/payments-paying-monzobusiness/paying-business-paymentlinks,monzo.com,/help/payments-paying-monzobusiness/paying-business-paymentlinks,help,True,https://monzo.com/gb-sitemap.xml,2026-08-16T18:47:09.246728+00:00
https://monzo.com/help/payments-paying-monzobusiness/paying-business-paynow,monzo.com,/help/payments-paying-monzobusiness/paying-business-paynow,help,True,https://monzo.com/gb-sitemap.xml,2026-08-16T18:47:09.246728+00:00
https://monzo.com/help/payments-paying-monzobusiness/paying-business-protection,monzo.com,/help/payments-paying-monzobusiness/paying-business-protection,help,True,https://monzo.com/gb-sitemap.xml,2026-08-16T18:47:09.246728+00:00
https://monzo.com/help/payments-paying-monzobusiness/paying-business-receipt,monzo.com,/help/payments-paying-monzobusiness/paying-business-receipt,help,True,https://monzo.com/gb-sitemap.xml,2026-08-16T18:47:09.246728+00:00
https://monzo.com/help/payments-paying-monzobusiness/paying-easy-bank-transfer,monzo.com,/help/payments-paying-monzobusiness/paying-easy-bank-transfer,help,True,https://monzo.com/gb-sitemap.xml,2026-08-16T18:47:09.246728+00:00
https://monzo.com/help/payments-troubleshooting,monzo.com,/help/payments-troubleshooting,help,True,https://monzo.com/gb-sitemap.xml,2026-08-16T18:47:09.246728+00:00
https://monzo.com/help/payments-troubleshooting/3ds-fail-online-payment,monzo.com,/help/payments-troubleshooting/3ds-fail-online-payment,help,True,https://monzo.com/gb-sitemap.xml,2026-08-16T18:47:09.246728+00:00
https://monzo.com/help/payments-troubleshooting/active-card-check-what,monzo.com,/help/payments-troubleshooting/active-card-check-what,help,True,https://monzo.com/gb-sitemap.xml,2026-08-16T18:47:09.246728+00:00
https://monzo.com/help/payments-troubleshooting/card-payment-declined-still-been-charged,monzo.com,/help/payments-troubleshooting/card-payment-declined-still-been-charged,help,True,https://monzo.com/gb-sitemap.xml,2026-08-16T18:47:09.246728+00:00
https://monzo.com/help/payments-troubleshooting/chargebacks-current-account,monzo.com,/help/payments-troubleshooting/chargebacks-current-account,help,True,https://monzo.com/gb-sitemap.xml,2026-08-16T18:47:09.246728+00:00
https://monzo.com/help/payments-troubleshooting/direct-debit-failed,monzo.com,/help/payments-troubleshooting/direct-debit-failed,help,True,https://monzo.com/gb-sitemap.xml,2026-08-16T18:47:09.246728+00:00
https://monzo.com/help/payments-troubleshooting/dispute-process-explainer,monzo.com,/help/payments-troubleshooting/dispute-process-explainer,help,True,https://monzo.com/gb-sitemap.xml,2026-08-16T18:47:09.246728+00:00
https://monzo.com/help/payments-troubleshooting/frozen-card-payment,monzo.com,/help/payments-troubleshooting/frozen-card-payment,help,True,https://monzo.com/gb-sitemap.xml,2026-08-16T18:47:09.246728+00:00
https://monzo.com/help/payments-troubleshooting/hsbc-bank-transfer,monzo.com,/help/payments-troubleshooting/hsbc-bank-transfer,help,True,https://monzo.com/gb-sitemap.xml,2026-08-16T18:47:09.246728+00:00
https://monzo.com/help/payments-troubleshooting/monzo-card-blocked,monzo.com,/help/payments-troubleshooting/monzo-card-blocked,help,True,https://monzo.com/gb-sitemap.xml,2026-08-16T18:47:09.246728+00:00
https://monzo.com/help/payments-troubleshooting/nearby-friends-help,monzo.com,/help/payments-troubleshooting/nearby-friends-help,help,True,https://monzo.com/gb-sitemap.xml,2026-08-16T18:47:09.246728+00:00
https://monzo.com/help/payments-troubleshooting/offline-payments,monzo.com,/help/payments-troubleshooting/offline-payments,help,True,https://monzo.com/gb-sitemap.xml,2026-08-16T18:47:09.246728+00:00
https://monzo.com/help/payments-troubleshooting/pending-payment,monzo.com,/help/payments-troubleshooting/pending-payment,help,True,https://monzo.com/gb-sitemap.xml,2026-08-16T18:47:09.246728+00:00
https://monzo.com/help/payments-troubleshooting/refund-how-long,monzo.com,/help/payments-troubleshooting/refund-how-long,help,True,https://monzo.com/gb-sitemap.xml,2026-08-16T18:47:09.246728+00:00
https://monzo.com/help/payments-troubleshooting/section-75-protection,monzo.com,/help/payments-troubleshooting/section-75-protection,help,True,https://monzo.com/gb-sitemap.xml,2026-08-16T18:47:09.246728+00:00
https://monzo.com/help/payments-troubleshooting/standing-order-failed,monzo.com,/help/payments-troubleshooting/standing-order-failed,help,True,https://monzo.com/gb-sitemap.xml,2026-08-16T18:47:09.246728+00:00
https://monzo.com/help/payments-troubleshooting/transfer-not-arrived,monzo.com,/help/payments-troubleshooting/transfer-not-arrived,help,True,https://monzo.com/gb-sitemap.xml,2026-08-16T18:47:09.246728+00:00
https://monzo.com/help/payments-troubleshooting/unrecognised-payment-web,monzo.com,/help/payments-troubleshooting/unrecognised-payment-web,help,True,https://monzo.com/gb-sitemap.xml,2026-08-16T18:47:09.246728+00:00
https://monzo.com/help/payments-troubleshooting/why-are-my-contactless-card-payments-being-declined,monzo.com,/help/payments-troubleshooting/why-are-my-contactless-card-payments-being-declined,help,True,https://monzo.com/gb-sitemap.xml,2026-08-16T18:47:09.246728+00:00
https://monzo.com/help/service-quality-results,monzo.com,/help/service-quality-results,help,True,https://monzo.com/gb-sitemap.xml,2026-08-16T18:47:09.246728+00:00
https://monzo.com/help/service-quality-results/service-quality-results,monzo.com,/help/service-quality-results/service-quality-results,help,True,https://monzo.com/gb-sitemap.xml,2026-08-16T18:47:09.246728+00:00
https://monzo.com/help/switching-to-monzo,monzo.com,/help/switching-to-monzo,help,True,https://monzo.com/gb-sitemap.xml,2026-08-16T18:47:09.246728+00:00
https://monzo.com/help/switching-to-monzo/cass-cancel-how-to,monzo.com,/help/switching-to-monzo/cass-cancel-how-to,help,True,https://monzo.com/gb-sitemap.xml,2026-08-16T18:47:09.246728+00:00
https://monzo.com/help/switching-to-monzo/cass-full-switch-what,monzo.com,/help/switching-to-monzo/cass-full-switch-what,help,True,https://monzo.com/gb-sitemap.xml,2026-08-16T18:47:09.246728+00:00
https://monzo.com/help/switching-to-monzo/cass-status-update,monzo.com,/help/switching-to-monzo/cass-status-update,help,True,https://monzo.com/gb-sitemap.xml,2026-08-16T18:47:09.246728+00:00
https://monzo.com/help/switching-to-monzo/cass-what,monzo.com,/help/switching-to-monzo/cass-what,help,True,https://monzo.com/gb-sitemap.xml,2026-08-16T18:47:09.246728+00:00
https://monzo.com/help/switching-to-monzo/overdraft-cass,monzo.com,/help/switching-to-monzo/overdraft-cass,help,True,https://monzo.com/gb-sitemap.xml,2026-08-16T18:47:09.246728+00:00
https://monzo.com/help/switching-to-monzo/reasons-to-switch,monzo.com,/help/switching-to-monzo/reasons-to-switch,help,True,https://monzo.com/gb-sitemap.xml,2026-08-16T18:47:09.246728+00:00
https://monzo.com/help/travelling,monzo.com,/help/travelling,help,True,https://monzo.com/gb-sitemap.xml,2026-08-16T18:47:09.246728+00:00
https://monzo.com/help/travelling/fees-abroad,monzo.com,/help/travelling/fees-abroad,help,True,https://monzo.com/gb-sitemap.xml,2026-08-16T18:47:09.246728+00:00
https://monzo.com/help/travelling/monzo-card-accepted-everywhere,monzo.com,/help/travelling/monzo-card-accepted-everywhere,help,True,https://monzo.com/gb-sitemap.xml,2026-08-16T18:47:09.246728+00:00
https://monzo.com/help/travelling/reasons-travel-is-better-with-monzo,monzo.com,/help/travelling/reasons-travel-is-better-with-monzo,help,True,https://monzo.com/gb-sitemap.xml,2026-08-16T18:47:09.246728+00:00
https://monzo.com/help/travelling/reasons-travel-is-better-with-monzo-app,monzo.com,/help/travelling/reasons-travel-is-better-with-monzo-app,help,True,https://monzo.com/gb-sitemap.xml,2026-08-16T18:47:09.246728+00:00
https://monzo.com/help/travelling/Tipping-in-the-USA,monzo.com,/help/travelling/Tipping-in-the-USA,help,True,https://monzo.com/gb-sitemap.xml,2026-08-16T18:47:09.246728+00:00
https://monzo.com/help/travelling/understanding-fees,monzo.com,/help/travelling/understanding-fees,help,True,https://monzo.com/gb-sitemap.xml,2026-08-16T18:47:09.246728+00:00
https://monzo.com/help/travelling/web-my-limits,monzo.com,/help/travelling/web-my-limits,help,True,https://monzo.com/gb-sitemap.xml,2026-08-16T18:47:09.246728+00:00
https://monzo.com/help/web-logging-in-to-the-app,monzo.com,/help/web-logging-in-to-the-app,help,True,https://monzo.com/gb-sitemap.xml,2026-08-16T18:47:09.246728+00:00
https://monzo.com/help/web-logging-in-to-the-app/web-locked-out-app,monzo.com,/help/web-logging-in-to-the-app/web-locked-out-app,help,True,https://monzo.com/gb-sitemap.xml,2026-08-16T18:47:09.246728+00:00
https://monzo.com/help/web-logging-in-to-the-app/web-loggin-error-message,monzo.com,/help/web-logging-in-to-the-app/web-loggin-error-message,help,True,https://monzo.com/gb-sitemap.xml,2026-08-16T18:47:09.246728+00:00
https://monzo.com/help/web-logging-in-to-the-app/web-login-email-not-working,monzo.com,/help/web-logging-in-to-the-app/web-login-email-not-working,help,True,https://monzo.com/gb-sitemap.xml,2026-08-16T18:47:09.246728+00:00
https://monzo.com/help/web-logging-in-to-the-app/web-login-icloud-issue,monzo.com,/help/web-logging-in-to-the-app/web-login-icloud-issue,help,True,https://monzo.com/gb-sitemap.xml,2026-08-16T18:47:09.246728+00:00
https://monzo.com/help/web-logging-in-to-the-app/web-remember-email-login-monzo,monzo.com,/help/web-logging-in-to-the-app/web-remember-email-login-monzo,help,True,https://monzo.com/gb-sitemap.xml,2026-08-16T18:47:09.246728+00:00
https://monzo.com/help/your-needs,monzo.com,/help/your-needs,help,True,https://monzo.com/gb-sitemap.xml,2026-08-16T18:47:09.246728+00:00
https://monzo.com/help/your-needs/accessibility-support,monzo.com,/help/your-needs/accessibility-support,help,True,https://monzo.com/gb-sitemap.xml,2026-08-16T18:47:09.246728+00:00
https://monzo.com/help/your-needs/adhd-support,monzo.com,/help/your-needs/adhd-support,help,True,https://monzo.com/gb-sitemap.xml,2026-08-16T18:47:09.246728+00:00
https://monzo.com/help/your-needs/BALANCE-TRANSFER-WHEN-A-MONZO-ACCOUNT-HOLDER-PASSES-AWAY,monzo.com,/help/your-needs/BALANCE-TRANSFER-WHEN-A-MONZO-ACCOUNT-HOLDER-PASSES-AWAY,help,True,https://monzo.com/gb-sitemap.xml,2026-08-16T18:47:09.246728+00:00
https://monzo.com/help/your-needs/domestic-financial-abuse,monzo.com,/help/your-needs/domestic-financial-abuse,help,True,https://monzo.com/gb-sitemap.xml,2026-08-16T18:47:09.246728+00:00
https://monzo.com/help/your-needs/experian-support-hub-web,monzo.com,/help/your-needs/experian-support-hub-web,help,True,https://monzo.com/gb-sitemap.xml,2026-08-16T18:47:09.246728+00:00
https://monzo.com/help/your-needs/gambling-support,monzo.com,/help/your-needs/gambling-support,help,True,https://monzo.com/gb-sitemap.xml,2026-08-16T18:47:09.246728+00:00
https://monzo.com/help/your-needs/illness-support,monzo.com,/help/your-needs/illness-support,help,True,https://monzo.com/gb-sitemap.xml,2026-08-16T18:47:09.246728+00:00
https://monzo.com/help/your-needs/mental-health-support,monzo.com,/help/your-needs/mental-health-support,help,True,https://monzo.com/gb-sitemap.xml,2026-08-16T18:47:09.246728+00:00
https://monzo.com/help/your-needs/SUPPORT-WHEN-A-MONZO-ACCOUNT-HOLDER-PASSES-AWAY,monzo.com,/help/your-needs/SUPPORT-WHEN-A-MONZO-ACCOUNT-HOLDER-PASSES-AWAY,help,True,https://monzo.com/gb-sitemap.xml,2026-08-16T18:47:09.246728+00:00
https://monzo.com/help/your-needs/unexpected-life-events,monzo.com,/help/your-needs/unexpected-life-events,help,True,https://monzo.com/gb-sitemap.xml,2026-08-16T18:47:09.246728+00:00
https://monzo.com/helping-everyone-belong-at-monzo,monzo.com,/helping-everyone-belong-at-monzo,other,False,https://monzo.com/gb-sitemap.xml,2026-08-16T18:47:09.246728+00:00
https://monzo.com/home-insurance,monzo.com,/home-insurance,other,False,https://monzo.com/gb-sitemap.xml,2026-08-16T18:47:09.246728+00:00
https://monzo.com/information-about-business-current-account-services,monzo.com,/information-about-business-current-account-services,other,False,https://monzo.com/gb-sitemap.xml,2026-08-16T18:47:09.246728+00:00
https://monzo.com/information-about-current-account-services,monzo.com,/information-about-current-account-services,other,False,https://monzo.com/gb-sitemap.xml,2026-08-16T18:47:09.246728+00:00
https://monzo.com/internal-product,monzo.com,/internal-product,other,False,https://monzo.com/gb-sitemap.xml,2026-08-16T18:47:09.246728+00:00
https://monzo.com/invest,monzo.com,/invest,other,False,https://monzo.com/gb-sitemap.xml,2026-08-16T18:47:09.246728+00:00
https://monzo.com/invest/prospectus,monzo.com,/invest/prospectus,other,False,https://monzo.com/gb-sitemap.xml,2026-08-16T18:47:09.246728+00:00
https://monzo.com/investments,monzo.com,/investments,product,True,https://monzo.com/gb-sitemap.xml,2026-08-16T18:47:09.246728+00:00
https://monzo.com/investor-information,monzo.com,/investor-information,other,False,https://monzo.com/gb-sitemap.xml,2026-08-16T18:47:09.246728+00:00
https://monzo.com/investor-information/internal-audit-charter,monzo.com,/investor-information/internal-audit-charter,other,False,https://monzo.com/gb-sitemap.xml,2026-08-16T18:47:09.246728+00:00
https://monzo.com/invoice-generator,monzo.com,/invoice-generator,other,False,https://monzo.com/gb-sitemap.xml,2026-08-16T18:47:09.246728+00:00
https://monzo.com/joint-accountability,monzo.com,/joint-accountability,other,False,https://monzo.com/gb-sitemap.xml,2026-08-16T18:47:09.246728+00:00
https://monzo.com/learn/money-abroad,monzo.com,/learn/money-abroad,other,False,https://monzo.com/gb-sitemap.xml,2026-08-16T18:47:09.246728+00:00
https://monzo.com/learn/money-abroad/how-to-save-for-a-holiday,monzo.com,/learn/money-abroad/how-to-save-for-a-holiday,other,False,https://monzo.com/gb-sitemap.xml,2026-08-16T18:47:09.246728+00:00
https://monzo.com/learn/money-abroad/most-asked-travel-questions,monzo.com,/learn/money-abroad/most-asked-travel-questions,other,False,https://monzo.com/gb-sitemap.xml,2026-08-16T18:47:09.246728+00:00
https://monzo.com/learn/money-abroad/spontaneity-fund-travel-saving-tips,monzo.com,/learn/money-abroad/spontaneity-fund-travel-saving-tips,other,False,https://monzo.com/gb-sitemap.xml,2026-08-16T18:47:09.246728+00:00
https://monzo.com/learn/money-abroad/things-to-know-pre-and-post-trip,monzo.com,/learn/money-abroad/things-to-know-pre-and-post-trip,other,False,https://monzo.com/gb-sitemap.xml,2026-08-16T18:47:09.246728+00:00
https://monzo.com/learn/money-abroad/using-your-debit-card-abroad,monzo.com,/learn/money-abroad/using-your-debit-card-abroad,other,False,https://monzo.com/gb-sitemap.xml,2026-08-16T18:47:09.246728+00:00
https://monzo.com/learn/money-today/50-30-20-budget-rule,monzo.com,/learn/money-today/50-30-20-budget-rule,other,False,https://monzo.com/gb-sitemap.xml,2026-08-16T18:47:09.246728+00:00
https://monzo.com/learn/money-today/emergency-fund,monzo.com,/learn/money-today/emergency-fund,other,False,https://monzo.com/gb-sitemap.xml,2026-08-16T18:47:09.246728+00:00
https://monzo.com/learn/money-today/how-to-budget,monzo.com,/learn/money-today/how-to-budget,other,False,https://monzo.com/gb-sitemap.xml,2026-08-16T18:47:09.246728+00:00
https://monzo.com/learn/money-today/whats-piggy-banking-budgeting,monzo.com,/learn/money-today/whats-piggy-banking-budgeting,other,False,https://monzo.com/gb-sitemap.xml,2026-08-16T18:47:09.246728+00:00
https://monzo.com/learn/money-tomorrow,monzo.com,/learn/money-tomorrow,other,False,https://monzo.com/gb-sitemap.xml,2026-08-16T18:47:09.246728+00:00
https://monzo.com/learn/money-tomorrow/are-you-ready-to-become-an-investor,monzo.com,/learn/money-tomorrow/are-you-ready-to-become-an-investor,other,False,https://monzo.com/gb-sitemap.xml,2026-08-16T18:47:09.246728+00:00
https://monzo.com/learn/money-tomorrow/best-place-to-put-savings,monzo.com,/learn/money-tomorrow/best-place-to-put-savings,other,False,https://monzo.com/gb-sitemap.xml,2026-08-16T18:47:09.246728+00:00
https://monzo.com/learn/money-tomorrow/different-types-of-isa,monzo.com,/learn/money-tomorrow/different-types-of-isa,other,False,https://monzo.com/gb-sitemap.xml,2026-08-16T18:47:09.246728+00:00
https://monzo.com/learn/money-tomorrow/investing-101-beginners-guide,monzo.com,/learn/money-tomorrow/investing-101-beginners-guide,other,False,https://monzo.com/gb-sitemap.xml,2026-08-16T18:47:09.246728+00:00
https://monzo.com/learn/money-tomorrow/isas-explained,monzo.com,/learn/money-tomorrow/isas-explained,other,False,https://monzo.com/gb-sitemap.xml,2026-08-16T18:47:09.246728+00:00
https://monzo.com/learn/money-tomorrow/what-is-a-cash-isa,monzo.com,/learn/money-tomorrow/what-is-a-cash-isa,other,False,https://monzo.com/gb-sitemap.xml,2026-08-16T18:47:09.246728+00:00
https://monzo.com/learn/money-tomorrow/what-is-a-junior-isa,monzo.com,/learn/money-tomorrow/what-is-a-junior-isa,other,False,https://monzo.com/gb-sitemap.xml,2026-08-16T18:47:09.246728+00:00
https://monzo.com/learn/money-tomorrow/what-is-a-lifetime-isa,monzo.com,/learn/money-tomorrow/what-is-a-lifetime-isa,other,False,https://monzo.com/gb-sitemap.xml,2026-08-16T18:47:09.246728+00:00
https://monzo.com/learn/money-tomorrow/what-is-a-savings-account,monzo.com,/learn/money-tomorrow/what-is-a-savings-account,other,False,https://monzo.com/gb-sitemap.xml,2026-08-16T18:47:09.246728+00:00
https://monzo.com/learn/money-tomorrow/what-is-a-stocks-and-shares-isa,monzo.com,/learn/money-tomorrow/what-is-a-stocks-and-shares-isa,other,False,https://monzo.com/gb-sitemap.xml,2026-08-16T18:47:09.246728+00:00
https://monzo.com/learn/money-safety/gig-tickets-scam,monzo.com,/learn/money-safety/gig-tickets-scam,other,False,https://monzo.com/gb-sitemap.xml,2026-08-16T18:47:09.246728+00:00
https://monzo.com/legal/business-account-decisions-using-open-banking/terms-and-conditions,monzo.com,/legal/business-account-decisions-using-open-banking/terms-and-conditions,business,True,https://monzo.com/gb-sitemap.xml,2026-08-16T18:47:09.246728+00:00
https://monzo.com/legal/credit-insights-terms-and-conditions,monzo.com,/legal/credit-insights-terms-and-conditions,legal,True,https://monzo.com/gb-sitemap.xml,2026-08-16T18:47:09.246728+00:00
https://monzo.com/legal/decisions-using-open-banking/terms-and-conditions,monzo.com,/legal/decisions-using-open-banking/terms-and-conditions,legal,True,https://monzo.com/gb-sitemap.xml,2026-08-16T18:47:09.246728+00:00
https://monzo.com/legal/extra/terms-and-conditions,monzo.com,/legal/extra/terms-and-conditions,legal,True,https://monzo.com/gb-sitemap.xml,2026-08-16T18:47:09.246728+00:00
https://monzo.com/legal/max/terms-and-conditions,monzo.com,/legal/max/terms-and-conditions,legal,True,https://monzo.com/gb-sitemap.xml,2026-08-16T18:47:09.246728+00:00
https://monzo.com/legal/perks/terms-and-conditions,monzo.com,/legal/perks/terms-and-conditions,legal,True,https://monzo.com/gb-sitemap.xml,2026-08-16T18:47:09.246728+00:00
https://monzo.com/legal/plans/connected-banks-terms-and-conditions,monzo.com,/legal/plans/connected-banks-terms-and-conditions,legal,True,https://monzo.com/gb-sitemap.xml,2026-08-16T18:47:09.246728+00:00
https://monzo.com/legal/plans/credit-insights-terms-and-conditions,monzo.com,/legal/plans/credit-insights-terms-and-conditions,legal,True,https://monzo.com/gb-sitemap.xml,2026-08-16T18:47:09.246728+00:00
https://monzo.com/legal/plans/fee-information,monzo.com,/legal/plans/fee-information,legal,True,https://monzo.com/gb-sitemap.xml,2026-08-16T18:47:09.246728+00:00
https://monzo.com/legal/plus/credit-tracker-terms-and-conditions,monzo.com,/legal/plus/credit-tracker-terms-and-conditions,legal,True,https://monzo.com/gb-sitemap.xml,2026-08-16T18:47:09.246728+00:00
https://monzo.com/legal/plus/fee-information,monzo.com,/legal/plus/fee-information,legal,True,https://monzo.com/gb-sitemap.xml,2026-08-16T18:47:09.246728+00:00
https://monzo.com/legal/plus/savings-summary,monzo.com,/legal/plus/savings-summary,legal,True,https://monzo.com/gb-sitemap.xml,2026-08-16T18:47:09.246728+00:00
https://monzo.com/legal/plus/terms-and-conditions,monzo.com,/legal/plus/terms-and-conditions,legal,True,https://monzo.com/gb-sitemap.xml,2026-08-16T18:47:09.246728+00:00
https://monzo.com/legal/premium/fee-information,monzo.com,/legal/premium/fee-information,legal,True,https://monzo.com/gb-sitemap.xml,2026-08-16T18:47:09.246728+00:00
https://monzo.com/legal/premium/savings-summary,monzo.com,/legal/premium/savings-summary,legal,True,https://monzo.com/gb-sitemap.xml,2026-08-16T18:47:09.246728+00:00
https://monzo.com/legal/premium/terms-and-conditions,monzo.com,/legal/premium/terms-and-conditions,legal,True,https://monzo.com/gb-sitemap.xml,2026-08-16T18:47:09.246728+00:00
https://monzo.com/legal/tax-strategy,monzo.com,/legal/tax-strategy,legal,False,https://monzo.com/gb-sitemap.xml,2026-08-16T18:47:09.246728+00:00
https://monzo.com/legal/under-16s/privacy-notice,monzo.com,/legal/under-16s/privacy-notice,legal,False,https://monzo.com/gb-sitemap.xml,2026-08-16T18:47:09.246728+00:00
https://monzo.com/legal/under-16s/terms-and-conditions,monzo.com,/legal/under-16s/terms-and-conditions,legal,True,https://monzo.com/gb-sitemap.xml,2026-08-16T18:47:09.246728+00:00
https://monzo.com/loans,monzo.com,/loans,product,True,https://monzo.com/gb-sitemap.xml,2026-08-16T18:47:09.246728+00:00
https://monzo.com/loans/3000,monzo.com,/loans/3000,product,True,https://monzo.com/gb-sitemap.xml,2026-08-16T18:47:09.246728+00:00
https://monzo.com/loans/5000,monzo.com,/loans/5000,product,True,https://monzo.com/gb-sitemap.xml,2026-08-16T18:47:09.246728+00:00
https://monzo.com/loans/car-loans,monzo.com,/loans/car-loans,product,True,https://monzo.com/gb-sitemap.xml,2026-08-16T18:47:09.246728+00:00
https://monzo.com/loans/home-improvement-loans,monzo.com,/loans/home-improvement-loans,product,True,https://monzo.com/gb-sitemap.xml,2026-08-16T18:47:09.246728+00:00
https://monzo.com/loans/personal-loan-calculator,monzo.com,/loans/personal-loan-calculator,product,True,https://monzo.com/gb-sitemap.xml,2026-08-16T18:47:09.246728+00:00
https://monzo.com/loans-desktop,monzo.com,/loans-desktop,product,True,https://monzo.com/gb-sitemap.xml,2026-08-16T18:47:09.246728+00:00
https://monzo.com/meet-our-board,monzo.com,/meet-our-board,other,False,https://monzo.com/gb-sitemap.xml,2026-08-16T18:47:09.246728+00:00
https://monzo.com/meet-our-executive-team,monzo.com,/meet-our-executive-team,other,False,https://monzo.com/gb-sitemap.xml,2026-08-16T18:47:09.246728+00:00
https://monzo.com/modern-slavery-statements,monzo.com,/modern-slavery-statements,other,False,https://monzo.com/gb-sitemap.xml,2026-08-16T18:47:09.246728+00:00
https://monzo.com/money-worries,monzo.com,/money-worries,other,False,https://monzo.com/gb-sitemap.xml,2026-08-16T18:47:09.246728+00:00
https://monzo.com/our-business-practices,monzo.com,/our-business-practices,other,False,https://monzo.com/gb-sitemap.xml,2026-08-16T18:47:09.246728+00:00
https://monzo.com/our-social-programme,monzo.com,/our-social-programme,other,False,https://monzo.com/gb-sitemap.xml,2026-08-16T18:47:09.246728+00:00
https://monzo.com/overdraft-calculator,monzo.com,/overdraft-calculator,product,True,https://monzo.com/gb-sitemap.xml,2026-08-16T18:47:09.246728+00:00
https://monzo.com/overdrafts,monzo.com,/overdrafts,product,True,https://monzo.com/gb-sitemap.xml,2026-08-16T18:47:09.246728+00:00
https://monzo.com/pay-a-monzo-business,monzo.com,/pay-a-monzo-business,other,False,https://monzo.com/gb-sitemap.xml,2026-08-16T18:47:09.246728+00:00
https://monzo.com/pensions,monzo.com,/pensions,other,False,https://monzo.com/gb-sitemap.xml,2026-08-16T18:47:09.246728+00:00
https://monzo.com/pots,monzo.com,/pots,product,True,https://monzo.com/gb-sitemap.xml,2026-08-16T18:47:09.246728+00:00
https://monzo.com/press,monzo.com,/press,other,False,https://monzo.com/gb-sitemap.xml,2026-08-16T18:47:09.246728+00:00
https://monzo.com/protecting-the-environment,monzo.com,/protecting-the-environment,other,False,https://monzo.com/gb-sitemap.xml,2026-08-16T18:47:09.246728+00:00
https://monzo.com/protecting-the-environment/carbon-removals,monzo.com,/protecting-the-environment/carbon-removals,other,False,https://monzo.com/gb-sitemap.xml,2026-08-16T18:47:09.246728+00:00
https://monzo.com/refer-a-friend,monzo.com,/refer-a-friend,other,False,https://monzo.com/gb-sitemap.xml,2026-08-16T18:47:09.246728+00:00
https://monzo.com/salary-sorter,monzo.com,/salary-sorter,other,False,https://monzo.com/gb-sitemap.xml,2026-08-16T18:47:09.246728+00:00
https://monzo.com/savings-isas,monzo.com,/savings-isas,product,True,https://monzo.com/gb-sitemap.xml,2026-08-16T18:47:09.246728+00:00
https://monzo.com/savings-isas/instant-access,monzo.com,/savings-isas/instant-access,product,True,https://monzo.com/gb-sitemap.xml,2026-08-16T18:47:09.246728+00:00
https://monzo.com/savings-isas/under-16s-instant-access,monzo.com,/savings-isas/under-16s-instant-access,product,True,https://monzo.com/gb-sitemap.xml,2026-08-16T18:47:09.246728+00:00
https://monzo.com/security,monzo.com,/security,security,True,https://monzo.com/gb-sitemap.xml,2026-08-16T18:47:09.246728+00:00
https://monzo.com/service-information,monzo.com,/service-information,other,False,https://monzo.com/gb-sitemap.xml,2026-08-16T18:47:09.246728+00:00
https://monzo.com/service-quality-results,monzo.com,/service-quality-results,other,False,https://monzo.com/gb-sitemap.xml,2026-08-16T18:47:09.246728+00:00
https://monzo.com/share-with-us,monzo.com,/share-with-us,other,False,https://monzo.com/gb-sitemap.xml,2026-08-16T18:47:09.246728+00:00
https://monzo.com/student/manchester-student-gameshow,monzo.com,/student/manchester-student-gameshow,other,False,https://monzo.com/gb-sitemap.xml,2026-08-16T18:47:09.246728+00:00
https://monzo.com/supporting-all-our-customers,monzo.com,/supporting-all-our-customers,other,False,https://monzo.com/gb-sitemap.xml,2026-08-16T18:47:09.246728+00:00
https://monzo.com/supporting-customers,monzo.com,/supporting-customers,other,False,https://monzo.com/gb-sitemap.xml,2026-08-16T18:47:09.246728+00:00
https://monzo.com/supporting-customers-signposting,monzo.com,/supporting-customers-signposting,other,False,https://monzo.com/gb-sitemap.xml,2026-08-16T18:47:09.246728+00:00
https://monzo.com/switch,monzo.com,/switch,other,False,https://monzo.com/gb-sitemap.xml,2026-08-16T18:47:09.246728+00:00
https://monzo.com/tone-of-voice,monzo.com,/tone-of-voice,other,False,https://monzo.com/gb-sitemap.xml,2026-08-16T18:47:09.246728+00:00
https://monzo.com/year-in-monzo,monzo.com,/year-in-monzo,other,False,https://monzo.com/gb-sitemap.xml,2026-08-16T18:47:09.246728+00:00
https://monzo.com/blog/author/diogo-matias,monzo.com,/blog/author/diogo-matias,blog,False,https://monzo.com/gb-sitemap.xml,2026-08-16T18:47:09.246728+00:00
https://monzo.com/blog/expectations-for-an-engineering-manager-at-monzo,monzo.com,/blog/expectations-for-an-engineering-manager-at-monzo,blog,False,https://monzo.com/gb-sitemap.xml,2026-08-16T18:47:09.246728+00:00
https://monzo.com/currency-converter,monzo.com,/currency-converter,other,False,https://monzo.com/gb-sitemap.xml,2026-08-16T18:47:09.246728+00:00
https://monzo.com/currency-converter/gbp-to-aed,monzo.com,/currency-converter/gbp-to-aed,other,False,https://monzo.com/gb-sitemap.xml,2026-08-16T18:47:09.246728+00:00
https://monzo.com/currency-converter/gbp-to-aud,monzo.com,/currency-converter/gbp-to-aud,other,False,https://monzo.com/gb-sitemap.xml,2026-08-16T18:47:09.246728+00:00
https://monzo.com/currency-converter/gbp-to-bgn,monzo.com,/currency-converter/gbp-to-bgn,other,False,https://monzo.com/gb-sitemap.xml,2026-08-16T18:47:09.246728+00:00
https://monzo.com/currency-converter/gbp-to-brl,monzo.com,/currency-converter/gbp-to-brl,other,False,https://monzo.com/gb-sitemap.xml,2026-08-16T18:47:09.246728+00:00
https://monzo.com/currency-converter/gbp-to-cad,monzo.com,/currency-converter/gbp-to-cad,other,False,https://monzo.com/gb-sitemap.xml,2026-08-16T18:47:09.246728+00:00
https://monzo.com/currency-converter/gbp-to-chf,monzo.com,/currency-converter/gbp-to-chf,other,False,https://monzo.com/gb-sitemap.xml,2026-08-16T18:47:09.246728+00:00
https://monzo.com/currency-converter/gbp-to-cny,monzo.com,/currency-converter/gbp-to-cny,other,False,https://monzo.com/gb-sitemap.xml,2026-08-16T18:47:09.246728+00:00
https://monzo.com/currency-converter/gbp-to-dkk,monzo.com,/currency-converter/gbp-to-dkk,other,False,https://monzo.com/gb-sitemap.xml,2026-08-16T18:47:09.246728+00:00
https://monzo.com/currency-converter/gbp-to-egp,monzo.com,/currency-converter/gbp-to-egp,other,False,https://monzo.com/gb-sitemap.xml,2026-08-16T18:47:09.246728+00:00
https://monzo.com/currency-converter/gbp-to-eur,monzo.com,/currency-converter/gbp-to-eur,other,False,https://monzo.com/gb-sitemap.xml,2026-08-16T18:47:09.246728+00:00
https://monzo.com/currency-converter/gbp-to-gel,monzo.com,/currency-converter/gbp-to-gel,other,False,https://monzo.com/gb-sitemap.xml,2026-08-16T18:47:09.246728+00:00
https://monzo.com/currency-converter/gbp-to-hkd,monzo.com,/currency-converter/gbp-to-hkd,other,False,https://monzo.com/gb-sitemap.xml,2026-08-16T18:47:09.246728+00:00
https://monzo.com/currency-converter/gbp-to-huf,monzo.com,/currency-converter/gbp-to-huf,other,False,https://monzo.com/gb-sitemap.xml,2026-08-16T18:47:09.246728+00:00
https://monzo.com/currency-converter/gbp-to-ils,monzo.com,/currency-converter/gbp-to-ils,other,False,https://monzo.com/gb-sitemap.xml,2026-08-16T18:47:09.246728+00:00
https://monzo.com/currency-converter/gbp-to-inr,monzo.com,/currency-converter/gbp-to-inr,other,False,https://monzo.com/gb-sitemap.xml,2026-08-16T18:47:09.246728+00:00
https://monzo.com/currency-converter/gbp-to-jpy,monzo.com,/currency-converter/gbp-to-jpy,other,False,https://monzo.com/gb-sitemap.xml,2026-08-16T18:47:09.246728+00:00
https://monzo.com/currency-converter/gbp-to-kes,monzo.com,/currency-converter/gbp-to-kes,other,False,https://monzo.com/gb-sitemap.xml,2026-08-16T18:47:09.246728+00:00
https://monzo.com/currency-converter/gbp-to-krw,monzo.com,/currency-converter/gbp-to-krw,other,False,https://monzo.com/gb-sitemap.xml,2026-08-16T18:47:09.246728+00:00
https://monzo.com/currency-converter/gbp-to-lkr,monzo.com,/currency-converter/gbp-to-lkr,other,False,https://monzo.com/gb-sitemap.xml,2026-08-16T18:47:09.246728+00:00
https://monzo.com/currency-converter/gbp-to-mad,monzo.com,/currency-converter/gbp-to-mad,other,False,https://monzo.com/gb-sitemap.xml,2026-08-16T18:47:09.246728+00:00
https://monzo.com/currency-converter/gbp-to-mxn,monzo.com,/currency-converter/gbp-to-mxn,other,False,https://monzo.com/gb-sitemap.xml,2026-08-16T18:47:09.246728+00:00
https://monzo.com/currency-converter/gbp-to-myr,monzo.com,/currency-converter/gbp-to-myr,other,False,https://monzo.com/gb-sitemap.xml,2026-08-16T18:47:09.246728+00:00
https://monzo.com/currency-converter/gbp-to-nok,monzo.com,/currency-converter/gbp-to-nok,other,False,https://monzo.com/gb-sitemap.xml,2026-08-16T18:47:09.246728+00:00
https://monzo.com/currency-converter/gbp-to-npr,monzo.com,/currency-converter/gbp-to-npr,other,False,https://monzo.com/gb-sitemap.xml,2026-08-16T18:47:09.246728+00:00
https://monzo.com/currency-converter/gbp-to-nzd,monzo.com,/currency-converter/gbp-to-nzd,other,False,https://monzo.com/gb-sitemap.xml,2026-08-16T18:47:09.246728+00:00
https://monzo.com/currency-converter/gbp-to-php,monzo.com,/currency-converter/gbp-to-php,other,False,https://monzo.com/gb-sitemap.xml,2026-08-16T18:47:09.246728+00:00
https://monzo.com/currency-converter/gbp-to-pkr,monzo.com,/currency-converter/gbp-to-pkr,other,False,https://monzo.com/gb-sitemap.xml,2026-08-16T18:47:09.246728+00:00
https://monzo.com/currency-converter/gbp-to-pln,monzo.com,/currency-converter/gbp-to-pln,other,False,https://monzo.com/gb-sitemap.xml,2026-08-16T18:47:09.246728+00:00
https://monzo.com/currency-converter/gbp-to-ron,monzo.com,/currency-converter/gbp-to-ron,other,False,https://monzo.com/gb-sitemap.xml,2026-08-16T18:47:09.246728+00:00
https://monzo.com/currency-converter/gbp-to-sek,monzo.com,/currency-converter/gbp-to-sek,other,False,https://monzo.com/gb-sitemap.xml,2026-08-16T18:47:09.246728+00:00
https://monzo.com/currency-converter/gbp-to-sgd,monzo.com,/currency-converter/gbp-to-sgd,other,False,https://monzo.com/gb-sitemap.xml,2026-08-16T18:47:09.246728+00:00
https://monzo.com/currency-converter/gbp-to-thb,monzo.com,/currency-converter/gbp-to-thb,other,False,https://monzo.com/gb-sitemap.xml,2026-08-16T18:47:09.246728+00:00
https://monzo.com/currency-converter/gbp-to-try,monzo.com,/currency-converter/gbp-to-try,other,False,https://monzo.com/gb-sitemap.xml,2026-08-16T18:47:09.246728+00:00
https://monzo.com/currency-converter/gbp-to-uah,monzo.com,/currency-converter/gbp-to-uah,other,False,https://monzo.com/gb-sitemap.xml,2026-08-16T18:47:09.246728+00:00
https://monzo.com/currency-converter/gbp-to-usd,monzo.com,/currency-converter/gbp-to-usd,other,False,https://monzo.com/gb-sitemap.xml,2026-08-16T18:47:09.246728+00:00
https://monzo.com/currency-converter/gbp-to-zar,monzo.com,/currency-converter/gbp-to-zar,other,False,https://monzo.com/gb-sitemap.xml,2026-08-16T18:47:09.246728+00:00
https://monzo.com/help/business-accounts/bbaccountlimits,monzo.com,/help/business-accounts/bbaccountlimits,help,True,https://monzo.com/gb-sitemap.xml,2026-08-16T18:47:09.246728+00:00
https://monzo.com/help/investments/investments-fees,monzo.com,/help/investments/investments-fees,help,True,https://monzo.com/gb-sitemap.xml,2026-08-16T18:47:09.246728+00:00
https://monzo.com/help/monzo-extra/Billsback-missing-merchant,monzo.com,/help/monzo-extra/Billsback-missing-merchant,help,True,https://monzo.com/gb-sitemap.xml,2026-08-16T18:47:09.246728+00:00
https://monzo.com/help/monzo-extra/what-is-billsback,monzo.com,/help/monzo-extra/what-is-billsback,help,True,https://monzo.com/gb-sitemap.xml,2026-08-16T18:47:09.246728+00:00
https://monzo.com/help/monzo-flex/Easy-Bank-Transfers-For-Flex,monzo.com,/help/monzo-flex/Easy-Bank-Transfers-For-Flex,help,True,https://monzo.com/gb-sitemap.xml,2026-08-16T18:47:09.246728+00:00
https://monzo.com/help/monzo-for-under-16s/under-16s-interest,monzo.com,/help/monzo-for-under-16s/under-16s-interest,help,True,https://monzo.com/gb-sitemap.xml,2026-08-16T18:47:09.246728+00:00
https://monzo.com/help/monzo-for-under-16s/under-16s-savings,monzo.com,/help/monzo-for-under-16s/under-16s-savings,help,True,https://monzo.com/gb-sitemap.xml,2026-08-16T18:47:09.246728+00:00
https://monzo.com/help/monzo-max/Billsback-missing-merchant,monzo.com,/help/monzo-max/Billsback-missing-merchant,help,True,https://monzo.com/gb-sitemap.xml,2026-08-16T18:47:09.246728+00:00
https://monzo.com/help/monzo-max/what-is-billsback,monzo.com,/help/monzo-max/what-is-billsback,help,True,https://monzo.com/gb-sitemap.xml,2026-08-16T18:47:09.246728+00:00
https://monzo.com/help/monzo-perks/Billsback-missing-merchant,monzo.com,/help/monzo-perks/Billsback-missing-merchant,help,True,https://monzo.com/gb-sitemap.xml,2026-08-16T18:47:09.246728+00:00
https://monzo.com/help/monzo-perks/what-is-billsback,monzo.com,/help/monzo-perks/what-is-billsback,help,True,https://monzo.com/gb-sitemap.xml,2026-08-16T18:47:09.246728+00:00
https://monzo.com/learn/money-tomorrow/saving-for-retirement,monzo.com,/learn/money-tomorrow/saving-for-retirement,other,False,https://monzo.com/gb-sitemap.xml,2026-08-16T18:47:09.246728+00:00
https://monzo.com/learn/money-tomorrow/types-of-savings-accounts,monzo.com,/learn/money-tomorrow/types-of-savings-accounts,other,False,https://monzo.com/gb-sitemap.xml,2026-08-16T18:47:09.246728+00:00
https://monzo.com/learn/money-safety/i-sent-money-to-a-scammer,monzo.com,/learn/money-safety/i-sent-money-to-a-scammer,other,False,https://monzo.com/gb-sitemap.xml,2026-08-16T18:47:09.246728+00:00
https://monzo.com/learn/money-safety/is-monzo-calling-me,monzo.com,/learn/money-safety/is-monzo-calling-me,other,False,https://monzo.com/gb-sitemap.xml,2026-08-16T18:47:09.246728+00:00
https://monzo.com/learn/money-safety/my-identity-has-been-stolen,monzo.com,/learn/money-safety/my-identity-has-been-stolen,other,False,https://monzo.com/gb-sitemap.xml,2026-08-16T18:47:09.246728+00:00
https://monzo.com/learn/money-safety/my-phones-been-stolen,monzo.com,/learn/money-safety/my-phones-been-stolen,other,False,https://monzo.com/gb-sitemap.xml,2026-08-16T18:47:09.246728+00:00
https://monzo.com/learn/money-today,monzo.com,/learn/money-today,other,False,https://monzo.com/gb-sitemap.xml,2026-08-16T18:47:09.246728+00:00
https://monzo.com/learn/money-today/does-overdraft-affect-credit-score,monzo.com,/learn/money-today/does-overdraft-affect-credit-score,other,False,https://monzo.com/gb-sitemap.xml,2026-08-16T18:47:09.246728+00:00
https://monzo.com/learn/money-today/electoral-roll-and-credit-score,monzo.com,/learn/money-today/electoral-roll-and-credit-score,other,False,https://monzo.com/gb-sitemap.xml,2026-08-16T18:47:09.246728+00:00
https://monzo.com/learn/money-today/what-credit-score-do-you-start-with,monzo.com,/learn/money-today/what-credit-score-do-you-start-with,other,False,https://monzo.com/gb-sitemap.xml,2026-08-16T18:47:09.246728+00:00
https://monzo.com/learn/money-today/whats-a-bad-credit-score,monzo.com,/learn/money-today/whats-a-bad-credit-score,other,False,https://monzo.com/gb-sitemap.xml,2026-08-16T18:47:09.246728+00:00
https://monzo.com/learn/money-safety,monzo.com,/learn/money-safety,other,False,https://monzo.com/gb-sitemap.xml,2026-08-16T18:47:09.246728+00:00
https://monzo.com/savings-isas/joint-instant-access,monzo.com,/savings-isas/joint-instant-access,product,True,https://monzo.com/gb-sitemap.xml,2026-08-16T18:47:09.246728+00:00
https://monzo.com/savings-isas/stocks-shares-isa,monzo.com,/savings-isas/stocks-shares-isa,product,True,https://monzo.com/gb-sitemap.xml,2026-08-16T18:47:09.246728+00:00
https://monzo.com/savings-isas/select-access,monzo.com,/savings-isas/select-access,product,True,https://monzo.com/gb-sitemap.xml,2026-08-16T18:47:09.246728+00:00
https://monzo.com/savings-isas/cash-isas,monzo.com,/savings-isas/cash-isas,product,True,https://monzo.com/gb-sitemap.xml,2026-08-16T18:47:09.246728+00:00
https://monzo.com/en-es,monzo.com,/en-es,other,False,https://monzo.com/en-es/sitemap.xml,2026-08-16T18:47:09.246728+00:00
https://monzo.com/en-es/business-banking,monzo.com,/en-es/business-banking,business,True,https://monzo.com/en-es/sitemap.xml,2026-08-16T18:47:09.246728+00:00
https://monzo.com/en-es/about,monzo.com,/en-es/about,corporate,False,https://monzo.com/en-es/sitemap.xml,2026-08-16T18:47:09.246728+00:00
https://monzo.com/en-es/money-worries,monzo.com,/en-es/money-worries,other,False,https://monzo.com/en-es/sitemap.xml,2026-08-16T18:47:09.246728+00:00
https://monzo.com/en-es/accessibility-statement,monzo.com,/en-es/accessibility-statement,corporate,False,https://monzo.com/en-es/sitemap.xml,2026-08-16T18:47:09.246728+00:00
https://monzo.com/es,monzo.com,/es,other,False,https://monzo.com/es/sitemap.xml,2026-08-16T18:47:09.246728+00:00
https://monzo.com/es/banca-business,monzo.com,/es/banca-business,other,False,https://monzo.com/es/sitemap.xml,2026-08-16T18:47:09.246728+00:00
https://monzo.com/es/nosotros,monzo.com,/es/nosotros,other,False,https://monzo.com/es/sitemap.xml,2026-08-16T18:47:09.246728+00:00
https://monzo.com/es/preocupaciones-economicas,monzo.com,/es/preocupaciones-economicas,other,False,https://monzo.com/es/sitemap.xml,2026-08-16T18:47:09.246728+00:00
https://monzo.com/es/declaracion-de-accesibilidad,monzo.com,/es/declaracion-de-accesibilidad,other,False,https://monzo.com/es/sitemap.xml,2026-08-16T18:47:09.246728+00:00
https://monzo.com/ie,monzo.com,/ie,other,False,https://monzo.com/ie/sitemap.xml,2026-08-16T18:47:09.246728+00:00
https://monzo.com/ie/about-us,monzo.com,/ie/about-us,corporate,False,https://monzo.com/ie/sitemap.xml,2026-08-16T18:47:09.246728+00:00
https://monzo.com/ie/business-banking,monzo.com,/ie/business-banking,business,True,https://monzo.com/ie/sitemap.xml,2026-08-16T18:47:09.246728+00:00
https://monzo.com/ie/current-account/personal,monzo.com,/ie/current-account/personal,product,True,https://monzo.com/ie/sitemap.xml,2026-08-16T18:47:09.246728+00:00
https://monzo.com/ie/ecb-rates,monzo.com,/ie/ecb-rates,other,False,https://monzo.com/ie/sitemap.xml,2026-08-16T18:47:09.246728+00:00
https://monzo.com/ie/money-worries,monzo.com,/ie/money-worries,other,False,https://monzo.com/ie/sitemap.xml,2026-08-16T18:47:09.246728+00:00
https://monzo.com/ie/business-banking/eligibility,monzo.com,/ie/business-banking/eligibility,business,True,https://monzo.com/ie/sitemap.xml,2026-08-16T18:47:09.246728+00:00
https://monzo.com/ie/accessibility,monzo.com,/ie/accessibility,corporate,False,https://monzo.com/ie/sitemap.xml,2026-08-16T18:47:09.246728+00:00
https://monzo.com/ie/accessibility-statement,monzo.com,/ie/accessibility-statement,corporate,False,https://monzo.com/ie/sitemap.xml,2026-08-16T18:47:09.246728+00:00
https://monzo.com/ie/current-account/under-16s,monzo.com,/ie/current-account/under-16s,product,True,https://monzo.com/ie/sitemap.xml,2026-08-16T18:47:09.246728+00:00
https://monzo.com/ie/current-account/16-17,monzo.com,/ie/current-account/16-17,product,True,https://monzo.com/ie/sitemap.xml,2026-08-16T18:47:09.246728+00:00
https://monzo.com/ie/current-account/joint-account,monzo.com,/ie/current-account/joint-account,product,True,https://monzo.com/ie/sitemap.xml,2026-08-16T18:47:09.246728+00:00
https://monzo.com/ie/savings,monzo.com,/ie/savings,product,True,https://monzo.com/ie/sitemap.xml,2026-08-16T18:47:09.246728+00:00
https://monzo.com/ie/savings/instant-access,monzo.com,/ie/savings/instant-access,product,True,https://monzo.com/ie/sitemap.xml,2026-08-16T18:47:09.246728+00:00
https://monzo.com/ie/security,monzo.com,/ie/security,security,True,https://monzo.com/ie/sitemap.xml,2026-08-16T18:47:09.246728+00:00
https://monzo.com/ie/business-banking/features,monzo.com,/ie/business-banking/features,business,True,https://monzo.com/ie/sitemap.xml,2026-08-16T18:47:09.246728+00:00
https://monzo.com/ie/business-banking/plans-pricing,monzo.com,/ie/business-banking/plans-pricing,business,True,https://monzo.com/ie/sitemap.xml,2026-08-16T18:47:09.246728+00:00
https://monzo.com/ie/business-banking/get-paid,monzo.com,/ie/business-banking/get-paid,business,True,https://monzo.com/ie/sitemap.xml,2026-08-16T18:47:09.246728+00:00
https://monzo.com/ie/business-banking/making-payments,monzo.com,/ie/business-banking/making-payments,business,True,https://monzo.com/ie/sitemap.xml,2026-08-16T18:47:09.246728+00:00
https://monzo.com/ie/business-banking/features/auto-exports,monzo.com,/ie/business-banking/features/auto-exports,business,True,https://monzo.com/ie/sitemap.xml,2026-08-16T18:47:09.246728+00:00
https://monzo.com/ie/business-banking/features/accept-contactless-payments,monzo.com,/ie/business-banking/features/accept-contactless-payments,business,True,https://monzo.com/ie/sitemap.xml,2026-08-16T18:47:09.246728+00:00
https://monzo.com/ie/business-banking/features/insights,monzo.com,/ie/business-banking/features/insights,business,True,https://monzo.com/ie/sitemap.xml,2026-08-16T18:47:09.246728+00:00
https://monzo.com/ie/business-banking/features/tax-pots,monzo.com,/ie/business-banking/features/tax-pots,business,True,https://monzo.com/ie/sitemap.xml,2026-08-16T18:47:09.246728+00:00
https://monzo.com/ie/business-banking/features/invoices,monzo.com,/ie/business-banking/features/invoices,business,True,https://monzo.com/ie/sitemap.xml,2026-08-16T18:47:09.246728+00:00
https://monzo.com/ie/business-banking/features/mobile-and-web-access,monzo.com,/ie/business-banking/features/mobile-and-web-access,business,True,https://monzo.com/ie/sitemap.xml,2026-08-16T18:47:09.246728+00:00
https://monzo.com/ie/business-banking/features/business-savings,monzo.com,/ie/business-banking/features/business-savings,business,True,https://monzo.com/ie/sitemap.xml,2026-08-16T18:47:09.246728+00:00
https://monzo.com/ie/business-banking/security,monzo.com,/ie/business-banking/security,business,True,https://monzo.com/ie/sitemap.xml,2026-08-16T18:47:09.246728+00:00
https://monzo.com/ie/business-banking/tax-accounting,monzo.com,/ie/business-banking/tax-accounting,business,True,https://monzo.com/ie/sitemap.xml,2026-08-16T18:47:09.246728+00:00
https://monzo.com/ie/business-banking/features/multi-user-access,monzo.com,/ie/business-banking/features/multi-user-access,business,True,https://monzo.com/ie/sitemap.xml,2026-08-16T18:47:09.246728+00:00
https://monzo.com/ie/features/payments,monzo.com,/ie/features/payments,product,True,https://monzo.com/ie/sitemap.xml,2026-08-16T18:47:09.246728+00:00
https://monzo.com/ie/features/monzo-split,monzo.com,/ie/features/monzo-split,product,True,https://monzo.com/ie/sitemap.xml,2026-08-16T18:47:09.246728+00:00
https://monzo.com/ie/features/travel,monzo.com,/ie/features/travel,product,True,https://monzo.com/ie/sitemap.xml,2026-08-16T18:47:09.246728+00:00
https://monzo.com/ie/features/money-management,monzo.com,/ie/features/money-management,product,True,https://monzo.com/ie/sitemap.xml,2026-08-16T18:47:09.246728+00:00
https://monzo.com/ie/features/apple-pay,monzo.com,/ie/features/apple-pay,product,True,https://monzo.com/ie/sitemap.xml,2026-08-16T18:47:09.246728+00:00
https://monzo.com/ie/sign-up,monzo.com,/ie/sign-up,other,False,https://monzo.com/ie/sitemap.xml,2026-08-16T18:47:09.246728+00:00
