url,file_path,status_code,success,content_hash,content_length,fetched_at,error
https://monzo.com/business-banking,data\raw\pages\business-banking-c9633d6231.html,200,True,ae6c2e2d627476fdef252811dfd24be7a4e00d01a70cea3db4bf40830be3cd4f,194622,2026-08-16T18:56:04.791378+00:00,
https://monzo.com/business-banking/business-loans-overdrafts,data\raw\pages\business-banking-business-loans-overdrafts-ee5d2ab273.html,200,True,cbd0118a1e9565e719bce5a87a808a71585435946f4e5152d564ace6dde1c4bf,128137,2026-08-16T18:56:05.220109+00:00,
https://monzo.com/business-banking/business-switch,data\raw\pages\business-banking-business-switch-ba07403c7c.html,200,True,e2129176b699999b5becb765c06fbd66bcb75d15156ab54b55efb377a88343b7,178549,2026-08-16T18:56:05.659098+00:00,
https://monzo.com/business-banking/eligibility,data\raw\pages\business-banking-eligibility-12f0f61629.html,200,True,d88ac06e6df2232a607d97b61debb1482098a32a3ebf7d413a28b222a2dd3f7a,114497,2026-08-16T18:56:06.088112+00:00,
https://monzo.com/business-banking/features,data\raw\pages\business-banking-features-4edc4d56f6.html,200,True,5fcca4fa20668fc1ca47c300728acd38eb6c3db2d8408b0f1e2bf86dfbf77395,163369,2026-08-16T18:56:06.556665+00:00,
https://monzo.com/business-banking/features/24-7-customer-support,data\raw\pages\business-banking-features-24-7-customer-support-9cc9a798c4.html,200,True,9cb3c3e5b5ea3442f292cc7c3f95522982277059b7f4e3a080d9d30e6210bcad,111563,2026-08-16T18:57:54.153259+00:00,
https://monzo.com/business-banking/features/accept-contactless-payments,data\raw\pages\business-banking-features-accept-contactless-payments-1619dd91f5.html,200,True,861b3ecd8d9440a8cbd723dedc288fef4e71427de6fc63a80c1979b5b6ec7a0a,132791,2026-08-16T18:57:54.592871+00:00,
https://monzo.com/business-banking/features/auto-exports,data\raw\pages\business-banking-features-auto-exports-7b672c3db5.html,200,True,94548533f9baf0b6bf134171d69f1247dace89662d382f59f6c2137266ccd126,113416,2026-08-16T18:57:55.023572+00:00,
https://monzo.com/business-banking/features/bulk-payments,data\raw\pages\business-banking-features-bulk-payments-cd5f4b5789.html,200,True,9cf02fe9a3d46e499d7168952636e32ecb24171bb670642e29725ee8c113babe,111350,2026-08-16T18:57:55.450239+00:00,
https://monzo.com/business-banking/features/business-savings,data\raw\pages\business-banking-features-business-savings-1cb1384cf8.html,200,True,6e7d0b550fd717b271f7ef49ebf8ea993a1e7472b4b995a2bed434df9df5de54,126475,2026-08-16T18:57:55.882362+00:00,
https://monzo.com/business-banking/features/expense-cards,data\raw\pages\business-banking-features-expense-cards-2090f43ec5.html,200,True,b4c884e802be5f4dc60d7a9271107c350cd2f561418a9195a3d67285f413a389,147490,2026-08-16T18:57:56.314035+00:00,
https://monzo.com/business-banking/features/insights,data\raw\pages\business-banking-features-insights-2bd0c0e7d7.html,200,True,94ba4c959458e858988ae2489f0b366338bb8708c5ff1fe658515c02578e8a92,113101,2026-08-16T18:57:56.742668+00:00,
https://monzo.com/business-banking/features/integrated-accounting,data\raw\pages\business-banking-features-integrated-accounting-7a68b22b63.html,200,True,e1049f416e8027c18056a47ca194247cf46e5ce3940267c5fdd7c242d50bdab9,118705,2026-08-16T18:57:57.172105+00:00,
https://monzo.com/business-banking/features/international-payments,data\raw\pages\business-banking-features-international-payments-ce157c1466.html,200,True,c1962604adffa460631e0307dc7b04322827e9f9f59901ad45bc56fa7ba26871,123104,2026-08-16T18:57:57.601985+00:00,
https://monzo.com/business-banking/features/invoices,data\raw\pages\business-banking-features-invoices-6f25104287.html,200,True,b40b43a408056e825e847c53df2704675342024b7bd1eb3b1831c3262c393990,117983,2026-08-16T18:57:58.044040+00:00,
https://monzo.com/business-banking/features/mobile-and-web-access,data\raw\pages\business-banking-features-mobile-and-web-access-ca639e09c8.html,200,True,6e7e3837662cf36acfac9dc8d20fc21dd55767db81ab454eb3d7e820fec97804,112428,2026-08-16T18:57:58.471304+00:00,
https://monzo.com/business-banking/features/multi-user-access,data\raw\pages\business-banking-features-multi-user-access-798384b21c.html,200,True,e1a9ab2f1cbaa1b67280b740cdfc050da48177621207242db14ca2a722a9037a,130073,2026-08-16T18:57:58.900081+00:00,
https://monzo.com/business-banking/features/sole-trader-loans,data\raw\pages\business-banking-features-sole-trader-loans-5864ac28e8.html,200,True,66fc4a0b87b14fa756ad21876639900a580665c4dbbe1c8da00298b02cca71d1,148250,2026-08-16T18:57:59.327853+00:00,
https://monzo.com/business-banking/features/sole-trader-overdrafts,data\raw\pages\business-banking-features-sole-trader-overdrafts-0a54eefaa6.html,200,True,891cbfed94dcbfa7a64f8b091a15054f71c2bf751963b6d5c7cacddc1f4ff62c,134158,2026-08-16T18:57:59.755817+00:00,
https://monzo.com/business-banking/features/tax-pots,data\raw\pages\business-banking-features-tax-pots-5b4393b8cd.html,200,True,60a3c7e812463e5e82f60b4f90e1835ae04a8b420d565c26a2c4f2dbf09ad93d,124605,2026-08-16T18:58:00.194127+00:00,
https://monzo.com/business-banking/features/xero-offer,data\raw\pages\business-banking-features-xero-offer-091f1cffd4.html,200,True,6bd2a1cbb3bfeb490983add071d4513cbf37288adf8184630352567d030496a8,115738,2026-08-16T18:58:00.623333+00:00,
https://monzo.com/business-banking/get-paid,data\raw\pages\business-banking-get-paid-4e196a0122.html,200,True,5748807b6d8479153191f83604bc46bd069173c900603e9f55d018c94b6ee58f,129653,2026-08-16T18:58:01.050118+00:00,
https://monzo.com/business-banking/help,data\raw\pages\business-banking-help-c0c2e529a2.html,200,True,1c378e946c4c57a75a8eab4416eef1f28083bfb5e8f8a056db94eaa20b89fabc,212153,2026-08-16T18:58:01.476413+00:00,
https://monzo.com/business-banking/learn,data\raw\pages\business-banking-learn-72c73c8422.html,200,True,86c7173dcfebdfd2accdc04158498d9a966bb43f3e6a94696d86bc7ddc9080b3,139112,2026-08-16T18:58:01.904410+00:00,
https://monzo.com/business-banking/learn/cost-of-sales,data\raw\pages\business-banking-learn-cost-of-sales-690d3423af.html,200,True,c2f7f2a6ac95746d3d121a590110bd0c1a15464caa2e9c615778a90a466f3946,102388,2026-08-16T18:58:02.328215+00:00,
https://monzo.com/business-banking/learn/get-funding-for-your-business,data\raw\pages\business-banking-learn-get-funding-for-your-business-c6ab0d295d.html,200,True,26384097d10f19184e4389722b1611599223c49b40ca0fd329a689be47123782,149006,2026-08-16T18:58:02.764924+00:00,
https://monzo.com/business-banking/learn/gross-net-profit-margins,data\raw\pages\business-banking-learn-gross-net-profit-margins-c50d1f2872.html,200,True,c85837040175d43dc043f576ef2c8ad87dd7ce6bb04c28650fed48dc45b50aae,119425,2026-08-16T18:58:03.193606+00:00,
https://monzo.com/business-banking/learn/guide-to-purchase-orders,data\raw\pages\business-banking-learn-guide-to-purchase-orders-2e373a7798.html,200,True,7273417e9864e1bc399fa0cfe2a4546d4e88777750a577e568b203214a8a38fe,104581,2026-08-16T18:58:03.621530+00:00,
https://monzo.com/business-banking/learn/how-to-start-business-uk,data\raw\pages\business-banking-learn-how-to-start-business-uk-c9ebfd5f0f.html,200,True,7134e7e28161cdcfca16f490d36ce1b011a58e35d725bb572888368f80b8bebb,139885,2026-08-16T18:58:04.051689+00:00,
https://monzo.com/business-banking/learn/how-to-write-business-plan,data\raw\pages\business-banking-learn-how-to-write-business-plan-a66debeb17.html,200,True,f462778991d7e377423048e2b3d4c810da30728bbdabf8ca1f0823b4efd31e6b,135009,2026-08-16T18:58:04.493359+00:00,
https://monzo.com/business-banking/learn/making-tax-digital-changes,data\raw\pages\business-banking-learn-making-tax-digital-changes-37051174c1.html,200,True,b407d3ca79c9dee8dffeb2f2e0c6c346fbcbe0efa5386f6578bbf80b73722550,111855,2026-08-16T18:58:04.933568+00:00,
https://monzo.com/business-banking/learn/small-business-guide-uk-corporation-tax,data\raw\pages\business-banking-learn-small-business-guide-uk-corporation-tax-d3c2d3d134.html,200,True,35a8ca9dadd730f0b3f7f70c8eccae7f10d0c6e823bf5ff9c80a517080711bd4,114338,2026-08-16T18:58:05.364289+00:00,
https://monzo.com/business-banking/learn/what-is-an-invoice,data\raw\pages\business-banking-learn-what-is-an-invoice-65196226ac.html,200,True,b5d054d0d5be58e733e44657f12263169a59ee635fc4135adcbb3ca77e1beb86,115301,2026-08-16T18:58:05.792073+00:00,
https://monzo.com/business-banking/learn/what-is-making-tax-digital,data\raw\pages\business-banking-learn-what-is-making-tax-digital-bfdccfb1b9.html,200,True,272b41ffbc5c38272339fd18070d13cacc644dc4078b3ab39b182be91920aad3,118971,2026-08-16T18:58:06.247539+00:00,
https://monzo.com/business-banking/learn/will-mtd-affect-my-business,data\raw\pages\business-banking-learn-will-mtd-affect-my-business-c057a4697b.html,200,True,edd63f5e949b471183ed25f7e6b5aa3d085317e3d38c425cee19ec76c605e125,117892,2026-08-16T18:58:06.675478+00:00,
https://monzo.com/business-banking/making-payments,data\raw\pages\business-banking-making-payments-b68537b22f.html,200,True,f57e5480f35cc56e143bc1cf43bccae4f5a76bc0a8d4256dc4992da7b37aaaee,129095,2026-08-16T18:58:07.109166+00:00,
https://monzo.com/business-banking/plans-pricing,data\raw\pages\business-banking-plans-pricing-a2add9ed8b.html,200,True,6f318f8bdecb3623449437f1e26e9df635e5da0a93ff9c2d685b2a8b09681525,329982,2026-08-16T18:58:07.545508+00:00,
https://monzo.com/business-banking/security,data\raw\pages\business-banking-security-db36182c96.html,200,True,c3795b27bfcf4cadeedc365e1a7ed5ac23f72ee515b9f77d6021c00817fcaf1e,134641,2026-08-16T18:58:07.992726+00:00,
https://monzo.com/business-banking/sign-up-for-business,data\raw\pages\business-banking-sign-up-for-business-ede09f8e4c.html,200,True,ceb66b85a85f70f60ec39e345428c3ce2fec5a5e1f0b29e50329f7a4ea9c21ae,118126,2026-08-16T18:58:08.429132+00:00,
https://monzo.com/business-banking/spend-management,data\raw\pages\business-banking-spend-management-0f5df91edf.html,200,True,02741d4a80907612f7a440b69ffe50d9577bcc88fe8bb2fadd18fea8318e5ca2,137585,2026-08-16T18:58:08.859401+00:00,
https://monzo.com/business-banking/tax-accounting,data\raw\pages\business-banking-tax-accounting-085aed0dec.html,200,True,70184622003ecd2469f1843705c9fbaed9ca6be4bec81fb74187c1537ebfca64,184902,2026-08-16T18:58:09.292032+00:00,
https://monzo.com/business-banking/testimonials,data\raw\pages\business-banking-testimonials-b09c25689b.html,200,True,5498b90eda42f1f33864f3385dd7f10d0b67ae6fa81b29b09ace804a3f806dd9,117179,2026-08-16T18:58:09.719379+00:00,
https://monzo.com/business-international-payments-desktop,data\raw\pages\business-international-payments-desktop-90f2548bcc.html,200,True,30f6d5591300d210e26537694dc1e244da7dbe15e728ab619a8f4d86d0d68c32,95005,2026-08-16T18:58:10.282132+00:00,
https://monzo.com/business-invite-desktop,data\raw\pages\business-invite-desktop-2ce3ac7ab6.html,200,True,df989e1c6bdb2b017436e163290846b2fcbdf8b9968c5bebd4994971ce855035,94772,2026-08-16T18:58:10.709545+00:00,
https://monzo.com/business-multi-access-fallback,data\raw\pages\business-multi-access-fallback-be118bbf6f.html,200,True,3deeb0815992a39ccff67eb5f9d108428d920e9568916dca4316cefe95bd7370,94842,2026-08-16T18:58:11.267874+00:00,
https://monzo.com/current-account,data\raw\pages\current-account-3b867f268e.html,200,True,5c7c1894024d3e08f949e477395b8dc9152a3a526ff3fef2375561ffa424e751,581486,2026-08-16T18:58:11.719352+00:00,
https://monzo.com/current-account/16-17,data\raw\pages\current-account-16-17-5431a2fe5f.html,200,True,648b952bc136db1ac87afba73971f0ee67efc55c07bf71db18bd8d45edc266ec,431202,2026-08-16T18:58:12.158371+00:00,
https://monzo.com/current-account/extra,data\raw\pages\current-account-extra-f7f21832b5.html,200,True,152afc867eea351d0fc5f8a798d5c280d21ebf1d86441dcba5434e415a9b374c,507492,2026-08-16T18:58:12.600260+00:00,
https://monzo.com/current-account/joint-account,data\raw\pages\current-account-joint-account-8e679b92a0.html,200,True,95205fd0cf80e21d2d47fa0896ecfa7977a4613847fc75fa63aeef327348b71e,505490,2026-08-16T18:58:13.030160+00:00,
https://monzo.com/current-account/max,data\raw\pages\current-account-max-9358885d17.html,200,True,c5eddcb795d9f69eb24572e2f10e0f1c8e16678fd991d68b8d25509ba07908ad,604770,2026-08-16T18:58:13.459445+00:00,
https://monzo.com/current-account/max/breakdown-cover,data\raw\pages\current-account-max-breakdown-cover-322ec7d102.html,200,True,38d7bfb36bf7a62da3967eb829b954aab4631b29c33cf6ad063e31d12aa69d66,127644,2026-08-16T18:58:13.887813+00:00,
https://monzo.com/current-account/max/worldwide-mobile-phone-insurance,data\raw\pages\current-account-max-worldwide-mobile-phone-insurance-df88be4285.html,200,True,52a3ddb48f5b232c1a35b39c9a5b83b5e4544f97144bb9baf7fd21762c3878a7,152483,2026-08-16T18:58:14.316848+00:00,
https://monzo.com/current-account/max/worldwide-travel-insurance,data\raw\pages\current-account-max-worldwide-travel-insurance-5c9266785b.html,200,True,3c1ed5dfabcc02fc1b90ef8c4c224e4c510f98d0a8f0c2ad403aaf6c7f2af82e,133842,2026-08-16T18:58:14.744399+00:00,
https://monzo.com/current-account/perks,data\raw\pages\current-account-perks-f976e082ef.html,200,True,849c04fee97145739bf2b0ccb4fd89f7b643eb61e066bf853fe953a4b2e65226,547289,2026-08-16T18:58:15.190311+00:00,
https://monzo.com/current-account/personal,data\raw\pages\current-account-personal-85e11a5149.html,200,True,b60048fde301f29bf708671d1d2033189d6e9c7b3490c4b149979bd654f00def,617946,2026-08-16T18:58:15.634393+00:00,
https://monzo.com/current-account/plans,data\raw\pages\current-account-plans-94a6febea7.html,200,True,0e1bfdc17063a6b1c5586266b50d32a98708742ac7e7f204f6e30746f087e774,362668,2026-08-16T18:58:16.074825+00:00,
https://monzo.com/current-account/students,data\raw\pages\current-account-students-469ea8258d.html,200,True,ca824ece5127b75ded40d1401e8b8e71325163f3e604e45cb66ad73c69f8cc59,125470,2026-08-16T18:58:16.500483+00:00,
https://monzo.com/current-account/students/students-competition-tcsc,data\raw\pages\current-account-students-students-competition-tcsc-3e2041590c.html,200,True,c78934e61380186acdd6083cc0b7915d652b6e5e664eeec59073e2c3ffe50240,110816,2026-08-16T18:58:17.080145+00:00,
https://monzo.com/current-account/under-16s,data\raw\pages\current-account-under-16s-205e9bdc28.html,200,True,ed984331801fb89527cc886e3dd0e0fffbbeee4e46589bcb00d850d3053d3b2d,456612,2026-08-16T18:58:17.536261+00:00,
https://monzo.com/faq/learn-more/savings-glossary,data\raw\pages\faq-learn-more-savings-glossary-d5c82f7840.html,200,True,b3a557d33a315efd6e18a46172d1cd4fc6a3eee974af6c29fc4bb9bb436e3554,53469,2026-08-16T18:58:18.032898+00:00,
https://monzo.com/features/1p-saving-challenge,data\raw\pages\features-1p-saving-challenge-93172d4601.html,200,True,4331e10aed56bb2f9f1206496bee3002b775e3dec161af6f813ab473070c861c,150034,2026-08-16T18:58:18.468138+00:00,
https://monzo.com/features/apple-pay,data\raw\pages\features-apple-pay-39ced0099b.html,200,True,2db70524c9c633a360267cc8350ebdfac947a79be5b43a2ff711e2d056234bd4,157610,2026-08-16T18:58:18.903803+00:00,
https://monzo.com/features/cashback,data\raw\pages\features-cashback-d19f4559fe.html,200,True,3d9741ce6764e1cef7cc48a3799a6afcfbd28fe399225d17339734b893bc5910,139561,2026-08-16T18:58:19.333241+00:00,
https://monzo.com/features/credit-insights,data\raw\pages\features-credit-insights-9350baf45c.html,200,True,427724e5f30d506fb29c9c9b18421b85f1307ee50347ffc376ac4d87c77eb30b,175374,2026-08-16T18:58:19.764383+00:00,
https://monzo.com/features/monzo-payday,data\raw\pages\features-monzo-payday-823be51478.html,200,True,61f137f72388420ae3a6b178213e54def264e67a28dc0e0de2ffa26d3c9f6ebb,220357,2026-08-16T18:58:20.188952+00:00,
https://monzo.com/features/google-pay,data\raw\pages\features-google-pay-4148fc2faa.html,200,True,f61182d459e8b8045bb8db80cdfff546f325503afb7cdf3a1d73b70bc36b6d2d,109935,2026-08-16T18:58:20.620722+00:00,
https://monzo.com/features/ifttt,data\raw\pages\features-ifttt-7a4d1f1bff.html,200,True,89ae8bc0e301e2734cf7bce0a8f25881a4c027c7fdf2e5dce78a27661c94026a,106712,2026-08-16T18:58:21.156427+00:00,
https://monzo.com/features/monzo-split,data\raw\pages\features-monzo-split-f164069750.html,200,True,06e71c88c7e8685788dda5d15fa48932d39a80935c54338fff2b2b2f4dd12d3d,147811,2026-08-16T18:58:21.585414+00:00,
https://monzo.com/features/payments,data\raw\pages\features-payments-c3fd82f43b.html,200,True,e504772085325906f55ad0df33a5124a421ac0410dd278ddd1fbe289f4c242cf,452152,2026-08-16T18:58:22.110033+00:00,
https://monzo.com/features/savings/past-interest-rates,data\raw\pages\features-savings-past-interest-rates-afc5b627be.html,200,True,0a02f24f63c8ed7879f1edcf57aa8c4122176d7e364fba08bf3201e45c50a7b3,88863,2026-08-16T18:58:22.653691+00:00,
https://monzo.com/features/see-your-mortgage,data\raw\pages\features-see-your-mortgage-19dd8046f1.html,200,True,2f90b83964b1adc118aa0fa8e581341b854e9d722e63baf3de868b566e1692fa,219419,2026-08-16T18:58:23.113119+00:00,
https://monzo.com/features/send-money-abroad,data\raw\pages\features-send-money-abroad-343fd643ee.html,200,True,f77cc16729875dbd535e063957da8040b13d5d39e5c29c21e4d4d2f45ab39c81,450033,2026-08-16T18:58:23.650264+00:00,
https://monzo.com/features/travel,data\raw\pages\features-travel-8fac0c3353.html,200,True,961e7bb190504de4a23d35e1827c4a6355450cdce052421c12c9d007878643d3,657055,2026-08-16T18:58:24.199189+00:00,
https://monzo.com/flex,data\raw\pages\flex-42a19b6c2f.html,200,True,eeedc3ddd37e7e449c967ddd75dd2b65bbfcf2e09fda2637060289bc3356bba4,562158,2026-08-16T18:58:24.703436+00:00,
https://monzo.com/flex-build,data\raw\pages\flex-build-39e0da7c1b.html,200,True,80c74927a91d3f2a86734914ba7d31dc8c05c740e67305bea4a8e2ccd2da9bc5,388182,2026-08-16T18:58:25.146449+00:00,
https://monzo.com/fraud,data\raw\pages\fraud-24bd25a89a.html,200,True,becbce9830a22a32358c1bdf98268e106c964020dfd033be670dec2e90d85675,124870,2026-08-16T18:58:25.572796+00:00,
https://monzo.com/help/1p-savings-challenge,data\raw\pages\help-1p-savings-challenge-7e7cf765d9.html,200,True,10ad8fa547e711d8e2a60247c873deb0a7758b8a11878fdb08bb423bb14907ad,94152,2026-08-16T18:58:26.010140+00:00,
https://monzo.com/help/1p-savings-challenge/1p-savings-challenge,data\raw\pages\help-1p-savings-challenge-1p-savings-challenge-91c17a77b4.html,200,True,fd284713ae5e77d38ec2b8aa2ff35f704f456cc66e20142697265114b247661d,100530,2026-08-16T18:58:26.433678+00:00,
https://monzo.com/help/1p-savings-challenge/1p-savings-challenge-interest,data\raw\pages\help-1p-savings-challenge-1p-savings-challenge-interest-38c25f1306.html,200,True,bfc769baacdd3b6159802a7e0cb51953db29bb0f1655fb1e07c00bed4797cc29,99249,2026-08-16T18:58:26.868890+00:00,
https://monzo.com/help/1p-savings-challenge/1p-savings-prize-draw,data\raw\pages\help-1p-savings-challenge-1p-savings-prize-draw-cac353174e.html,200,True,59c4f667e4f80ca7725b5db828d9ee93527859be7eef2c22b729cccbccd532ca,99688,2026-08-16T18:58:27.307585+00:00,
https://monzo.com/help/account-and-profile,data\raw\pages\help-account-and-profile-74b0e1983c.html,200,True,586a8bbedb732a2655228c23c42e54eb548b88e366d2a04bc4c3f4b621fe86c7,117927,2026-08-16T18:58:27.739481+00:00,
https://monzo.com/help/account-and-profile/accountlimits,data\raw\pages\help-account-and-profile-accountlimits-5321cefbf2.html,200,True,f3224bbb88aa79582f65b86d2c86a89439b94e041609242e4adde3be9b0a8b63,107400,2026-08-16T18:58:28.169294+00:00,
https://monzo.com/help/account-and-profile/account-number2,data\raw\pages\help-account-and-profile-account-number2-67d319a2cb.html,200,True,17a5cd71ae07a8731a20d70135e2dafd0e4af6d151b958dfeb11fb118e397ed7,106238,2026-08-16T18:58:28.613935+00:00,
https://monzo.com/help/account-and-profile/account-ownership-letter,data\raw\pages\help-account-and-profile-account-ownership-letter-68d8117db5.html,200,True,2f907c6d8706fe5596e3af724c50865912dc9806a9dabf555752fffaf22af328,106632,2026-08-16T18:58:29.040513+00:00,
https://monzo.com/help/account-and-profile/account-selector,data\raw\pages\help-account-and-profile-account-selector-4bee26a441.html,200,True,684988254699e19a73347b9df5ba6162e9c61690f456b0b37cac95c221a96dc2,105203,2026-08-16T18:58:29.468793+00:00,
https://monzo.com/help/account-and-profile/asked-to-update-details,data\raw\pages\help-account-and-profile-asked-to-update-details-985befc6e9.html,200,True,832a2f3a7989dd8b64133d8e2454e2cd04e41bda3c3be6f491862d3832e944f0,101565,2026-08-16T18:58:29.894667+00:00,
https://monzo.com/help/account-and-profile/bank-statement-how-to,data\raw\pages\help-account-and-profile-bank-statement-how-to-a14df2cab3.html,200,True,6c73495871823c0d7c1e5147d18919678ce9391110737deacd0a84c66e92e0b5,107648,2026-08-16T18:58:30.334458+00:00,
https://monzo.com/help/account-and-profile/branches,data\raw\pages\help-account-and-profile-branches-998caeb51a.html,200,True,009bd83f8555d586d6f0b45e4422b1d367a394ed8e73afb13ba4b11e8906ef14,105607,2026-08-16T18:58:30.767318+00:00,
https://monzo.com/help/account-and-profile/brexit-general-query,data\raw\pages\help-account-and-profile-brexit-general-query-47545a2f47.html,200,True,49fc5c9f0df74f699731608c4fe26a488febf4031a473f0e1d0074615888bfc9,96176,2026-08-16T18:58:31.208904+00:00,
https://monzo.com/help/account-and-profile/brexit-monzo-business-impact,data\raw\pages\help-account-and-profile-brexit-monzo-business-impact-a0ce7a24d9.html,200,True,e571bb8befe8e23b3a2b946c025683404e053b4c646edc0a1bc7129b07378813,95746,2026-08-16T18:58:31.636994+00:00,
https://monzo.com/help/account-and-profile/close-account,data\raw\pages\help-account-and-profile-close-account-1656c5aa45.html,200,True,63d3a56e88fecdea3951ed0e45419c0245add6aa64dd6277e940b3c32ff2bb50,102312,2026-08-16T18:58:32.070950+00:00,
https://monzo.com/help/account-and-profile/closed-account-refund,data\raw\pages\help-account-and-profile-closed-account-refund-bd79608bac.html,200,True,904e48305d674fa2854f298e098263793395e4dd01eadbbd57c0c76f9fc51d5e,98456,2026-08-16T18:58:32.504621+00:00,
https://monzo.com/help/account-and-profile/gambling-spending-block-how-to,data\raw\pages\help-account-and-profile-gambling-spending-block-how-to-a3201f0e34.html,200,True,779a7fd1403a7d5b66641e73b75bb6cdea9b8db27ed8fe55fa244436a022283e,107281,2026-08-16T18:58:32.930617+00:00,
https://monzo.com/help/account-and-profile/How-we-identify-DWP-DFC-payments,data\raw\pages\help-account-and-profile-how-we-identify-dwp-dfc-payments-ab1a831011.html,200,True,f3fd18b41930ae6869eab7eead9dbcf3d8ab69d9b2cf4be39e08bce270030cb3,108596,2026-08-16T18:58:33.356637+00:00,
https://monzo.com/help/account-and-profile/IFTTT-login,data\raw\pages\help-account-and-profile-ifttt-login-32353751f6.html,200,True,5c604a27375d4c247906a3a64346e6ff4998237f05fa5845af01a37420132889,98195,2026-08-16T18:58:33.785027+00:00,
https://monzo.com/help/account-and-profile/IFTTT-login-button-not-working,data\raw\pages\help-account-and-profile-ifttt-login-button-not-working-9792648d05.html,200,True,cfcd7fbad9f79c579de4524e19c50902573e11f177d479ebf8cb7d8bca4156b9,97944,2026-08-16T18:58:34.228838+00:00,
https://monzo.com/help/account-and-profile/IFTTT-set-up,data\raw\pages\help-account-and-profile-ifttt-set-up-7cb7ef9c67.html,200,True,835d43b1757473a50ab017797d1c2c284d7b61c4761805dacc3604e82f917a4f,98702,2026-08-16T18:58:34.670500+00:00,
https://monzo.com/help/account-and-profile/labs-what-is,data\raw\pages\help-account-and-profile-labs-what-is-c666b63a95.html,200,True,2a53d56a95510d5be59872cbe94d0b9d006517ef556729938d96cb5e999e95db,97707,2026-08-16T18:58:35.104471+00:00,
https://monzo.com/help/account-and-profile/reopening-your-account,data\raw\pages\help-account-and-profile-reopening-your-account-f6d418a0d6.html,200,True,56f3895b7e3e37dd638c5e728c1f80c9e25f7c2778af89dc329b312abbbbf842,97173,2026-08-16T18:58:35.531514+00:00,
https://monzo.com/help/account-and-profile/share-with-us,data\raw\pages\help-account-and-profile-share-with-us-6b6ef953de.html,200,True,560bde0cd16e370d88866fa7d4fa1ed89076b0c953c44fed022c699ef211bc7f,101149,2026-08-16T18:58:35.960249+00:00,
https://monzo.com/help/account-and-profile/statement-of-fees-web,data\raw\pages\help-account-and-profile-statement-of-fees-web-5947184a2c.html,200,True,101816e84c806db958bc675e8a70071a08d8308948d72bbe9e746c01666bb184,105911,2026-08-16T18:58:36.393692+00:00,
https://monzo.com/help/account-and-profile/tax-residency-eu,data\raw\pages\help-account-and-profile-tax-residency-eu-be3179c1f0.html,200,True,ec744b0cc91c048c0442124a3d4782f3fb33f5dcf0e3fe390c451ebbc5f7f279,105407,2026-08-16T18:58:36.830191+00:00,
https://monzo.com/help/account-and-profile/tax-residency-us,data\raw\pages\help-account-and-profile-tax-residency-us-a02d92c9e7.html,200,True,3b4a9dbe7c3a3f5c901cca72188b5692ee0592465d6659fbb25634776b1182a0,104892,2026-08-16T18:58:37.272441+00:00,
https://monzo.com/help/account-and-profile/understanding-fees,data\raw\pages\help-account-and-profile-understanding-fees-4562e38c0f.html,200,True,c78aff1a6f06377199aa89503557533af6c769491df48e2dc8b827a110c6d8e1,112594,2026-08-16T18:58:37.714853+00:00,
https://monzo.com/help/account-and-profile/update-email,data\raw\pages\help-account-and-profile-update-email-95458b5a04.html,200,True,2db87a0cd0d02858657daebf8eabcc8969d003460fb473456dc414c2f7159df7,99840,2026-08-16T18:58:38.139331+00:00,
https://monzo.com/help/account-and-profile/update-home-address,data\raw\pages\help-account-and-profile-update-home-address-d282af4cb1.html,200,True,ea2a002c0df952f3c70ae3dbd9100be74525272150191b9a3d46876817248489,100180,2026-08-16T18:58:38.570917+00:00,
https://monzo.com/help/account-and-profile/update-legal-name,data\raw\pages\help-account-and-profile-update-legal-name-ae92c43138.html,200,True,ad32a50de9106e27cd486f54075ffacdfe1e323846924525520dd177cb013fe4,100179,2026-08-16T18:58:39.000333+00:00,
https://monzo.com/help/account-and-profile/update-phone-number,data\raw\pages\help-account-and-profile-update-phone-number-d1a0df7a08.html,200,True,f5e28e7147a23e27259e3dbd3426abedbd7c058fb01a49db44d8b809c0c77950,99958,2026-08-16T18:58:39.430424+00:00,
https://monzo.com/help/account-and-profile/update-preferred-name,data\raw\pages\help-account-and-profile-update-preferred-name-a7058b5830.html,200,True,8582032cb2943866656c7677d305bd7ac3edeb2a8126de0ca137acdb16c23c03,100480,2026-08-16T18:58:39.855496+00:00,
https://monzo.com/help/account-and-profile/update-tax-residency,data\raw\pages\help-account-and-profile-update-tax-residency-7422b3f470.html,200,True,8fda5a7553fdca0590f46056a68614e526f643a9b0cc695a0f566660203542ac,100130,2026-08-16T18:58:40.283232+00:00,
https://monzo.com/help/account-and-profile/what-is-ifttt,data\raw\pages\help-account-and-profile-what-is-ifttt-d19ef39dcb.html,200,True,84675bbd4ead3f6ab7414ea741941c57cd7757a1b6d1bc93b62b84f7cd8afed5,98573,2026-08-16T18:58:40.709453+00:00,
https://monzo.com/help/account-and-profile/what-tax-status,data\raw\pages\help-account-and-profile-what-tax-status-88159d8081.html,200,True,6f3adce7ba7b6f987a02eaa3d8cdaa64a5ccb569ddfb5b6d88eb80a7c13de1f5,105072,2026-08-16T18:58:41.136363+00:00,
https://monzo.com/help/app-help,data\raw\pages\help-app-help-10064c3a58.html,200,True,a8d39d04a4455b4bf5c1b616ab1c89837851dd988d26ae2104051afcca070ccf,111046,2026-08-16T18:58:41.564115+00:00,
https://monzo.com/help/app-help/add-card-to-apple-google-pay,,404,False,,9928,2026-08-16T18:58:42.136698+00:00,HTTP 404
https://monzo.com/help/app-help/adding-card-to-google-pay,data\raw\pages\help-app-help-adding-card-to-google-pay-d979f8f5ce.html,200,True,6689ce7e25a26b852a6fa2fc3518e70cece1257f82bc8ef4baf86809a53e7aa8,106659,2026-08-16T18:58:42.570332+00:00,
https://monzo.com/help/app-help/apple-pay-devices,data\raw\pages\help-app-help-apple-pay-devices-e494f4e39b.html,200,True,13454e032c7d89a58ccbf004f89fc8096c7a159599a1535b0bccf897e324a7ae,104327,2026-08-16T18:58:42.999326+00:00,
https://monzo.com/help/app-help/apple-pay-payment-limit,data\raw\pages\help-app-help-apple-pay-payment-limit-390d00608a.html,200,True,efa651945db67394be07352d4e43ad44da5d4c2d0f2f55dfda04997b3de4bc9b,104550,2026-08-16T18:58:43.426105+00:00,
https://monzo.com/help/app-help/changing-notifications,data\raw\pages\help-app-help-changing-notifications-7aff3b068a.html,200,True,d0587d921120c3fb01452a0ab5f1fa77871853ded78745eb29cc3d9d8dc679c4,103664,2026-08-16T18:58:43.853753+00:00,
https://monzo.com/help/app-help/contacting-support,data\raw\pages\help-app-help-contacting-support-056c4ce624.html,200,True,1ce1fde2fae76bb1f000fe809023004d781f90d829ae0ad94e78e9a240550dc1,108106,2026-08-16T18:58:44.292496+00:00,
https://monzo.com/help/app-help/duplicate-notifications-apple-pay,data\raw\pages\help-app-help-duplicate-notifications-apple-pay-d2709c31f6.html,200,True,254c06a5db3ce690de648fd7a5367caf5ab7f3bc50cbbb2e09d450bc22a8d9db,105625,2026-08-16T18:58:44.747235+00:00,
https://monzo.com/help/app-help/finding-features-new-homescreen,,404,False,,9928,2026-08-16T18:58:45.414070+00:00,HTTP 404
https://monzo.com/help/app-help/google-pay-activation-issues,data\raw\pages\help-app-help-google-pay-activation-issues-e21518a968.html,200,True,9df4d6be6a131060eaf7452f9b1be5f5a4a50ca6c4fb6f3f14e68f78e054c706,105922,2026-08-16T18:58:45.842778+00:00,
https://monzo.com/help/app-help/GooglePayFAQs,data\raw\pages\help-app-help-googlepayfaqs-c345c7247a.html,200,True,cf2f2fb5bc8439d4174099e85b534c61f888fdaabecbb7e3921bda5de87ec61f,106951,2026-08-16T18:58:46.278318+00:00,
https://monzo.com/help/app-help/google-pay-payment-limit,data\raw\pages\help-app-help-google-pay-payment-limit-d4f58f5a33.html,200,True,b2fdca1f148b89748f8dd3e23ede403d80dfcc16ee636f2945a9e1fa694554fb,104389,2026-08-16T18:58:46.724257+00:00,
https://monzo.com/help/app-help/hiddenappmagiclink,data\raw\pages\help-app-help-hiddenappmagiclink-683237a7b4.html,200,True,0e1900dcceb40b8f1ff913d63975da0607da334e06f78c23962569b1dc66ad3f,104850,2026-08-16T18:58:47.161206+00:00,
https://monzo.com/help/app-help/lefttospendremoval,data\raw\pages\help-app-help-lefttospendremoval-84a43af1e6.html,200,True,4fe231befa9d0d7ab499aa4dfc96c65c1db6adf6ae8d311bcaeb93d2b766e3ad,103700,2026-08-16T18:58:47.588250+00:00,
https://monzo.com/help/app-help/logging-out,data\raw\pages\help-app-help-logging-out-908ebf3877.html,200,True,2db290253a9081f1e8c48667474d0ea763ed61ffb1755ffc83d72085ec4143bb,103538,2026-08-16T18:58:48.030718+00:00,
https://monzo.com/help/app-help/log-in-multiple-devices,data\raw\pages\help-app-help-log-in-multiple-devices-983af3a144.html,200,True,1f7a10749212045dfd6725e58e0b1bcdbb727e59bdc4625e95f932b31457aac0,102826,2026-08-16T18:58:48.460102+00:00,
https://monzo.com/help/app-help/making-monzo-default-card-google-pay,data\raw\pages\help-app-help-making-monzo-default-card-google-pay-3c0bcb2f51.html,200,True,57c0811293c897650250a471349ddf4b08175fc671aba2ef117282793e21d2d9,105813,2026-08-16T18:58:48.885421+00:00,
https://monzo.com/help/app-help/marketing-preferences,data\raw\pages\help-app-help-marketing-preferences-4b9da85c5b.html,200,True,d2b5a7946c1c4d3e1f32aec4bdfaa821453b07efcdd5a4bc4dc552d3037c7b7e,109143,2026-08-16T18:58:49.335358+00:00,
https://monzo.com/help/app-help/monzo-default-apple-pay-card,data\raw\pages\help-app-help-monzo-default-apple-pay-card-2a51612bd7.html,200,True,3537ba9e3af75874d76bbebae2408e91ec2bdb0fe8f3245b15225d20593c9a0b,104947,2026-08-16T18:58:49.761676+00:00,
https://monzo.com/help/app-help/opening-encrypted-files,data\raw\pages\help-app-help-opening-encrypted-files-3c803918eb.html,200,True,6849d41f0f6a61efbf932a3428e28ea31962c9f4311d57affceb1c4f3648975a,109107,2026-08-16T18:58:50.187722+00:00,
https://monzo.com/help/app-help/remove-monzo-card-from-apple-pay,data\raw\pages\help-app-help-remove-monzo-card-from-apple-pay-63e648a265.html,200,True,3e48c9e7ea0dd58df773ce8917e64acc1796dcb5a38b9c5c92537eee1edc6a0e,105732,2026-08-16T18:58:50.626032+00:00,
https://monzo.com/help/app-help/reporting-bugs,data\raw\pages\help-app-help-reporting-bugs-7837a056ab.html,200,True,d3b8ce9b5cac150b5408c3d5b251a6ac6ef4a893ad1b769f111bbb9699e73c40,102502,2026-08-16T18:58:51.067606+00:00,
https://monzo.com/help/app-help/samsung-pay,data\raw\pages\help-app-help-samsung-pay-7f8733486d.html,200,True,90296608820e1702199faf8636a764bc853fc74894cf18e0a3ec0e1fcfadac5f,104617,2026-08-16T18:58:51.507758+00:00,
https://monzo.com/help/app-help/switch-on-dark-mode-web,data\raw\pages\help-app-help-switch-on-dark-mode-web-270d0ee2cb.html,200,True,d7e0b16b69b1ccd597b9ea6bb7650dce1264a6f03b415b4ff48dd6f86645a12e,103508,2026-08-16T18:58:51.939893+00:00,
https://monzo.com/help/app-help/using-google-pay-card-frozen,data\raw\pages\help-app-help-using-google-pay-card-frozen-d2d38c17b5.html,200,True,3c6151aac59467c039f3abeb88a5210ff8aeb895b6861cc9a5c34f314b97998a,104689,2026-08-16T18:58:52.369494+00:00,
https://monzo.com/help/book-of-money,data\raw\pages\help-book-of-money-7a6d3208ca.html,200,True,8c47cfe22971345ce4112f8c721af05d4952e570c3dc84b81648d383e8e8f6d8,91637,2026-08-16T18:58:52.798325+00:00,
https://monzo.com/help/book-of-money/book-of-money,data\raw\pages\help-book-of-money-book-of-money-c97ed9f895.html,200,True,5b7a71807e17e6d8cc4f89f8996e014b2883cb6c73bce116897cc0515eaff8fc,97793,2026-08-16T18:58:53.228312+00:00,
https://monzo.com/help/budgeting-overdrafts-savings,data\raw\pages\help-budgeting-overdrafts-savings-642fe6392a.html,200,True,8811bcc9bb02495fb57523a0dd710ae11721db67f3ae00bba442f1a9b03cbc13,121861,2026-08-16T18:58:53.665948+00:00,
https://monzo.com/help/budgeting-overdrafts-savings/add-withdraw-hidden-pots,data\raw\pages\help-budgeting-overdrafts-savings-add-withdraw-hidden-pots-a7ad0972e7.html,200,True,a27c9ce2d710ff13f4fa96e3b14287233943c0487e0cff44ed272c3ff3be528c,104823,2026-08-16T18:58:54.097841+00:00,
https://monzo.com/help/budgeting-overdrafts-savings/advanced-budgeting-custom-categories,data\raw\pages\help-budgeting-overdrafts-savings-advanced-budgeting-custom-categories-403f1e9f67.html,200,True,0d2eff801f72e1300c0d7ba0b4e2ebf2322e77266c9e6578b4d3844abfcbe755,99725,2026-08-16T18:58:54.530678+00:00,
https://monzo.com/help/budgeting-overdrafts-savings/advanced-budgeting-multiple-categories,data\raw\pages\help-budgeting-overdrafts-savings-advanced-budgeting-multiple-categories-1854a67bfc.html,200,True,b275faf29a182de71c92556546e0d61cd5dec2b55d8a1adf982f2e5afdbab24c,98936,2026-08-16T18:58:54.960910+00:00,
https://monzo.com/help/budgeting-overdrafts-savings/android-safety-net,data\raw\pages\help-budgeting-overdrafts-savings-android-safety-net-96dea4a206.html,200,True,e29b49ffc57b6eeb06701a7f7b76b8d57dd1b86f941a166e0c34dc81e8da4799,97084,2026-08-16T18:58:55.385249+00:00,
https://monzo.com/help/budgeting-overdrafts-savings/archived-pots,data\raw\pages\help-budgeting-overdrafts-savings-archived-pots-9ff3d59102.html,200,True,eafd93573de0eae4083103279b25b6ef36a36de38163aebf98fc35de59ddfc2b,104288,2026-08-16T18:58:55.813739+00:00,
https://monzo.com/help/budgeting-overdrafts-savings/business-instant-access-savings-pots,data\raw\pages\help-budgeting-overdrafts-savings-business-instant-access-savings-pots-9bd6d9a694.html,200,True,c7b6f42df8a196af144f0ece102c2208fa4542aa8831d6e9d84ca268a8ecaeed,101582,2026-08-16T18:58:56.251124+00:00,
https://monzo.com/help/budgeting-overdrafts-savings/cancelling-ISA-transfer,data\raw\pages\help-budgeting-overdrafts-savings-cancelling-isa-transfer-1358a4f31f.html,200,True,3cb301554740f3a295bee38a44d163ea7cf692ff0cfb37a1191f1a522a0d483b,101245,2026-08-16T18:58:56.685242+00:00,
https://monzo.com/help/budgeting-overdrafts-savings/create-pot-app,data\raw\pages\help-budgeting-overdrafts-savings-create-pot-app-f177091835.html,200,True,7dfbd6777a1d273be4385ec4433e45053b613f5ef863068a4b3cc41ef1dc7786,103678,2026-08-16T18:58:57.108982+00:00,
https://monzo.com/help/budgeting-overdrafts-savings/getting-isa-on-joint-account,data\raw\pages\help-budgeting-overdrafts-savings-getting-isa-on-joint-account-c729b43103.html,200,True,1ab056134abc332b29f722f7d052da239b4cd1772a9f004cdc5d2c1767f11d36,100304,2026-08-16T18:58:57.536301+00:00,
https://monzo.com/help/budgeting-overdrafts-savings/hide-pots,data\raw\pages\help-budgeting-overdrafts-savings-hide-pots-e4006b2293.html,200,True,9d475ac4faa4ff1dd6a40d0332425e39829eedf6017e1c9ce3435ff843f1697b,105230,2026-08-16T18:58:57.966369+00:00,
https://monzo.com/help/budgeting-overdrafts-savings/how-does-interest-work,data\raw\pages\help-budgeting-overdrafts-savings-how-does-interest-work-919b42055c.html,200,True,84250ea9bdc8a7438436140ea1f6049e3dd20bb2eba02d414df84f87c5ea1b0b,102087,2026-08-16T18:58:58.396624+00:00,
https://monzo.com/help/budgeting-overdrafts-savings/how-do-i-transfer-my-isa,data\raw\pages\help-budgeting-overdrafts-savings-how-do-i-transfer-my-isa-ff14d2cd0f.html,200,True,38dff87fa79ad6fdfb22444eb21cb8b6eb3814ff7d19bec849a914fc5fdba199,105997,2026-08-16T18:58:58.831969+00:00,
https://monzo.com/help/budgeting-overdrafts-savings/how-to-close-pot,data\raw\pages\help-budgeting-overdrafts-savings-how-to-close-pot-845d42cf81.html,200,True,01cde7cb66918013930bc804a7f44bb58acdb76910725ef29d30659b7561ba28,103844,2026-08-16T18:58:59.262838+00:00,
https://monzo.com/help/budgeting-overdrafts-savings/how-to-set-custom-dates-summary,data\raw\pages\help-budgeting-overdrafts-savings-how-to-set-custom-dates-summary-48ed4e9bd9.html,200,True,c86ead05e736deba8d62175e3243a84f3ce3607b557e4dfb4b7ff1ceaf05925c,94652,2026-08-16T18:58:59.690110+00:00,
https://monzo.com/help/budgeting-overdrafts-savings/instant-access-limits,data\raw\pages\help-budgeting-overdrafts-savings-instant-access-limits-e1cb44d36a.html,200,True,a8a77bc9918c5675206522249f72410866dad508edbfa57dd3a7ce2916802348,100385,2026-08-16T18:59:00.131792+00:00,
https://monzo.com/help/budgeting-overdrafts-savings/instant-access-pots-new,data\raw\pages\help-budgeting-overdrafts-savings-instant-access-pots-new-9286da38ad.html,200,True,64c2db8760ea2b5b6053e94bb0474b0fda02ac23962ceea9fb4979173c4bfc10,100724,2026-08-16T18:59:00.566066+00:00,
https://monzo.com/help/budgeting-overdrafts-savings/instant-access-savings-pots-web,data\raw\pages\help-budgeting-overdrafts-savings-instant-access-savings-pots-web-7e3ccc6bc3.html,200,True,6345db2fe2ef9083c267c73e5d90e260e1bf3a3ce7ced5c273408e9f1c2a0191,105025,2026-08-16T18:59:01.000431+00:00,
https://monzo.com/help/budgeting-overdrafts-savings/interest-on-monzo-isas,data\raw\pages\help-budgeting-overdrafts-savings-interest-on-monzo-isas-9bbdc12c40.html,200,True,ed7be3c4d8a248dcf548cf1e990c93a2a21fc251fc21f7e7a6f394fb9fcc0d02,100498,2026-08-16T18:59:01.436907+00:00,
https://monzo.com/help/budgeting-overdrafts-savings/isas-and-moving-abroad,data\raw\pages\help-budgeting-overdrafts-savings-isas-and-moving-abroad-c05cf8249e.html,200,True,0205c7fe32ba4aeccc02325adedcb0e0165f5f9f0861ada461dd8f95634cdc99,100932,2026-08-16T18:59:01.872349+00:00,
https://monzo.com/help/budgeting-overdrafts-savings/moving-money-to-from-pots,,404,False,,9928,2026-08-16T18:59:02.514116+00:00,HTTP 404
https://monzo.com/help/budgeting-overdrafts-savings/paying-tax-on-an-isa,data\raw\pages\help-budgeting-overdrafts-savings-paying-tax-on-an-isa-b0dc76b6bc.html,200,True,37e2ffa94fbbe519564d9280d6cfcde49c7dbaa518fef805d4e3c3a26c4a8ee5,100397,2026-08-16T18:59:02.951594+00:00,
https://monzo.com/help/budgeting-overdrafts-savings/pots-with-overdrafts,data\raw\pages\help-budgeting-overdrafts-savings-pots-with-overdrafts-1641de7666.html,200,True,213a860d2898573f469a8ac12a8cc0915982e473fa6cc160d2a66c2308bd2519,103993,2026-08-16T18:59:03.384506+00:00,
https://monzo.com/help/budgeting-overdrafts-savings/pot-type-explanation,data\raw\pages\help-budgeting-overdrafts-savings-pot-type-explanation-88f21e2b05.html,200,True,a2bc33d8f71e6e0bd82731d8fc2dcc205831f5ae297c01fdc7dc731e79446b19,105703,2026-08-16T18:59:03.811659+00:00,
https://monzo.com/help/budgeting-overdrafts-savings/reorder-pots,data\raw\pages\help-budgeting-overdrafts-savings-reorder-pots-9896811217.html,200,True,322b62db09fb45edc41d041e60f089a7f01c2b47a689d114c997a0bbb57cdf2e,103574,2026-08-16T18:59:04.253952+00:00,
https://monzo.com/help/budgeting-overdrafts-savings/transferring-an-ISA-to-Monzo,data\raw\pages\help-budgeting-overdrafts-savings-transferring-an-isa-to-monzo-6fddd6b91d.html,200,True,a7fc31d41a343c53281abbfc9c2c15c274a7bc0b32c1b54500aec693621f4c70,102247,2026-08-16T18:59:04.684000+00:00,
https://monzo.com/help/budgeting-overdrafts-savings/trends-custom-categories-web,data\raw\pages\help-budgeting-overdrafts-savings-trends-custom-categories-web-84d423033b.html,200,True,c54ea7dfadea374aa10e12ee32fb9713fed5745c0a3fa3bfcf43f2d71b266f1e,101117,2026-08-16T18:59:05.111768+00:00,
https://monzo.com/help/budgeting-overdrafts-savings/trends-spending-and-balance-web,data\raw\pages\help-budgeting-overdrafts-savings-trends-spending-and-balance-web-9ffc03ff5b.html,200,True,a239fa5a5352f4324689a779b8d1ad3868cf9dfe69690809aa06d9a5e7b45af2,100723,2026-08-16T18:59:05.547889+00:00,
https://monzo.com/help/budgeting-overdrafts-savings/types-of-ISA-at-monzo,data\raw\pages\help-budgeting-overdrafts-savings-types-of-isa-at-monzo-9b33f520d9.html,200,True,fba3fbe5b3fb814d41cce9f16395a6c06581891d9af70f4c210775d0473d6412,100966,2026-08-16T18:59:05.985593+00:00,
https://monzo.com/help/budgeting-overdrafts-savings/unlock-pot,data\raw\pages\help-budgeting-overdrafts-savings-unlock-pot-934206063d.html,200,True,a4c328b015b2d06a219bb255ee0435b32b8646f88cee05378024fd9bd1f5beb1,95088,2026-08-16T18:59:06.427886+00:00,
https://monzo.com/help/budgeting-overdrafts-savings/web-bill-pots,data\raw\pages\help-budgeting-overdrafts-savings-web-bill-pots-d70ade7da3.html,200,True,1052fc081318422ecd4c727acacf4164624732ae72a86f0a251912a4e83fa072,106710,2026-08-16T18:59:06.865818+00:00,
https://monzo.com/help/budgeting-overdrafts-savings/web-salary-sorter,data\raw\pages\help-budgeting-overdrafts-savings-web-salary-sorter-df71a05f54.html,200,True,e747c7ad08074a6a3362ca7ad2d9e8d7aecda4f351cc1f44f79830ae66a0147d,104600,2026-08-16T18:59:07.294455+00:00,
https://monzo.com/help/budgeting-overdrafts-savings/what-are-locked-pots,data\raw\pages\help-budgeting-overdrafts-savings-what-are-locked-pots-6d286fde09.html,200,True,b0d5becc8ab2699556ebac5a1b85f99348733a5071d8cbff5402672bbf755ab0,96176,2026-08-16T18:59:07.729612+00:00,
https://monzo.com/help/budgeting-overdrafts-savings/what-is-a-pot,data\raw\pages\help-budgeting-overdrafts-savings-what-is-a-pot-b6cd55e4d6.html,200,True,1a085642b3961144d87cfaac24092b381170bf738e06b63f33811b34c3dfcec5,104429,2026-08-16T18:59:08.167421+00:00,
https://monzo.com/help/budgeting-overdrafts-savings/trends-left-to-spend-web,data\raw\pages\help-budgeting-overdrafts-savings-trends-left-to-spend-web-39bf320b2a.html,200,True,53dfd50bfd3bcc0adcccaf92f8339d50478e82edbdb9b978dc555942a6b3b543,94406,2026-08-16T18:59:08.593427+00:00,
https://monzo.com/help/budgeting-overdrafts-savings/when-is-interest-paid,data\raw\pages\help-budgeting-overdrafts-savings-when-is-interest-paid-625c6ef5d8.html,200,True,cdc30cf054321e5cdee7933960dab44d14b7d2cb5c269095d7e081d12189c95a,101589,2026-08-16T18:59:09.030712+00:00,
https://monzo.com/help/business-accounts,data\raw\pages\help-business-accounts-24401142fa.html,200,True,705657a38b9f9004be0925840469b68d242332144135963d298894edd591a005,179243,2026-08-16T18:59:09.464565+00:00,
https://monzo.com/help/business-accounts/accounting-tool-not-synced,data\raw\pages\help-business-accounts-accounting-tool-not-synced-00ab4e8778.html,200,True,9d7eb8dc485ae24c6483272f4d7c869d7c873b22f39493bef150f3c9410e5075,109896,2026-08-16T18:59:09.892720+00:00,
https://monzo.com/help/business-accounts/accounting-tools-duplicated-accounts,data\raw\pages\help-business-accounts-accounting-tools-duplicated-accounts-10315b1f44.html,200,True,e0e3a89ab2509788bff509f4ebc2813e444852834fbc68caad14ed4117757e44,110576,2026-08-16T18:59:10.321454+00:00,
https://monzo.com/help/business-accounts/add-utr,data\raw\pages\help-business-accounts-add-utr-990d05e59f.html,200,True,8cbccd31cb1447788821143bb03c3b2bd31e4076ef62d3baf52bf04295998894,109975,2026-08-16T18:59:10.757836+00:00,
https://monzo.com/help/business-accounts/auto-export-business-documents-web,data\raw\pages\help-business-accounts-auto-export-business-documents-web-35f25fad2b.html,200,True,45b3569835b42024edbbac82d9b72af244ac56d1c0eba5e8a625f70346a6f2cf,113973,2026-08-16T18:59:11.188147+00:00,
https://monzo.com/help/business-accounts/auto-export-business-transactions-web,data\raw\pages\help-business-accounts-auto-export-business-transactions-web-3186843b95.html,200,True,882efd28cee5d36cf700c8f57f29501f0519faefb6206691bd6768f11a36536a,112552,2026-08-16T18:59:11.615140+00:00,
https://monzo.com/help/business-accounts/balance-in-accounting-tools,data\raw\pages\help-business-accounts-balance-in-accounting-tools-796976020b.html,200,True,6e60b9a678d22bd272900789ceda9a0ab4bb44c522763e45ba6f8a3d9a75065c,111130,2026-08-16T18:59:12.047369+00:00,
https://monzo.com/help/business-accounts/bb-accounting-tools,data\raw\pages\help-business-accounts-bb-accounting-tools-72dad1132b.html,200,True,0f4428fefd8b48272d0e3334bedc9a15d01d61b6b0d4fbb4c3bfea3d62f683ea,117863,2026-08-16T18:59:12.475838+00:00,
https://monzo.com/help/business-accounts/bb-web-create-st-order,data\raw\pages\help-business-accounts-bb-web-create-st-order-646998ddc6.html,200,True,9918d7a31af5309ce071460debdc7bb455bb3833a2b4a6964971e670e9e15ea4,100763,2026-08-16T18:59:12.902980+00:00,
https://monzo.com/help/business-accounts/bb-web-edit-cancel-st-order,data\raw\pages\help-business-accounts-bb-web-edit-cancel-st-order-fbc4851910.html,200,True,4d44ca65616e4b2bde7cca888bc4bb852ff677f22ea36b16a23e02b7211d2691,99604,2026-08-16T18:59:13.336291+00:00,
https://monzo.com/help/business-accounts/bb-web-make-payment,data\raw\pages\help-business-accounts-bb-web-make-payment-5d627a457a.html,200,True,12fa40e8b71e1cdda12d3f73bbff0f7a052bfee24659d255665fcb78711ed820,100276,2026-08-16T18:59:13.765763+00:00,
https://monzo.com/help/business-accounts/bulk-payment-schedule-web,data\raw\pages\help-business-accounts-bulk-payment-schedule-web-b59e134841.html,200,True,e321150e2ecf5b5dc0367843a4b1008ee47e3850aefd528e4ad2470c86aaaf41,100663,2026-08-16T18:59:14.201919+00:00,
https://monzo.com/help/business-accounts/bulk-payment-troubleshoot-web,data\raw\pages\help-business-accounts-bulk-payment-troubleshoot-web-97209fc167.html,200,True,616889021884289ce3cb1394369795f48dab0527124c570d22d45c9e43be34be,101197,2026-08-16T18:59:14.666088+00:00,
https://monzo.com/help/business-accounts/bulk-payment-web,data\raw\pages\help-business-accounts-bulk-payment-web-31e2829fdc.html,200,True,195139174f375cddecc0a51e35375c6c30b478b9192db4d25fa9a3f295996ceb,103919,2026-08-16T18:59:15.105357+00:00,
https://monzo.com/help/business-accounts/bulk-payment-what-web,data\raw\pages\help-business-accounts-bulk-payment-what-web-dcd68e4bd8.html,200,True,24ec49a48e325c234f94e5d750d2e69b5c283c252b091e23d8de81ef283774f3,97509,2026-08-16T18:59:15.531830+00:00,
https://monzo.com/help/business-accounts/business-account-access-rights,data\raw\pages\help-business-accounts-business-account-access-rights-92ec0515f4.html,200,True,c8d8b8e220c039ba0023a12d761c5d8fff76ddfef8d38c3f2baa1b07be5b66fc,109255,2026-08-16T18:59:15.964309+00:00,
https://monzo.com/help/business-accounts/business-banking-cashback-just-eat-web,data\raw\pages\help-business-accounts-business-banking-cashback-just-eat-web-e074bcb975.html,200,True,855b623a585ad96cee1f19ee0816cbb0b38641bff7f1f0e1d65c016aec2703e2,99248,2026-08-16T18:59:16.390102+00:00,
https://monzo.com/help/business-accounts/business-banking-change-plan-web,data\raw\pages\help-business-accounts-business-banking-change-plan-web-2ab9fd86c7.html,200,True,db9ec0d2078eb935c0ccd8cd23d81c99d2d9059023ce82f87e12946f40c423a0,109244,2026-08-16T18:59:16.817684+00:00,
https://monzo.com/help/business-accounts/business-banking-invoicing-currency-web,data\raw\pages\help-business-accounts-business-banking-invoicing-currency-web-dc8a753bba.html,200,True,54e8057d3a656bfc2fbb3d8635f60e950416a9687775e6640a9412668b52c733,109191,2026-08-16T18:59:17.249021+00:00,
https://monzo.com/help/business-accounts/business-banking-limited-company-borrowing-web,data\raw\pages\help-business-accounts-business-banking-limited-company-borrowing-web-8c3bfc1760.html,200,True,f18ddcd9d8b4f54150c0cccbc780f4692edbd228b8a9a60152dd440ad1f385c1,98076,2026-08-16T18:59:17.680750+00:00,
https://monzo.com/help/business-accounts/business-banking-no-xero-categories,data\raw\pages\help-business-accounts-business-banking-no-xero-categories-6ca4d30149.html,200,True,091dc4d9c4be7b3d3376121d54ede3ea3b258282dc96d8f3671b9ecb97592e42,110773,2026-08-16T18:59:18.117363+00:00,
https://monzo.com/help/business-accounts/business-banking-update-registered-name-address-industry,data\raw\pages\help-business-accounts-business-banking-update-registered-name-address-industry-b0c579ea9d.html,200,True,fdbb45325ad26c2936f3042a51c873547e05ce95cf900e4f58732060a9e6d169,109333,2026-08-16T18:59:18.545750+00:00,
https://monzo.com/help/business-accounts/business-banking-web-login,data\raw\pages\help-business-accounts-business-banking-web-login-dcb8be4db3.html,200,True,39214e7d720fadbb9058340b1a15dd4d2e88338c6e69888b079bbd4c87445fc0,101758,2026-08-16T18:59:18.982345+00:00,
https://monzo.com/help/business-accounts/business-bank-statement,data\raw\pages\help-business-accounts-business-bank-statement-31fc65bd36.html,200,True,2e024e54f547d7e144986d0eb7ab66a75d685fbaf0b729802564ba8c8918a637,109037,2026-08-16T18:59:19.411937+00:00,
https://monzo.com/help/business-accounts/business-cash-deposit-limits-why-web,data\raw\pages\help-business-accounts-business-cash-deposit-limits-why-web-19c84d70a5.html,200,True,a49603d5acb8d9294925b349cf916f20ee3da31ab20adeba07fcf400166c7465,108316,2026-08-16T18:59:19.839973+00:00,
https://monzo.com/help/business-accounts/business-getpaid-easybanktransfers,data\raw\pages\help-business-accounts-business-getpaid-easybanktransfers-e7da9497a0.html,200,True,93ed16d1d87c0ae229ab7e7536e3649f7dfb0d289d35ab94715e840f42d14df1,109059,2026-08-16T18:59:20.266768+00:00,
https://monzo.com/help/business-accounts/business-getpaid-fees-web,data\raw\pages\help-business-accounts-business-getpaid-fees-web-c42cde6323.html,200,True,53fbaa249c8ed514eb526abd9e1caef91e7a7dcaf8d1992dedaedfe810e1f640,112444,2026-08-16T18:59:20.705268+00:00,
https://monzo.com/help/business-accounts/business-get-paid-invoice-numbers,data\raw\pages\help-business-accounts-business-get-paid-invoice-numbers-aa0684012b.html,200,True,c7142df338d83587be0cb3d5e3b942cbd19678b70a7b9d719d0081a970b9d1af,109026,2026-08-16T18:59:21.136260+00:00,
https://monzo.com/help/business-accounts/business-getpaid-location-settings,data\raw\pages\help-business-accounts-business-getpaid-location-settings-2f9667573a.html,200,True,acb83bc0014570de126ace4e5556945abbf356c140f216ba9bf8f2f598bcb7f7,108475,2026-08-16T18:59:21.573001+00:00,
https://monzo.com/help/business-accounts/business-getpaid-NFC-web,data\raw\pages\help-business-accounts-business-getpaid-nfc-web-8022c05d19.html,200,True,3e9508943870e2fb89f27a7a68cb04e4f5f6c94f0287da0d4d0e368afd686043,110928,2026-08-16T18:59:21.998814+00:00,
https://monzo.com/help/business-accounts/business-getpaid-paymentlinks-invoices-web,data\raw\pages\help-business-accounts-business-getpaid-paymentlinks-invoices-web-99712517d7.html,200,True,277eaa70272558ccb8ca6be408c2f7113b16f7dc68179f652de42777a424c697,118027,2026-08-16T18:59:22.428820+00:00,
https://monzo.com/help/business-accounts/business-getpaid-paymentlinks-managing,data\raw\pages\help-business-accounts-business-getpaid-paymentlinks-managing-e0daf69130.html,200,True,6edc60ec653c452dfd781500df15d1082de9cef5f5a9f9511af4cae2c77998b9,119605,2026-08-16T18:59:22.854981+00:00,
https://monzo.com/help/business-accounts/business-getpaid-stripe-online-card-payments,data\raw\pages\help-business-accounts-business-getpaid-stripe-online-card-payments-0515ea2630.html,200,True,9537d794dbcb31fb65238092397d92a519a505871f41250da8532d80a3a1fe70,113948,2026-08-16T18:59:23.279722+00:00,
https://monzo.com/help/business-accounts/business-getpaid-stripe-signup-web,data\raw\pages\help-business-accounts-business-getpaid-stripe-signup-web-0d0f2d10cf.html,200,True,1b6ad83ce2af0c30c12b627ff34e6f690607cddb3b6755bfea7d1c7b73ad3db2,121511,2026-08-16T18:59:23.708761+00:00,
https://monzo.com/help/business-accounts/business-getpaid-stripe-statement-descriptor-web,data\raw\pages\help-business-accounts-business-getpaid-stripe-statement-descriptor-web-f5be7013fd.html,200,True,72b6914a090ff7967b15e78ffdde020074955cadc619a858453d8a1d23a79a9c,109259,2026-08-16T18:59:24.145436+00:00,
https://monzo.com/help/business-accounts/business-verifying-persons-of-significant-control,data\raw\pages\help-business-accounts-business-verifying-persons-of-significant-control-823bf20bd8.html,200,True,b9d98318a6e0a342a4adf4b78ace1d7e5aec467652539cfe56efe884aedc278b,110216,2026-08-16T18:59:24.570490+00:00,
https://monzo.com/help/business-accounts/business-web-features,data\raw\pages\help-business-accounts-business-web-features-563c35b413.html,200,True,43cf309c1fa0751282031c845f2c22f09db9bc3b1cb480e0d24e0a2d80c8c7b1,100274,2026-08-16T18:59:25.007870+00:00,
https://monzo.com/help/business-accounts/business-web-security,data\raw\pages\help-business-accounts-business-web-security-09ccc59ed2.html,200,True,296eb8196e1e67e8ec9891324981b48eb36863d7a52287b6953f3a2ad90f0238,100429,2026-08-16T18:59:25.442780+00:00,
https://monzo.com/help/business-accounts/cheque-how-to-pay-business,data\raw\pages\help-business-accounts-cheque-how-to-pay-business-caf64e6ab3.html,200,True,675f05995b7ead017fc0e78aff43d4e99b7bc7c80bba59a97668ca950e7fb3d9,111338,2026-08-16T18:59:25.884812+00:00,
https://monzo.com/help/business-accounts/cheque-how-to-pay-business-by-app,data\raw\pages\help-business-accounts-cheque-how-to-pay-business-by-app-692b3a7851.html,200,True,3b31e221e7047598960ca3a954026b5e9c1cbd675b9cc73f0b5d26562fcb5445,108837,2026-08-16T18:59:26.309045+00:00,
https://monzo.com/help/business-accounts/close-business-account-web,data\raw\pages\help-business-accounts-close-business-account-web-2ee7c3d30b.html,200,True,f3ba1a40e2cbe6a86b0b2432f5b80ef06b419315f84c645e5a3703b2a733fd66,108300,2026-08-16T18:59:26.737228+00:00,
https://monzo.com/help/business-accounts/connected-accounts-business-privacy,data\raw\pages\help-business-accounts-connected-accounts-business-privacy-5312a19ed2.html,200,True,4638c68fadbb0777a0b8aaa4b538ba055de6e4ae494463b4b270f6c70319bd22,101136,2026-08-16T18:59:27.170844+00:00,
https://monzo.com/help/business-accounts/connected-accounts-business-remove,data\raw\pages\help-business-accounts-connected-accounts-business-remove-3937c529e3.html,200,True,005bcb2a48bc0bff71c0fe6c1915868e4dd0c880c820d22d98d8fc262cec7e4f,100404,2026-08-16T18:59:27.613006+00:00,
https://monzo.com/help/business-accounts/connected-accounts-business-what,data\raw\pages\help-business-accounts-connected-accounts-business-what-fd973385a1.html,200,True,88e208bf41805fdfc9e7ad1a1dc8718365ff0de17585dbfb2d41ab29801985c3,103588,2026-08-16T18:59:28.047850+00:00,
https://monzo.com/help/business-accounts/connect-to-freeagent,data\raw\pages\help-business-accounts-connect-to-freeagent-cda3defaa6.html,200,True,09f9df55d4eb5906c66b73ccb555745038d5ecfbf2eb3e36a041cd2b426ce29c,111865,2026-08-16T18:59:28.485454+00:00,
https://monzo.com/help/business-accounts/connect-to-quickbooks,data\raw\pages\help-business-accounts-connect-to-quickbooks-f7b30e8aa8.html,200,True,5f3049fc653824c7d28a78fd52c2f4eb2269edfa7ffaf8bc82ef5472a21c40c1,109505,2026-08-16T18:59:28.913611+00:00,
https://monzo.com/help/business-accounts/connect-to-xero,data\raw\pages\help-business-accounts-connect-to-xero-66a906afb6.html,200,True,9c5f727feccf3e3573345000861a6095ac112bf60b8799dd22191b92bf8a45dc,112552,2026-08-16T18:59:29.342381+00:00,
https://monzo.com/help/business-accounts/disconnecting-accounting-tool-freeagent-xero,data\raw\pages\help-business-accounts-disconnecting-accounting-tool-freeagent-xero-bc4ea94942.html,200,True,69274be811cd2eb573f565c28ba37c899f01dc44652fa2053a344996688bf774,110885,2026-08-16T18:59:29.769392+00:00,
https://monzo.com/help/business-accounts/disconnecting-accounting-tool-quickbooks,data\raw\pages\help-business-accounts-disconnecting-accounting-tool-quickbooks-55288e0e40.html,200,True,d605eda75b8b6bb897c64cb5f417eb268c73d8b60a39fab5c3e825903b160913,111319,2026-08-16T18:59:30.211355+00:00,
https://monzo.com/help/business-accounts/expensify,data\raw\pages\help-business-accounts-expensify-06582200f5.html,200,True,52b19de168ea05f81414e32756939e720898289784a0280bfb6fed922553ad50,97305,2026-08-16T18:59:30.640909+00:00,
https://monzo.com/help/business-accounts/historic-transactions-in-accounting-tools,data\raw\pages\help-business-accounts-historic-transactions-in-accounting-tools-df3f32a9e0.html,200,True,3eceeca17e15a8fbef86538ac48b90bbd4d18043e400d72c030bdd095ea12a69,111531,2026-08-16T18:59:31.068100+00:00,
https://monzo.com/help/business-accounts/How-to-add-an-expense-cardholder,data\raw\pages\help-business-accounts-how-to-add-an-expense-cardholder-24237ca20f.html,200,True,14047b59d5a7b79efbee833a091667b8218588573c68e4f58f52aab86c3b211e,103086,2026-08-16T18:59:31.510860+00:00,
https://monzo.com/help/business-accounts/how-to-cash-deposit-business-account-web,data\raw\pages\help-business-accounts-how-to-cash-deposit-business-account-web-74f3fe3e32.html,200,True,c3ec7cce26a178f35c05e6867608d6642b77c7bced62b02964de67e1c9c7e072,110065,2026-08-16T18:59:31.948817+00:00,
https://monzo.com/help/business-accounts/how-to-create-a-tax-pot,data\raw\pages\help-business-accounts-how-to-create-a-tax-pot-f81e45fa47.html,200,True,2cc7587b60344e6606399cfe488d96964620938940ff2d1ef052b82aeb6007b1,95879,2026-08-16T18:59:32.375219+00:00,
https://monzo.com/help/business-accounts/How-to-lock-and-unlock-an-expense-card,data\raw\pages\help-business-accounts-how-to-lock-and-unlock-an-expense-card-31be3f55a3.html,200,True,71ec2c65b5e1aa1aa3a8bfdbfbc1190fd25beaf60c3a1abf59d901a281f4e1c4,104114,2026-08-16T18:59:32.803218+00:00,
https://monzo.com/help/business-accounts/How-to-spend-on-an-expense-card,data\raw\pages\help-business-accounts-how-to-spend-on-an-expense-card-f5273afee7.html,200,True,dd84071e52af93b8c0a27d0466cf86d7fe99b08e596fcb19329838b9ae0b826f,102510,2026-08-16T18:59:33.232994+00:00,
https://monzo.com/help/business-accounts/insights-change-date,data\raw\pages\help-business-accounts-insights-change-date-91e6780f53.html,200,True,4d257af9593bb00e873601dc2aefcccbaadc38030fa68cda00c387b06d199675,102083,2026-08-16T18:59:33.662964+00:00,
https://monzo.com/help/business-accounts/manual-export-transactions-accounting-tools,data\raw\pages\help-business-accounts-manual-export-transactions-accounting-tools-87a81f4383.html,200,True,c6523166095e3f271dd6f5f637127cef583e56989a15e3ee351bff4de112b5ed,111597,2026-08-16T18:59:34.102652+00:00,
https://monzo.com/help/business-accounts/monthly-cash-flow-report-faq-business,data\raw\pages\help-business-accounts-monthly-cash-flow-report-faq-business-6f21778a29.html,200,True,f92e0aa673971d0e9c349a75595bfb339315e403b7548b7ccc8597cc0823f020,105623,2026-08-16T18:59:34.544800+00:00,
https://monzo.com/help/business-accounts/Monzo-address,data\raw\pages\help-business-accounts-monzo-address-0a6113ec7f.html,200,True,b5374b626458acf8f0a3c03cccde855bac17862e351a46e12a4a80e501a99bbe,108065,2026-08-16T18:59:34.972875+00:00,
https://monzo.com/help/business-accounts/monzo-business-team-members,data\raw\pages\help-business-accounts-monzo-business-team-members-0ee90681d8.html,200,True,711d03b7c14089c2c36de7e1ebdc165f404b1e9c4821d59b8cf115dc5be0a0a9,110327,2026-08-16T18:59:35.412745+00:00,
https://monzo.com/help/business-accounts/payments-from-pots-business-account,data\raw\pages\help-business-accounts-payments-from-pots-business-account-9cfff21c19.html,200,True,d1514a2e4d10deb7aeb91748b4d29ae5895e281ad9b724877388dbbb6f982209,106298,2026-08-16T18:59:35.860697+00:00,
https://monzo.com/help/business-accounts/pots-in-accounting-tools,data\raw\pages\help-business-accounts-pots-in-accounting-tools-e9a0b53632.html,200,True,2ecaa1df711993a3c7e61452b3dfdd76bc329f9fc32d8fd6b7788cb1146f9347,110426,2026-08-16T18:59:36.286494+00:00,
https://monzo.com/help/business-accounts/reusable-payment-links-web,data\raw\pages\help-business-accounts-reusable-payment-links-web-ab30b17fa0.html,200,True,254e0ec5523b88b439820b0ecf56481af6cde8ee0404395100ac2421b1b42104,110018,2026-08-16T18:59:36.715399+00:00,
https://monzo.com/help/business-accounts/square,data\raw\pages\help-business-accounts-square-5f1d2a1138.html,200,True,44e661d2b40f1d74a904bcbf66a47bf8331f05fb50499a14303fdb419ae3f9a9,97536,2026-08-16T18:59:37.146118+00:00,
https://monzo.com/help/business-accounts/stripe-accept-contactless-web,data\raw\pages\help-business-accounts-stripe-accept-contactless-web-ac8abb7fc1.html,200,True,417dac603a9148acf327f039719a63ac68fbc0d13396a257bedad919c4a0b744,111195,2026-08-16T18:59:37.575142+00:00,
https://monzo.com/help/business-accounts/stripe-pay-out-web,data\raw\pages\help-business-accounts-stripe-pay-out-web-211602a9c9.html,200,True,e6309bbfdef9038a7a4e6b940f5e00be4e622e878a5ffbe4fdc1f9de0a53062c,109676,2026-08-16T18:59:38.010490+00:00,
https://monzo.com/help/business-accounts/transaction-missing-from-accounting-tools,data\raw\pages\help-business-accounts-transaction-missing-from-accounting-tools-34a7119546.html,200,True,bf2c9b3820ca9c69da8324b56e21c192854c7f15374983981a69726403d979e4,110782,2026-08-16T18:59:38.448710+00:00,
https://monzo.com/help/business-accounts/Understanding-spending-controls-and-limits-for-expense-cardholders,data\raw\pages\help-business-accounts-understanding-spending-controls-and-limits-for-expense-ca-26c611222d.html,200,True,d907bbe01b121aeb8eb9791553d8dc2d3983e38872f60173bc31f1042305b3dd,103685,2026-08-16T18:59:38.878620+00:00,
https://monzo.com/help/business-accounts/virtual-card-on-pot-dispute,data\raw\pages\help-business-accounts-virtual-card-on-pot-dispute-d9e7db352f.html,200,True,33de6e021d7112f19a987373660746b489468fdce9b32430cf1ed2b9080cf5e6,103069,2026-08-16T18:59:39.310293+00:00,
https://monzo.com/help/business-accounts/virtual-card-on-pot-how-business-account,data\raw\pages\help-business-accounts-virtual-card-on-pot-how-business-account-91ea1e1289.html,200,True,38ea4f2b514203f1fe52e8b2efb5ed8a6f3500302d69044fd9fbd32b95d60dbf,104571,2026-08-16T18:59:39.735379+00:00,
https://monzo.com/help/business-accounts/virtual-cards-how-business-banking,data\raw\pages\help-business-accounts-virtual-cards-how-business-banking-2e8cf5d79e.html,200,True,71a16f4d49beb5d59ff5e261918ccd4908a150554ebba35aec475072937094ab,103234,2026-08-16T18:59:40.164175+00:00,
https://monzo.com/help/business-accounts/virtual-cards-limits-business-account,data\raw\pages\help-business-accounts-virtual-cards-limits-business-account-34749b81c0.html,200,True,f391cdcb7f7145fb5bb9368aecc0800af66cf73756f5a2a27c991eade5e49267,103272,2026-08-16T18:59:40.602489+00:00,
https://monzo.com/help/business-accounts/virtual-cards-multiple-team-members-business-account,data\raw\pages\help-business-accounts-virtual-cards-multiple-team-members-business-account-e97cc8dea4.html,200,True,0a8b5c9caeb5b45d3032d60349c13260369918dae605e177ee13337db9ece339,103548,2026-08-16T18:59:41.030907+00:00,
https://monzo.com/help/business-accounts/virtual-cards-not-working-business-banking,data\raw\pages\help-business-accounts-virtual-cards-not-working-business-banking-9f784597d0.html,200,True,e101cad0758b58960da4955cc67e6587619f4c82e9810b10e26a3d242cd365e4,103279,2026-08-16T18:59:41.464796+00:00,
https://monzo.com/help/business-accounts/virtual-cards-what-business-banking,data\raw\pages\help-business-accounts-virtual-cards-what-business-banking-a3c0b7ce46.html,200,True,8621a50042c2c3e8386dee0d674c790ac6023991529f9cdf98a7168bbdd2c06f,104196,2026-08-16T18:59:41.891275+00:00,
https://monzo.com/help/business-accounts/virtul-cards-apple-google-pay-business-account,data\raw\pages\help-business-accounts-virtul-cards-apple-google-pay-business-account-1cd43d87f3.html,200,True,a6f2b00d23e24f411271aed68a9bb34fc218307fb1372597a89554afa6eadf67,104330,2026-08-16T18:59:42.317264+00:00,
https://monzo.com/help/business-accounts/what-is-an-expense-card,data\raw\pages\help-business-accounts-what-is-an-expense-card-4a694bf728.html,200,True,4af374b00c58f61b80c635eb107f4c3ab935ccda1136c9a38ac5e41c066153be,103260,2026-08-16T18:59:42.746205+00:00,
https://monzo.com/help/business-accounts/what-is-a-tax-pot,data\raw\pages\help-business-accounts-what-is-a-tax-pot-90590e095e.html,200,True,c976aba4354aa254f8024b805293d00dd3f64a937e31f40bf5ce5297327b0021,96070,2026-08-16T18:59:43.174973+00:00,
https://monzo.com/help/business-accounts/what-is-insights,data\raw\pages\help-business-accounts-what-is-insights-979a25ee8a.html,200,True,be5f910502c44902fb40a4f1b3ecf36f84faa985d5517a49fa069da7b8fcce2e,104780,2026-08-16T18:59:43.604861+00:00,
https://monzo.com/help/business-accounts/what-month-in-review-business,data\raw\pages\help-business-accounts-what-month-in-review-business-3230a471bf.html,200,True,d6b7ba7b70377780d096b4f1a01533902de696354f619b12a415acbb45584581,104829,2026-08-16T18:59:44.033161+00:00,
https://monzo.com/help/business-accounts/wise-payment-status-business-banking,data\raw\pages\help-business-accounts-wise-payment-status-business-banking-db00304a3f.html,200,True,a2a4116c268d5f1a5b901bca510d592aae95f352ae5adfe2896f00046b6d6af2,101805,2026-08-16T18:59:44.470099+00:00,
https://monzo.com/help/business-accounts/xero-expense-integration,data\raw\pages\help-business-accounts-xero-expense-integration-028ca4932f.html,200,True,c2c152ffa84a72aea4380166d10c619def2cb602b167c37bfdda0876977014d5,112132,2026-08-16T18:59:44.897376+00:00,
https://monzo.com/help/business-accounts-signup,data\raw\pages\help-business-accounts-signup-f7c1ac41e7.html,200,True,15462b8ad18d0a61b55c7374d214325f1d079063fb0929964249ab758a249d59,102081,2026-08-16T18:59:45.324093+00:00,
https://monzo.com/help/business-accounts-signup/business-account-getting-in-after-submitting-application,data\raw\pages\help-business-accounts-signup-business-account-getting-in-after-submitting-appli-b5d83f84a3.html,200,True,0df485d99947d04ef26f4b3a5b335232e0be2363edc5a797c851935e921e6d80,106278,2026-08-16T18:59:45.748776+00:00,
https://monzo.com/help/business-accounts-signup/business-account-signup-no-personal-account,data\raw\pages\help-business-accounts-signup-business-account-signup-no-personal-account-1ac12df9ec.html,200,True,06dec57e03e454195cfa2c7c0552be151d02221fe38ac3e65ff2f6e2a0f5d099,112105,2026-08-16T18:59:46.187198+00:00,
https://monzo.com/help/business-accounts-signup/business-account-signup-start-on-web,data\raw\pages\help-business-accounts-signup-business-account-signup-start-on-web-6da15d0325.html,200,True,0019fb884cea09e9fe0fdc8d5d310cc62cd6693494f8dde728f9c89158af7c03,108700,2026-08-16T18:59:46.612748+00:00,
https://monzo.com/help/business-accounts-signup/business-banking-cass,data\raw\pages\help-business-accounts-signup-business-banking-cass-d2749e6b18.html,200,True,6ce602c8ef7a74f6da05b512dd2a7e0ca1342f7ada17e08142eddd68ed1b29d4,105563,2026-08-16T18:59:47.040173+00:00,
https://monzo.com/help/business-accounts-signup/business-card-delivery-address,data\raw\pages\help-business-accounts-signup-business-card-delivery-address-6cea13bf5f.html,200,True,2449050a1b7cc6b2e70230aa9190410b48da53111c6e59ae2b669f1c343a76f6,106440,2026-08-16T18:59:47.470095+00:00,
https://monzo.com/help/business-accounts-signup/business-verifying-persons-of-significant-control,data\raw\pages\help-business-accounts-signup-business-verifying-persons-of-significant-control-3f508d1e55.html,200,True,b87d77d2f8339f0627814b53519a939538d881dec78b0f32e6b471e67c06551d,97061,2026-08-16T18:59:47.908724+00:00,
https://monzo.com/help/business-accounts-signup/business-verifying-persons-of-significant-control-at-sign-up,data\raw\pages\help-business-accounts-signup-business-verifying-persons-of-significant-control--1a22f832a2.html,200,True,45491102c6463993c00cb264a7459839856c5e71603d526840811fe31f3146aa,108517,2026-08-16T18:59:48.344376+00:00,
https://monzo.com/help/business-accounts-signup/eligible-businesses,data\raw\pages\help-business-accounts-signup-eligible-businesses-9371920d53.html,200,True,fa968a1a1d204227188f687b90de2cdf7bf6d12c51fd6fbb683cd3af8d0e40dc,107690,2026-08-16T18:59:48.772212+00:00,
https://monzo.com/help/business-accounts-signup/monzo-business-signup-existing-personal-account,data\raw\pages\help-business-accounts-signup-monzo-business-signup-existing-personal-account-94750898ed.html,200,True,83397f9185b301bec7d33c9c43bf4f81b64c7afdb5c4e3b586dbc837a179b14a,112365,2026-08-16T18:59:49.210295+00:00,
https://monzo.com/help/business-accounts-signup/monzo-business-team-members,data\raw\pages\help-business-accounts-signup-monzo-business-team-members-844312822f.html,200,True,0dc16c556b1e0b961f93660cad913950109a7ca82b9bc4a662306ce69df2d4aa,108408,2026-08-16T18:59:49.639557+00:00,
https://monzo.com/help/business-accounts-signup/multiple-business-accounts,data\raw\pages\help-business-accounts-signup-multiple-business-accounts-c76ebca0ed.html,200,True,215067e43aed80c648e326624ab4434618ac868d9f3a2565d79295bc25a977d2,106589,2026-08-16T18:59:50.069191+00:00,
https://monzo.com/help/business-accounts-signup/using-current-account-for-business,data\raw\pages\help-business-accounts-signup-using-current-account-for-business-de4d27afd7.html,200,True,22af7b1b43eefff45de8f004f9e3f6be430c749253c465767cb17021f9b3dc3a,107852,2026-08-16T18:59:50.494684+00:00,
https://monzo.com/help/business-category-making-tax-digital,data\raw\pages\help-business-category-making-tax-digital-1212fa1f79.html,200,True,d38598c6fef80cb79c3e7860e6cad5a1e5195286ff57dedfbac85137f72dbdfc,120482,2026-08-16T18:59:50.922988+00:00,
https://monzo.com/help/business-category-making-tax-digital/business-mtd-monzo-help,data\raw\pages\help-business-category-making-tax-digital-business-mtd-monzo-help-511667e57b.html,200,True,68ba2c31765f3f273d2a562b3c5515f6a53184a5cff6db646fb8e36ca277377f,130878,2026-08-16T18:59:51.348751+00:00,
https://monzo.com/help/business-category-making-tax-digital/business-what-is-making-tax-digital,data\raw\pages\help-business-category-making-tax-digital-business-what-is-making-tax-digital-4273c3bb54.html,200,True,418e5ce89129678922d702799b7ed55835a1d164209a5d0468b38cbd47434955,130908,2026-08-16T18:59:51.772401+00:00,
https://monzo.com/help/business-expensecards,data\raw\pages\help-business-expensecards-bac402502c.html,200,True,5ec7f4338aee2a35bd3b35548df961e09b12e613548caa63fd3fb308a8a19309,98736,2026-08-16T18:59:52.200334+00:00,
https://monzo.com/help/business-expensecards/business-account-access-rights,data\raw\pages\help-business-expensecards-business-account-access-rights-d2fb8d5f98.html,200,True,8719c15dc0e4c73760b9351026ed3471469f5cee86d822192f8de66e860c6d43,104109,2026-08-16T18:59:52.641086+00:00,
https://monzo.com/help/business-expensecards/How-to-add-an-expense-cardholder,data\raw\pages\help-business-expensecards-how-to-add-an-expense-cardholder-46b9808da6.html,200,True,6ba3025b65cce971b7969c8e8dbf6db11b2b1ac567e0f428858cecfc0c4391cb,103166,2026-08-16T18:59:53.065596+00:00,
https://monzo.com/help/business-expensecards/How-to-lock-and-unlock-an-expense-card,data\raw\pages\help-business-expensecards-how-to-lock-and-unlock-an-expense-card-da71f3db55.html,200,True,4a6fbddda8d261727c60836a6084bd1796f3e29273d36970398fdd4dbcaedea2,104206,2026-08-16T18:59:53.494361+00:00,
https://monzo.com/help/business-expensecards/How-to-spend-on-an-expense-card,data\raw\pages\help-business-expensecards-how-to-spend-on-an-expense-card-ffd31c4798.html,200,True,b4219ad2f3c18e25847dc2ef68095161f35200c0cfc22bd17b13fc67264ad191,102602,2026-08-16T18:59:53.923885+00:00,
https://monzo.com/help/business-expensecards/monzo-business-team-members,data\raw\pages\help-business-expensecards-monzo-business-team-members-a616964ed1.html,200,True,67acae7e20971e9b245c600b5e650fc87b8ace9ae85be4678dbe39e0d34a3065,105199,2026-08-16T18:59:54.365984+00:00,
https://monzo.com/help/business-expensecards/Understanding-spending-controls-and-limits-for-expense-cardholders,data\raw\pages\help-business-expensecards-understanding-spending-controls-and-limits-for-expens-456aeae7fe.html,200,True,7e76aa6dbe87df02a963482011b4fb5d443f0eae3853c7db9405941d72735971,103765,2026-08-16T18:59:54.795998+00:00,
https://monzo.com/help/business-expensecards/what-is-an-expense-card,data\raw\pages\help-business-expensecards-what-is-an-expense-card-ad36a074d6.html,200,True,18ac0d7376d6a7eea863a3f5aa45c3e34960266b3471a510f068849c53c587d3,103352,2026-08-16T18:59:55.224114+00:00,
https://monzo.com/help/business-getpaid,data\raw\pages\help-business-getpaid-69834c96e3.html,200,True,65d7a5f7235930664647a99579778a25d73dec58feb10240167b94c60818a67c,103260,2026-08-16T18:59:55.664360+00:00,
https://monzo.com/help/business-getpaid/business-banking-invoicing-currency-web,data\raw\pages\help-business-getpaid-business-banking-invoicing-currency-web-a4e4ea6e6e.html,200,True,38bb44231b8e6070ee86f4b1e9370c4c6cabfd6405e633c65e76c81a4225d91f,109050,2026-08-16T18:59:56.100331+00:00,
https://monzo.com/help/business-getpaid/business-getpaid-easybanktransfers,data\raw\pages\help-business-getpaid-business-getpaid-easybanktransfers-aeafd56a07.html,200,True,99c6a53f31e5757e5464d8927287651e26bd930be91a0530bcccdd21c175a50a,108918,2026-08-16T18:59:56.527809+00:00,
https://monzo.com/help/business-getpaid/business-getpaid-fees-web,data\raw\pages\help-business-getpaid-business-getpaid-fees-web-42fd87e278.html,200,True,e95d870c3722a9a89f55d292b0739b3d48e4e14bfc5bc090be77fcb0fa5ea31d,112303,2026-08-16T18:59:56.964324+00:00,
https://monzo.com/help/business-getpaid/business-get-paid-invoice-numbers,data\raw\pages\help-business-getpaid-business-get-paid-invoice-numbers-3a45f62978.html,200,True,d6b5de87647977b8889c51b2bc8e72b4c9cdf4a5dbe34779bccfa7609978223f,108885,2026-08-16T18:59:57.393544+00:00,
https://monzo.com/help/business-getpaid/business-getpaid-location-settings,data\raw\pages\help-business-getpaid-business-getpaid-location-settings-1990479054.html,200,True,de7020e8ed2bfcf0026b4c8afa756b2d77e07d116d162cadb2d65b7229fed03e,108334,2026-08-16T18:59:57.828061+00:00,
https://monzo.com/help/business-getpaid/business-getpaid-NFC-web,data\raw\pages\help-business-getpaid-business-getpaid-nfc-web-592da1c769.html,200,True,5f9cfd2747a371386bb461797676434a8ca34f21774f8d84fc60b6f98d5a1dcf,110787,2026-08-16T18:59:58.255301+00:00,
https://monzo.com/help/business-getpaid/business-getpaid-paymentlinks-invoices-web,data\raw\pages\help-business-getpaid-business-getpaid-paymentlinks-invoices-web-9bbf94ab82.html,200,True,3fd647d6c1bcd5da2d623e5d9eb88160610ff00d5195c5dfc7cfe5ebcf574d6f,117886,2026-08-16T18:59:58.684177+00:00,
https://monzo.com/help/business-getpaid/business-getpaid-paymentlinks-managing,data\raw\pages\help-business-getpaid-business-getpaid-paymentlinks-managing-e025bfd798.html,200,True,058244dad0448614b6bbecafe109d4633e70e04360b3c4acce79b8015ffc425e,119464,2026-08-16T18:59:59.127924+00:00,
https://monzo.com/help/business-getpaid/business-getpaid-stripe-online-card-payments,data\raw\pages\help-business-getpaid-business-getpaid-stripe-online-card-payments-d6b4807f7d.html,200,True,d894bc3673d733c20af3bb17778ef0468bfa59ba0c601c228f41c87f10b44441,113807,2026-08-16T18:59:59.555897+00:00,
https://monzo.com/help/business-getpaid/business-getpaid-stripe-signup-web,data\raw\pages\help-business-getpaid-business-getpaid-stripe-signup-web-27949572fd.html,200,True,35d81d2be2363b012ec54b45033a30aea8abbdae34f66c724f49f4808cc833ad,121370,2026-08-16T18:59:59.980073+00:00,
https://monzo.com/help/business-getpaid/business-getpaid-stripe-statement-descriptor-web,data\raw\pages\help-business-getpaid-business-getpaid-stripe-statement-descriptor-web-27816293d9.html,200,True,e10badbb4acdbd70933e5de4eda9dae4cf69eee0c1608a21e9402d41d75e9590,109118,2026-08-16T19:00:00.409960+00:00,
https://monzo.com/help/business-getpaid/reusable-payment-links-web,data\raw\pages\help-business-getpaid-reusable-payment-links-web-d9039173ee.html,200,True,acdc2975132c2287e07fd7aae355e242dd85b6eb1bab24dc94054b4b4d8198bf,109877,2026-08-16T19:00:00.851945+00:00,
https://monzo.com/help/business-getpaid/stripe-accept-contactless-web,data\raw\pages\help-business-getpaid-stripe-accept-contactless-web-5492639235.html,200,True,38d7ef8f224ca4c0d469b6ae920007c94b55ebc7c2b20f5cd409bd692a5cffaa,111054,2026-08-16T19:00:01.279667+00:00,
https://monzo.com/help/business-getpaid/stripe-pay-out-web,data\raw\pages\help-business-getpaid-stripe-pay-out-web-53f06914d4.html,200,True,556544e38c76355480931a77c87cf7feef3eb89a17e15345e4f760ec8ff284da,109535,2026-08-16T19:00:01.706619+00:00,
https://monzo.com/help/cashback,data\raw\pages\help-cashback-1cff81f83d.html,200,True,c28e5ce21fd4643af13121daa07c34b3bed52c90eb0868c5fb0eb52d10f594e8,99628,2026-08-16T19:00:02.145314+00:00,
https://monzo.com/help/cashback/cashback-data,data\raw\pages\help-cashback-cashback-data-3bc344f2f2.html,200,True,b858ce752e07ab220f71a4a41f0832feb944bf03d967caf4028f04cb0f54e802,97619,2026-08-16T19:00:02.577769+00:00,
https://monzo.com/help/cashback/cashback-feedback,data\raw\pages\help-cashback-cashback-feedback-5587610438.html,200,True,d23368f737b9492df81b677481fbd4e3cc7681320b7e7d910b1c224ae8f12b82,94020,2026-08-16T19:00:03.003544+00:00,
https://monzo.com/help/cashback/cashback-offers,data\raw\pages\help-cashback-cashback-offers-5888c19b13.html,200,True,5ede044c3692b42582dc854ebea9569e9ed469624eb3e13a579f6e69106fe4ce,98299,2026-08-16T19:00:03.444866+00:00,
https://monzo.com/help/cashback/cashback-opt-out,data\raw\pages\help-cashback-cashback-opt-out-947bd476a7.html,200,True,7da6c478784445c64bb89d551b646606122f4a5178802490f9910f6844c4459b,95192,2026-08-16T19:00:03.900718+00:00,
https://monzo.com/help/cashback/cashback-refunds-disputes,data\raw\pages\help-cashback-cashback-refunds-disputes-b4eb8c5255.html,200,True,3fa8aa8d691bcbe5789ffd1a8261901713720a0f939bdd666b5b98a8fe9b9948,94529,2026-08-16T19:00:04.329011+00:00,
https://monzo.com/help/cashback/cashback-terms-conditions,data\raw\pages\help-cashback-cashback-terms-conditions-1194250290.html,200,True,bdfa1d6359a498612417dcb46d3e29dfca16500e9c18ca4e235ecc72fdd90236,94820,2026-08-16T19:00:04.759695+00:00,
https://monzo.com/help/cashback/marketing-permissions,data\raw\pages\help-cashback-marketing-permissions-eb15933032.html,200,True,694f5340e510f1ea2c809294f84fe5bf9c373e3573899818b33620caef78bb17,97280,2026-08-16T19:00:05.189496+00:00,
https://monzo.com/help/cashback/what-is-cashback,data\raw\pages\help-cashback-what-is-cashback-fec9e1f3c1.html,200,True,c1af5ff5d25bad67f8eb09c43bd1cf9d6227a1621cc8b26558d9d433112add2f,99065,2026-08-16T19:00:05.620779+00:00,
https://monzo.com/help/closed-accounts,data\raw\pages\help-closed-accounts-8ceed6148b.html,200,True,f2982ba37ecb917579a808898b7d9827b61fa4e034f48205d9b3402938261ced,90425,2026-08-16T19:00:06.060104+00:00,
https://monzo.com/help/emergencies,data\raw\pages\help-emergencies-71c187f4de.html,200,True,953bd8adcaa1bf66e79937d115e11e936ba26a4b83895bdf213e88f400bbf692,96670,2026-08-16T19:00:06.514533+00:00,
https://monzo.com/help/emergencies/account-blocked,data\raw\pages\help-emergencies-account-blocked-41fbca36c0.html,200,True,ae2ced0473a8b3ba5bf6328d65cbb0d101bd577c37fd9952154560e4c0a031d8,100407,2026-08-16T19:00:06.942443+00:00,
https://monzo.com/help/emergencies/dont-know-forgot-pin,data\raw\pages\help-emergencies-dont-know-forgot-pin-955261bc46.html,200,True,269fcd2c26dfe1ef2d1a058f6054a69ae1b4156f8ca9e82334caa696610a9dc3,100046,2026-08-16T19:00:07.368817+00:00,
https://monzo.com/help/emergencies/found-monzo-card-web,data\raw\pages\help-emergencies-found-monzo-card-web-5b4da20b7d.html,200,True,3034760d19fbf0d0edf08326a5f7125ab6a226d1185ac05fb81fc8d6cd13ba94,101820,2026-08-16T19:00:07.795515+00:00,
https://monzo.com/help/emergencies/lost-phone,data\raw\pages\help-emergencies-lost-phone-e5bd22bd6f.html,200,True,e40f03a3415201cff4e1451dd387f22192e2b6fc4420b391c48a431c294968aa,101419,2026-08-16T19:00:08.225310+00:00,
https://monzo.com/help/emergencies/monzo-card-blocked,data\raw\pages\help-emergencies-monzo-card-blocked-34dab18822.html,200,True,695df0ad42491dc60afd63e68c0c28789e73b58de518baffc607b1618bb86250,100175,2026-08-16T19:00:08.675668+00:00,
https://monzo.com/help/emergencies/monzo-card-lost-damaged-stolen,data\raw\pages\help-emergencies-monzo-card-lost-damaged-stolen-e402bf8e6f.html,200,True,645367e0184348441c814eb302c632da0f5b2c0afc29c7848512fb3be6da8354,102729,2026-08-16T19:00:09.099579+00:00,
https://monzo.com/help/emergencies/report-fraud,data\raw\pages\help-emergencies-report-fraud-0d920ac35a.html,200,True,288703c5510c43b73d42da8734f1d33355bfaf126c36290b1a023c3fd05269c8,104636,2026-08-16T19:00:09.527779+00:00,
https://monzo.com/help/emergencies/take-out-cash-atm-locator,data\raw\pages\help-emergencies-take-out-cash-atm-locator-d2e4aaa35e.html,200,True,7d47eec8b4c69a70621da91960554d91994d981814cc4b5753e29cc1f2f59c4f,99415,2026-08-16T19:00:09.955339+00:00,
https://monzo.com/help/investments,data\raw\pages\help-investments-43c566c0a7.html,200,True,e1debf1e83ede8e1f00cbc8785ac31611973c2c00307f59dbf0b98a2ad21595e,106868,2026-08-16T19:00:10.386496+00:00,
https://monzo.com/help/investments/choosing-investment-type,data\raw\pages\help-investments-choosing-investment-type-5ecb6a0500.html,200,True,6bad2add5743ef3b47b57ca34fb01b4e6fae56c9fade3052d971a16ae221e8eb,113607,2026-08-16T19:00:10.822574+00:00,
https://monzo.com/help/investments/investing-in-multiple-funds,data\raw\pages\help-investments-investing-in-multiple-funds-d56b238b26.html,200,True,4d40612b03da44bc7fc488c4c60846bc994c2bff686fef3a6f5cf8a744403c0e,112004,2026-08-16T19:00:11.249979+00:00,
https://monzo.com/help/investments/investment-app-update,data\raw\pages\help-investments-investment-app-update-bc3c09cd0d.html,200,True,bcdf70a9199d0e6d64808ad64287af90e7440277c77bbbecfd90d30f1233a282,111243,2026-08-16T19:00:11.679816+00:00,
https://monzo.com/help/investments/investment-change-fund,data\raw\pages\help-investments-investment-change-fund-4c604a9cfb.html,200,True,3eab5613e30639622ec569ef4d94ae654b37936eeba0e9dee7285cf648f9406e,113795,2026-08-16T19:00:12.107905+00:00,
https://monzo.com/help/investments/investments-contract-note,data\raw\pages\help-investments-investments-contract-note-d699abd7bd.html,200,True,aeee04336e9f89df9f8a2567b77dc262e1468c76da4b794905144ea4a5d00655,111252,2026-08-16T19:00:12.545470+00:00,
https://monzo.com/help/investments/investments-FSCS,data\raw\pages\help-investments-investments-fscs-35180600a5.html,200,True,e79bb0f0703d9ba96c012c990f4480f26cb4ff976b69e5db9b0d81419f0e7484,111266,2026-08-16T19:00:12.970263+00:00,
https://monzo.com/help/investments/investments-gia-and-isa,data\raw\pages\help-investments-investments-gia-and-isa-537895069c.html,200,True,d886251a8ad775c13c3d46f9b566f923f5c4724d047cbd16953916ff7ce705db,110812,2026-08-16T19:00:13.400653+00:00,
https://monzo.com/help/investments/investments-minimum,data\raw\pages\help-investments-investments-minimum-345a512e06.html,200,True,34754745960f66086faa8434dfd201e5ba85882995397ad1e8ca22eeaa9b0b22,110684,2026-08-16T19:00:13.845865+00:00,
https://monzo.com/help/investments/investments-on-joint-account,data\raw\pages\help-investments-investments-on-joint-account-dad0dc621c.html,200,True,aad1de98c3a52875a8b2236b806c8909befb41491052f0effcd571343534edf4,110717,2026-08-16T19:00:14.283763+00:00,
https://monzo.com/help/investments/investments-or-savings,data\raw\pages\help-investments-investments-or-savings-0fe4a662eb.html,200,True,8dd6fc76c3201dda58011e0033d01bb14b1d77bb9964967e54c44b282ef50497,111241,2026-08-16T19:00:14.712187+00:00,
https://monzo.com/help/investments/investment-sustainability,data\raw\pages\help-investments-investment-sustainability-6f768b5bac.html,200,True,e39aaf8cc81cc6781bd014dc754d83eeb1f5971c844e031f21a5a80a529c5a78,112581,2026-08-16T19:00:15.143773+00:00,
https://monzo.com/help/investments/open-close-investments,data\raw\pages\help-investments-open-close-investments-4fc36e23ac.html,200,True,5177290c4752d73ae5ce1bb8c5e6b76a9f64479d29d629cdf61fb55f2f632c44,110907,2026-08-16T19:00:15.568208+00:00,
https://monzo.com/help/investments/partnerships-with-blackrock-and-seccl,data\raw\pages\help-investments-partnerships-with-blackrock-and-seccl-9f73c1be29.html,200,True,3022f1577a97a66ab3c457378780e0cd6930e2e563bbb1c48274901e0b2abd27,112804,2026-08-16T19:00:16.002330+00:00,
https://monzo.com/help/investments/pot-type-explanation,data\raw\pages\help-investments-pot-type-explanation-6c7f9221f2.html,200,True,3b8dd9717c512bea0b5a2dfcc964aab3d4f94895b25f359fb31a3e7590315793,116321,2026-08-16T19:00:16.443465+00:00,
https://monzo.com/help/investments/transfer-gia,data\raw\pages\help-investments-transfer-gia-3ec318b651.html,200,True,b4ac42386f0e75020f885734643e707410701c1d333725dbb947098f79fc5a23,110795,2026-08-16T19:00:16.883302+00:00,
https://monzo.com/help/investments/what-is-gia,data\raw\pages\help-investments-what-is-gia-5ade8f47ff.html,200,True,a3a539d4b67944c0e51a97093b198f8c5ce0ccc9e597dbfbba25d255c3e971b2,110966,2026-08-16T19:00:17.311656+00:00,
https://monzo.com/help/investments/What-is-stocks-and-shares-isa,data\raw\pages\help-investments-what-is-stocks-and-shares-isa-158a6c590d.html,200,True,5b2e7cd9be4fd5bc9f1aedbc0e9b76df8ca45a65bcb8dc86789207f88827991b,118979,2026-08-16T19:00:17.739535+00:00,
https://monzo.com/help/investments/where-to-get-investing-advice,data\raw\pages\help-investments-where-to-get-investing-advice-20c4d4b393.html,200,True,b988108b20a897e439e7fe82d5b62d39a511a79426a67b3d3fe88b459c0e151e,111014,2026-08-16T19:00:18.163758+00:00,
https://monzo.com/help/isas,data\raw\pages\help-isas-4288adde41.html,200,True,37c1562c859e7990dc70bdfbfe6f2ced93c9c3d4ed1057c02ad89c689a633cd7,96427,2026-08-16T19:00:18.593151+00:00,
https://monzo.com/help/isas/cancelling-ISA-transfer,data\raw\pages\help-isas-cancelling-isa-transfer-def9c8a405.html,200,True,7ae74f4cfd3ceea67283d476ad9a37c64472f7c33b0075a4245ff7634304962f,100293,2026-08-16T19:00:19.036027+00:00,
https://monzo.com/help/isas/getting-isa-on-joint-account,data\raw\pages\help-isas-getting-isa-on-joint-account-21d6e6e3a8.html,200,True,f6fe0f6546089ad268df42b66fc338802834bf1b459664d9c3ecbed4e0f69423,99352,2026-08-16T19:00:19.463414+00:00,
https://monzo.com/help/isas/how-do-i-transfer-my-isa,data\raw\pages\help-isas-how-do-i-transfer-my-isa-cbd4d3642f.html,200,True,f93727541e69a5236a9890128e219adec4a15e476479a1b87fe68401404b7889,105045,2026-08-16T19:00:19.893682+00:00,
https://monzo.com/help/isas/interest-on-monzo-isas,data\raw\pages\help-isas-interest-on-monzo-isas-5dd76cc6e2.html,200,True,807a911b97c9f5fdfb464610a20f6ce01ec587e7af2178386be1454c9ed7f9e3,99546,2026-08-16T19:00:20.321549+00:00,
https://monzo.com/help/isas/isas-and-moving-abroad,data\raw\pages\help-isas-isas-and-moving-abroad-dc322dd635.html,200,True,adec5bc1f86074554f59d384336f6fcf3e9ecaa650a97d9c15348c1ef9d2887b,99980,2026-08-16T19:00:20.749292+00:00,
https://monzo.com/help/isas/paying-tax-on-an-isa,data\raw\pages\help-isas-paying-tax-on-an-isa-7af807d798.html,200,True,b572eeb15e39e53cf32339b4f8bf89ca9b886122d3d47c0b5ce14049ddcdc624,99445,2026-08-16T19:00:21.179067+00:00,
https://monzo.com/help/isas/transferring-an-ISA-to-Monzo,data\raw\pages\help-isas-transferring-an-isa-to-monzo-1007b758cc.html,200,True,5a03546766032d696ec01a3e79bdbf21d83191b91e38cf821b59ec6ec56105d8,101295,2026-08-16T19:00:21.616702+00:00,
https://monzo.com/help/isas/types-of-ISA-at-monzo,data\raw\pages\help-isas-types-of-isa-at-monzo-8cac19bc31.html,200,True,fd783429a9edb36d8ef04491826012c3d0ae8bf1970d7d369d70e07fab1fbb69,100014,2026-08-16T19:00:22.045434+00:00,
https://monzo.com/help/joint-accounts,data\raw\pages\help-joint-accounts-01736959c0.html,200,True,a29667615319c0abcc744dd5d32e5ede273eec8d4b30dc16afc4b96be0e2c65a,97432,2026-08-16T19:00:22.486990+00:00,
https://monzo.com/help/joint-accounts/close-joint-account-how-to,data\raw\pages\help-joint-accounts-close-joint-account-how-to-b2fa38943a.html,200,True,ee644e87400f9ba4c712a3141e58c421f75249c3b47d57663d0ebf516b1c847f,98556,2026-08-16T19:00:22.924028+00:00,
https://monzo.com/help/joint-accounts/create-pot-app,data\raw\pages\help-joint-accounts-create-pot-app-50fbebb0a9.html,200,True,91109321866650eeb82ea38410928b9204233816ad8a0ab8d9bcef666977a540,98471,2026-08-16T19:00:23.363155+00:00,
https://monzo.com/help/joint-accounts/credit-score-joint-account,data\raw\pages\help-joint-accounts-credit-score-joint-account-577061886b.html,200,True,de0fabbea53357fe01b69c14f0042f5eec6c92f57f3a3c80adddb95d40542780,100485,2026-08-16T19:00:23.788873+00:00,
https://monzo.com/help/joint-accounts/current-account-joint-account,data\raw\pages\help-joint-accounts-current-account-joint-account-58f08d0815.html,200,True,74ba7ed58b5c011492172faf79c5e09185984a4cb758b83027ab56357db259c6,99034,2026-08-16T19:00:24.217197+00:00,
https://monzo.com/help/joint-accounts/joint-account-switch,data\raw\pages\help-joint-accounts-joint-account-switch-89d5abd35f.html,200,True,b6a0d15fa896ab1e342ca5a6e766fcbe134ada374f3c8e5ee124aca2bb59767f,98739,2026-08-16T19:00:24.643017+00:00,
https://monzo.com/help/joint-accounts/set-up-joint-account,data\raw\pages\help-joint-accounts-set-up-joint-account-f3322dfaab.html,200,True,acabd8f9089d6b0aba51a705d525f87df25f61232c136d6a951f5aba906a2d75,99376,2026-08-16T19:00:25.082599+00:00,
https://monzo.com/help/joint-accounts/types-account-switch,data\raw\pages\help-joint-accounts-types-account-switch-2dd3c9ad99.html,200,True,ea8d479e1d000420c41b279095232d9b3bac82746bda50dff48c4b2f4295e76a,96032,2026-08-16T19:00:25.508670+00:00,
https://monzo.com/help/joint-accounts/what-joint-account,data\raw\pages\help-joint-accounts-what-joint-account-6725698bca.html,200,True,26edb787b79aff763404200369f783ab988c800136dbe6351666e54e518ffaa5,100446,2026-08-16T19:00:25.935326+00:00,
https://monzo.com/help/legal-stuff,data\raw\pages\help-legal-stuff-ece887b869.html,200,True,b3fe54e148be4253ec3cf60315390df37cc13963ebcc4dce756c386d56242218,109111,2026-08-16T19:00:26.360497+00:00,
https://monzo.com/help/legal-stuff/branches,data\raw\pages\help-legal-stuff-branches-6b37817fd5.html,200,True,05db726ae63cbd89766a3944c7e0097a5e540375ced170868dc7a7383937ba28,102778,2026-08-16T19:00:26.791042+00:00,
https://monzo.com/help/legal-stuff/closed-account-bank-statement,data\raw\pages\help-legal-stuff-closed-account-bank-statement-25cc69db40.html,200,True,c38a804452d49e357fe4f3964ce1ae18e424f3c95b2e37cab4c2d1219ecf6da4,106210,2026-08-16T19:00:27.219939+00:00,
https://monzo.com/help/legal-stuff/data-subject-access-request-web,data\raw\pages\help-legal-stuff-data-subject-access-request-web-12f84e5fcd.html,200,True,bd101e581066113f4402a0d1c9c51acfa8d1c47de54cf0477e71f462012b1a5f,98949,2026-08-16T19:00:27.659106+00:00,
https://monzo.com/help/legal-stuff/deposit-protection-fscs,data\raw\pages\help-legal-stuff-deposit-protection-fscs-97d2bd1f97.html,200,True,9e6a7e03b2b282e77ad57cc34ce0f0fb7e1674b3978d329b0e439b54b0dfe204,102246,2026-08-16T19:00:28.091367+00:00,
https://monzo.com/help/legal-stuff/information-sharing,data\raw\pages\help-legal-stuff-information-sharing-bf8f2bd11a.html,200,True,e26fb984aa87a57f8ab4405419e4fd6f2acf015c30514ce15e5fa87d18206d16,97546,2026-08-16T19:00:28.517960+00:00,
https://monzo.com/help/legal-stuff/make-complaint-web,data\raw\pages\help-legal-stuff-make-complaint-web-e6845ad983.html,200,True,65d79b5499418e8449a50c4a4930b27ef0a8d62b5ba6609a62db64dd3d453974,97684,2026-08-16T19:00:28.947142+00:00,
https://monzo.com/help/legal-stuff/monzo-us-subsidiary-gdpr-app,data\raw\pages\help-legal-stuff-monzo-us-subsidiary-gdpr-app-3a558cae3c.html,200,True,344d5f98e9fc33bf13ac1000ee6d5a4d57d3f112b9a6af62b78e06b9460d63b0,98235,2026-08-16T19:00:29.378515+00:00,
https://monzo.com/help/legal-stuff/privacy-policy,data\raw\pages\help-legal-stuff-privacy-policy-ecddc81841.html,200,True,1776cfe9121d32a9dded49977596231a9bf3499a8dcdfeebde817a8eefd92382,103100,2026-08-16T19:00:29.805834+00:00,
https://monzo.com/help/legal-stuff/selfie-during-signup,data\raw\pages\help-legal-stuff-selfie-during-signup-6c5afd92cf.html,200,True,35b08bcd06a34ca614a6bc131f29e9d901dc0d795a8d5c51c462afb089c63e70,96834,2026-08-16T19:00:30.233054+00:00,
https://monzo.com/help/legal-stuff/tax-residency-eu,data\raw\pages\help-legal-stuff-tax-residency-eu-bca61079ca.html,200,True,7aec2fb70e6daf62c7687cc2714ac6b7abdee00cec9771579c7256785355bb30,102554,2026-08-16T19:00:30.682443+00:00,
https://monzo.com/help/legal-stuff/tax-residency-not-uk,data\raw\pages\help-legal-stuff-tax-residency-not-uk-93d1ab9039.html,200,True,5f8869cfc6841a41153e2184685c6ed384043d4db052e8b2310f0a87e20e90e7,98496,2026-08-16T19:00:31.108959+00:00,
https://monzo.com/help/legal-stuff/tax-residency-us,data\raw\pages\help-legal-stuff-tax-residency-us-7b3fe69206.html,200,True,642e54bc3aa30c48f757de0bfcdc8ab5f7ecab723fa2ad667039472e644ac6b5,102039,2026-08-16T19:00:31.537393+00:00,
https://monzo.com/help/legal-stuff/terms-conditions,data\raw\pages\help-legal-stuff-terms-conditions-19b0f66f3e.html,200,True,e62bc691caf7b61575825bcbda4da2d20b9ea3eb0bc521ff2460f78769acd8ae,101807,2026-08-16T19:00:31.965520+00:00,
https://monzo.com/help/legal-stuff/update-tax-residency,data\raw\pages\help-legal-stuff-update-tax-residency-bb1c4d901b.html,200,True,01ea4ded0d56da66ce31da4d073aef90f5c0fa8c39739837652d4012c8d345b2,102655,2026-08-16T19:00:32.394936+00:00,
https://monzo.com/help/legal-stuff/what-tax-status,data\raw\pages\help-legal-stuff-what-tax-status-3d23f1cfb6.html,200,True,4e7499b80303597526390c648d0a676b737dd10b89392315c09505657206a6e5,102222,2026-08-16T19:00:32.822980+00:00,
https://monzo.com/help/legal-stuff/whistleblowing,data\raw\pages\help-legal-stuff-whistleblowing-5bad7e8cc8.html,200,True,6fb5c0e622713b7b513bb2e8dd22a7a50b926cc8527eaec993e3428c1a71f52e,102767,2026-08-16T19:00:33.262849+00:00,
https://monzo.com/help/legal-stuff/why-ask-for-tax-residency,data\raw\pages\help-legal-stuff-why-ask-for-tax-residency-26df922fd3.html,200,True,1da214b76b7e9d07b754224c5500cbe1c2dea97028966842c393c5e26c993ff9,99608,2026-08-16T19:00:33.692858+00:00,
https://monzo.com/help/legal-stuff/writing-to-legal-team,data\raw\pages\help-legal-stuff-writing-to-legal-team-0a426d97fd.html,200,True,0c3c946477e806f47cd1f3aed2ada5c89d94febc314f05a33d374082fc4700db,101993,2026-08-16T19:00:34.119812+00:00,
https://monzo.com/help/monzo-card-pin,data\raw\pages\help-monzo-card-pin-d8efc684ce.html,200,True,8f11710b4ade1cf1fdc6dfacc39a2863c97d9a709319b6e448b3693885df5b5f,116082,2026-08-16T19:00:34.549095+00:00,
https://monzo.com/help/monzo-card-pin/account-blocked,data\raw\pages\help-monzo-card-pin-account-blocked-31ec2732ac.html,200,True,dbac6d7ae2b5896852eb103a8b7d4e5470393628b54358ece8ac185210558aa4,97594,2026-08-16T19:00:34.978826+00:00,
https://monzo.com/help/monzo-card-pin/activating-your-card,data\raw\pages\help-monzo-card-pin-activating-your-card-5f53da1eda.html,200,True,f278994d466c8b6f3fcfa17101b6f13f35fb2f08d47efb32d21a639b2e36cd0d,102880,2026-08-16T19:00:35.416850+00:00,
https://monzo.com/help/monzo-card-pin/a-new-card-is-coming-but-I-didnt-order-it,data\raw\pages\help-monzo-card-pin-a-new-card-is-coming-but-i-didnt-order-it-b75293c8f0.html,200,True,446f342ae474c5a27706b9eee5ea56429fe51b416d1fec673abd1ea7ca76ce9d,103488,2026-08-16T19:00:35.848849+00:00,
https://monzo.com/help/monzo-card-pin/can-I-get-my-expired-card-replacement-delivered-abroad,data\raw\pages\help-monzo-card-pin-can-i-get-my-expired-card-replacement-delivered-abroad-3fbdd1ef11.html,200,True,1043749322ce75cdb30cd5cf75c9d238e83d74c7a7bf41eae332c07046f695a3,101945,2026-08-16T19:00:36.279525+00:00,
https://monzo.com/help/monzo-card-pin/card-is-expiring-where-can-I-get-new-card-delivered,data\raw\pages\help-monzo-card-pin-card-is-expiring-where-can-i-get-new-card-delivered-30ff9f41e7.html,200,True,207ac823b85bc92c46262ab3f7a31b8088c39d29402614f7e11346c0453eea5e,102656,2026-08-16T19:00:36.710353+00:00,
https://monzo.com/help/monzo-card-pin/card-not-arrived,data\raw\pages\help-monzo-card-pin-card-not-arrived-82a4742140.html,200,True,7b2aa16a2bcc6a163b975fa8b0a077e4bc206527a7cf9e1826a4b76ba9691303,104231,2026-08-16T19:00:37.138635+00:00,
https://monzo.com/help/monzo-card-pin/card-payment-declined-still-been-charged,data\raw\pages\help-monzo-card-pin-card-payment-declined-still-been-charged-61812c57a7.html,200,True,4eec555a9f871e3e3d93cf91d2340d0dc54bebd263d5777d4620f7a70476a72a,104708,2026-08-16T19:00:37.568439+00:00,
https://monzo.com/help/monzo-card-pin/contactless-not-working,data\raw\pages\help-monzo-card-pin-contactless-not-working-40157e8ef7.html,200,True,5f6ae68940f95a450d0b3b3844eff8bc49157e27147e272625572dee3861ddcb,103980,2026-08-16T19:00:38.002504+00:00,
https://monzo.com/help/monzo-card-pin/dont-know-forgot-pin,data\raw\pages\help-monzo-card-pin-dont-know-forgot-pin-ff0e43dcd1.html,200,True,80a85b3aa39ae2f121fcc9fbed8ae3e6e15de19ce98c57c7e703d31356efe75f,97213,2026-08-16T19:00:38.438842+00:00,
https://monzo.com/help/monzo-card-pin/expecting-refund-but-getting-a-new-card,data\raw\pages\help-monzo-card-pin-expecting-refund-but-getting-a-new-card-af5fe2c0b0.html,200,True,e11f50331bab29d69b35f7153e67f81ff1c23cc0f060f96f3839d0033cd8d1f1,101556,2026-08-16T19:00:38.882877+00:00,
https://monzo.com/help/monzo-card-pin/freezing-defrosting,data\raw\pages\help-monzo-card-pin-freezing-defrosting-9253a6acf9.html,200,True,8afcf9e707223f70917f38efac2523a3343754c8b3d21e904996eaf11771ddb0,102317,2026-08-16T19:00:39.307565+00:00,
https://monzo.com/help/monzo-card-pin/frozen-card-payment,data\raw\pages\help-monzo-card-pin-frozen-card-payment-5a017eb10a.html,200,True,6f083924c530a9a427aa157468b92458216d138599acb29f1b511beb59cc4bd5,99347,2026-08-16T19:00:39.736472+00:00,
https://monzo.com/help/monzo-card-pin/how-to-find-your-monzo-card-details,data\raw\pages\help-monzo-card-pin-how-to-find-your-monzo-card-details-0acdf9639e.html,200,True,adac2a20cfdd09c6ca1043c7c35cd119bbfa3dc6bd2d8fa2b3537108e0b20046,98818,2026-08-16T19:00:40.178382+00:00,
https://monzo.com/help/monzo-card-pin/international-card-delivery,data\raw\pages\help-monzo-card-pin-international-card-delivery-f5e3713d72.html,200,True,103d5eff618e7b22af86d3a5751363ae26d5bffb89d23f689a790c38ccec8006,107084,2026-08-16T19:00:40.608540+00:00,
https://monzo.com/help/monzo-card-pin/is-it-credit-card,data\raw\pages\help-monzo-card-pin-is-it-credit-card-d534e5e2cd.html,200,True,cda47f78f31595ec2ad09b6d19f2ce1ac6127f59c42e31f6109eb92adcc28e53,98874,2026-08-16T19:00:41.036502+00:00,
https://monzo.com/help/monzo-card-pin/i-want-second-card,data\raw\pages\help-monzo-card-pin-i-want-second-card-c54e0d5f0a.html,200,True,2e44170917fe749a3921adfafed4ed2193c7d19a81455bcd63742f1c0959a699,98686,2026-08-16T19:00:41.462523+00:00,
https://monzo.com/help/monzo-card-pin/i-want-to-update-my-delivery-address,data\raw\pages\help-monzo-card-pin-i-want-to-update-my-delivery-address-78d668a6bd.html,200,True,0898a7394266bf0d602c4439131071517d23f9777bc27f09c2de67d0bca0b9c5,104345,2026-08-16T19:00:41.897540+00:00,
https://monzo.com/help/monzo-card-pin/monzo-card-accepted-everywhere,data\raw\pages\help-monzo-card-pin-monzo-card-accepted-everywhere-fb9fd0c2f2.html,200,True,fdd1de87e8fc58779a2fd615f6fd5fcbbd5d9ed05454c9e842b65804d336706a,99366,2026-08-16T19:00:42.326110+00:00,
https://monzo.com/help/monzo-card-pin/monzo-card-blocked,data\raw\pages\help-monzo-card-pin-monzo-card-blocked-663154ed14.html,200,True,7aec381c71db4a74f8c16e5e5d1847998c2d45a24b8e13f8cd23a23bb608ea58,103263,2026-08-16T19:00:42.768483+00:00,
https://monzo.com/help/monzo-card-pin/monzo-card-lost-damaged-stolen,data\raw\pages\help-monzo-card-pin-monzo-card-lost-damaged-stolen-b55850bab5.html,200,True,931b8c24634f27fed03ff62c1f262f2cfdfbef8405d9897393b462c2d89364b9,105853,2026-08-16T19:00:43.198308+00:00,
https://monzo.com/help/monzo-card-pin/my-card-is-expiring-what-can-I-do-with-it,data\raw\pages\help-monzo-card-pin-my-card-is-expiring-what-can-i-do-with-it-a53dd9617b.html,200,True,a86657c3db9a2780c40fa878f337fc25588f15676a32b1f841c9b83741b5fd1a,102441,2026-08-16T19:00:43.624778+00:00,
https://monzo.com/help/monzo-card-pin/my-card-will-expire-soon,data\raw\pages\help-monzo-card-pin-my-card-will-expire-soon-c9e5d2e482.html,200,True,bd6eb338debe473b0aafb37ec6d60d390d102c96b13e4de15e4d1a95d6d5fc42,102753,2026-08-16T19:00:44.058690+00:00,
https://monzo.com/help/monzo-card-pin/take-out-cash-atm-locator,data\raw\pages\help-monzo-card-pin-take-out-cash-atm-locator-67c9a59949.html,200,True,340995c6058ce56942265974fe1697a806a632bd66393c27af1d66fa55d5cfd5,98444,2026-08-16T19:00:44.484387+00:00,
https://monzo.com/help/monzo-card-pin/update-delivery-address,data\raw\pages\help-monzo-card-pin-update-delivery-address-fc3548d917.html,200,True,1a30c09f7c6da8f45f65bc527476eba0e2935e95c30c85a7df0865c3e77ef5aa,102848,2026-08-16T19:00:44.911465+00:00,
https://monzo.com/help/monzo-card-pin/want-to-change-pin,data\raw\pages\help-monzo-card-pin-want-to-change-pin-ddf25c247d.html,200,True,698addf357397a68954279a60621611d40384eba683a8fdd43538786617b026c,96533,2026-08-16T19:00:45.342586+00:00,
https://monzo.com/help/monzo-card-pin/when-will-my-new-card-arrive-following-old-card-expiry,data\raw\pages\help-monzo-card-pin-when-will-my-new-card-arrive-following-old-card-expiry-73a4222cf1.html,200,True,da3821339e92dd6cfd33a6ab054ba7f32d6a998185c81f5bf38dc7d61b8f5591,103397,2026-08-16T19:00:45.785166+00:00,
https://monzo.com/help/monzo-card-pin/why-are-my-contactless-card-payments-being-declined,data\raw\pages\help-monzo-card-pin-why-are-my-contactless-card-payments-being-declined-8d4111979f.html,200,True,fde9836034336178edd105742683657048d105dd263351eff763eec31f149ec3,103831,2026-08-16T19:00:46.216391+00:00,
https://monzo.com/help/monzo-card-pin/why-does-my-card-expire,data\raw\pages\help-monzo-card-pin-why-does-my-card-expire-8b2e00a9ef.html,200,True,fb12cf1aac190f53b578753c2f29e5d07f0a462d6b5cfc59118e5e13b2c98814,101806,2026-08-16T19:00:46.643436+00:00,
https://monzo.com/help/monzo-extra,data\raw\pages\help-monzo-extra-06d65e6c48.html,200,True,3e9bdf5550830332e079845a3b8171017104cadf226abf001a8526f55d9e1659,111760,2026-08-16T19:00:47.070866+00:00,
https://monzo.com/help/monzo-extra/advanced-budgeting-auto-exports,data\raw\pages\help-monzo-extra-advanced-budgeting-auto-exports-3d18a2c8c7.html,200,True,a4cd8cbfb0f7542ac0a561a7d630b2ed7f03aa46bf45f9b3a8b59d19978838b7,96644,2026-08-16T19:00:47.497557+00:00,
https://monzo.com/help/monzo-extra/advanced-budgeting-custom-categories,data\raw\pages\help-monzo-extra-advanced-budgeting-custom-categories-93804f4aa0.html,200,True,a46081d8d2f6ccdf0d16ff79aabea2711d69e6781db5b1a50aa2e457ddb6d534,97472,2026-08-16T19:00:47.921660+00:00,
https://monzo.com/help/monzo-extra/advanced-budgeting-roundups,data\raw\pages\help-monzo-extra-advanced-budgeting-roundups-1f0fe90407.html,200,True,5c9f696424bf3bd906d4b7151606415102b879be8576995647fb22eca30625ef,97364,2026-08-16T19:00:48.346739+00:00,
https://monzo.com/help/monzo-extra/afford-plus-premium,data\raw\pages\help-monzo-extra-afford-plus-premium-6448a7c290.html,200,True,4fb9d6cd59c8cca1dfbc2719c6396d99cd4fd5b7388429e9361557ce36215c07,101061,2026-08-16T19:00:48.789478+00:00,
https://monzo.com/help/monzo-extra/extra-cancellation-fee,data\raw\pages\help-monzo-extra-extra-cancellation-fee-a0a8856215.html,200,True,43a04888974d5de26c521d3cf19161a815e20d02ab0226ba6121bf22ad32310f,100195,2026-08-16T19:00:49.222179+00:00,
https://monzo.com/help/monzo-extra/keep-metal-card,data\raw\pages\help-monzo-extra-keep-metal-card-86705dc297.html,200,True,f223332fcd1c0e36aa9a0b608575dd0c6f732aff301faf43bc15a76cc2aefc98,102043,2026-08-16T19:00:49.652325+00:00,
https://monzo.com/help/monzo-extra/monzo-extra-what,data\raw\pages\help-monzo-extra-monzo-extra-what-b266b67247.html,200,True,b34424a76674ee88ae4bec57a3c2cecbb323f10e7fc4037eab245870689f1cb8,102608,2026-08-16T19:00:50.081280+00:00,
https://monzo.com/help/monzo-extra/monzo-plan-ineligible,data\raw\pages\help-monzo-extra-monzo-plan-ineligible-5016a94ddb.html,200,True,c078b7bc4b77bc985be7735463fc03875130888ef95ed5316e5a46034c9f490a,102979,2026-08-16T19:00:50.510151+00:00,
https://monzo.com/help/monzo-extra/plan-pay-from-pot,data\raw\pages\help-monzo-extra-plan-pay-from-pot-da8be817d2.html,200,True,59be1a95c8a96ebe7e231993bdf88583c703ecb93d153788effcfd37138726f8,101631,2026-08-16T19:00:50.944354+00:00,
https://monzo.com/help/monzo-extra/plan-signup,data\raw\pages\help-monzo-extra-plan-signup-4f72b53839.html,200,True,47e9792ba2463ce41a969807414800751033c06159104c5006450f9a9ba60591,99994,2026-08-16T19:00:51.376005+00:00,
https://monzo.com/help/monzo-extra/plus-connected-accounts,data\raw\pages\help-monzo-extra-plus-connected-accounts-d00149666c.html,200,True,754603a5af4baaedd9f9907a4ac3fdc62923c639cf475e5da51b6ab4bad5aefb,95692,2026-08-16T19:00:51.804569+00:00,
https://monzo.com/help/monzo-extra/subs-credit-tracker-problem,data\raw\pages\help-monzo-extra-subs-credit-tracker-problem-f7f4ab3851.html,200,True,ecf437792145034c986e69b72025c3d2a7ed00fb18f12568213d3e610ada8af3,96084,2026-08-16T19:00:52.234357+00:00,
https://monzo.com/help/monzo-extra/upgrade-downgrade-plans,data\raw\pages\help-monzo-extra-upgrade-downgrade-plans-a69a0174b4.html,200,True,9b764af7745c13190468681ce0fb747688f77cba38cc20604c2ee481adf186ce,103630,2026-08-16T19:00:52.661336+00:00,
https://monzo.com/help/monzo-extra/virtual-card-on-pot-dispute,data\raw\pages\help-monzo-extra-virtual-card-on-pot-dispute-7c6ce9205c.html,200,True,cf225794f48ce42615c041bca3a54e0c675cc074bea6c28ba04e409cada72bca,99875,2026-08-16T19:00:53.089247+00:00,
https://monzo.com/help/monzo-extra/virtual-card-on-pot-how,data\raw\pages\help-monzo-extra-virtual-card-on-pot-how-1750ecbb9a.html,200,True,9cae44128366c8dd8133b53be40fc5f84a1d504719c70ee872e472c4c914096f,99635,2026-08-16T19:00:53.522071+00:00,
https://monzo.com/help/monzo-extra/virtual-cards-how,data\raw\pages\help-monzo-extra-virtual-cards-how-6047800934.html,200,True,33c79f779fc66963e7a36b98360c64c91fb879adea326120faf7d4a34dda8c01,99233,2026-08-16T19:00:53.960244+00:00,
https://monzo.com/help/monzo-extra/virtual-cards-limits,data\raw\pages\help-monzo-extra-virtual-cards-limits-9e78a21ad5.html,200,True,da17e79ed312c9537c6259444928a01a340c0aca45625dea24aa4590f5acf106,101241,2026-08-16T19:00:54.396019+00:00,
https://monzo.com/help/monzo-extra/virtual-cards-what,data\raw\pages\help-monzo-extra-virtual-cards-what-7f94f18988.html,200,True,b0ad15be70fe7b40be13ec7d65434634796bb5dd41bc349a5ebc25e944ccf8c8,100534,2026-08-16T19:00:54.825599+00:00,
https://monzo.com/help/monzo-extra/web-bill-pots,data\raw\pages\help-monzo-extra-web-bill-pots-41ae5f83b7.html,200,True,0bd806266aadf325fdebaf3ec373a31d17e39560e5921c3da2ba668f7ff19395,102439,2026-08-16T19:00:55.251647+00:00,
https://monzo.com/help/monzo-extra/what-credit-insights,data\raw\pages\help-monzo-extra-what-credit-insights-597544ebe6.html,200,True,a7adf95dd908eb0ab9a1df66d4fa73068430202f4d027be80d0c7cd7ec543b52,99740,2026-08-16T19:00:55.677107+00:00,
https://monzo.com/help/monzo-flex,data\raw\pages\help-monzo-flex-7d1353aa42.html,200,True,541ed09259c1f406c463e12e0b8da4bdb92dd20186279c5d4962f35d7b1d1336,113895,2026-08-16T19:00:56.103872+00:00,
https://monzo.com/help/monzo-flex/Adding-Flex-card-to-Apple-Pay-Google-Pay,data\raw\pages\help-monzo-flex-adding-flex-card-to-apple-pay-google-pay-bf667d7238.html,200,True,6df422988a2e49c0d532518f01318e383b5a670b7bc1523573831c2fbe178b45,101772,2026-08-16T19:00:56.529808+00:00,
https://monzo.com/help/monzo-flex/Change-your-Flex-credit-limit,data\raw\pages\help-monzo-flex-change-your-flex-credit-limit-0ca41b2158.html,200,True,8219b5c495f7eb248ffe1d7eb07c7f33f8c481a21819e422ad73707dcec05cd7,115484,2026-08-16T19:00:56.968243+00:00,
https://monzo.com/help/monzo-flex/change-your-flex-payment-date,data\raw\pages\help-monzo-flex-change-your-flex-payment-date-2b257c03f3.html,200,True,46a1adfbb2de90b6b05b1850fddce503e40bafb5ff9f48704654b9dfcc14f100,109346,2026-08-16T19:00:57.394643+00:00,
https://monzo.com/help/monzo-flex/Choosing-an-instalment-plan,data\raw\pages\help-monzo-flex-choosing-an-instalment-plan-287580ab87.html,200,True,cf41ac14bc3cea0567b289d1e2a57682e50286f85a2176a842569fe72d411eca,101210,2026-08-16T19:00:57.822915+00:00,
https://monzo.com/help/monzo-flex/editing-monzo-flex-monthly-payments,data\raw\pages\help-monzo-flex-editing-monzo-flex-monthly-payments-13ec0ed3f2.html,200,True,192fecc1aa13f8358f57e5f873aa0e3efcd0869701cde8c2d09a16a5f5f80cf7,111946,2026-08-16T19:00:58.250600+00:00,
https://monzo.com/help/monzo-flex/eligible-transactions-for-monzo-flex,data\raw\pages\help-monzo-flex-eligible-transactions-for-monzo-flex-30fec8a300.html,200,True,ce1adf70e3cc3342416dc187e2ca14e71b9b6ebe2c9ffb293ea2d84bcf04e6ed,101616,2026-08-16T19:00:58.687878+00:00,
https://monzo.com/help/monzo-flex/How-do-refunds-work-in-Flex,data\raw\pages\help-monzo-flex-how-do-refunds-work-in-flex-d8f822c802.html,200,True,99c642408460be20e5ca784ae55e8cf225468627bbe6e63e49a1d99b5b703467,111223,2026-08-16T19:00:59.116032+00:00,
https://monzo.com/help/monzo-flex/interest-rates-for-monzo-flex-1,data\raw\pages\help-monzo-flex-interest-rates-for-monzo-flex-1-090f4e15fe.html,200,True,b1af68a8dbe112cdab3a35999f4ddd202d63e1b8594e3b26fff766010f4e3f99,99193,2026-08-16T19:00:59.544307+00:00,
https://monzo.com/help/monzo-flex/Managing-your-money,data\raw\pages\help-monzo-flex-managing-your-money-6d23414f74.html,200,True,568297f71377ca2d8ffebf04cae6ad009f133f6144cc1ce5d41a5a51423ccf67,109745,2026-08-16T19:00:59.987970+00:00,
https://monzo.com/help/monzo-flex/missing-a-monzo-flex-payment,data\raw\pages\help-monzo-flex-missing-a-monzo-flex-payment-c5dadf1bc5.html,200,True,dd0e50ef693f28dc167080f5dcd6a43d67de7872ca3ff5cb7ab22977019faa5e,112696,2026-08-16T19:01:00.419971+00:00,
https://monzo.com/help/monzo-flex/monzo-flex-and-section-75,data\raw\pages\help-monzo-flex-monzo-flex-and-section-75-904f68bea2.html,200,True,a04b394deebc58e1328bb24998a48882634da90bc8b42bc097887ec7df2e2f31,114488,2026-08-16T19:01:00.852130+00:00,
https://monzo.com/help/monzo-flex/monzo-flex-and-section-75-claims,data\raw\pages\help-monzo-flex-monzo-flex-and-section-75-claims-b18b6fe883.html,200,True,eda689a5c3219521c1d8155b877160a3236a8998a3afdd1f9e55ce53f49d3609,109650,2026-08-16T19:01:01.277951+00:00,
https://monzo.com/help/monzo-flex/monzo-flex-explained-2,data\raw\pages\help-monzo-flex-monzo-flex-explained-2-aef2b85b9f.html,200,True,8f56457623b03cd2265123de8e67764b6f8ac1b817933934157388991f677cd1,96302,2026-08-16T19:01:01.706433+00:00,
https://monzo.com/help/monzo-flex/notice-of-sums-in-arrears,data\raw\pages\help-monzo-flex-notice-of-sums-in-arrears-4328567792.html,200,True,2c44d7c148625e658862b8f59e66cbddb4aa90f4d976995fd90f0b5985f959f2,109995,2026-08-16T19:01:02.136242+00:00,
https://monzo.com/help/monzo-flex/paying-extra-towards-a-monzo-flex-flex-purchase,data\raw\pages\help-monzo-flex-paying-extra-towards-a-monzo-flex-flex-purchase-afb967ed2e.html,200,True,67e5ec7038634cfff42f3aeaf97059b5e445aa812ccaf7952ab0ca18a034eed8,108988,2026-08-16T19:01:02.566226+00:00,
https://monzo.com/help/monzo-flex/paying-online-using-your-Flex-card,data\raw\pages\help-monzo-flex-paying-online-using-your-flex-card-f60019d098.html,200,True,6cd4e092402e30a928b95593fc6893a65bab52a193ab597e748f09e8dc0bd095,100644,2026-08-16T19:01:03.001809+00:00,
https://monzo.com/help/monzo-flex/setting-a-default-for-flex-card-purchases,data\raw\pages\help-monzo-flex-setting-a-default-for-flex-card-purchases-4b0945deee.html,200,True,6c071fbc1d25f4f3191258f5eb9b1932ae0f767cc3201bb7e0add4951d42e5a3,113104,2026-08-16T19:01:03.434580+00:00,
https://monzo.com/help/monzo-flex/Two-ways-to-flex,data\raw\pages\help-monzo-flex-two-ways-to-flex-08ef6ffadd.html,200,True,2e3684ecb9d3f89a7a229db3a227c865431a900747460b1edffbc32f1fb03e83,101779,2026-08-16T19:01:03.862062+00:00,
https://monzo.com/help/monzo-flex/Understanding-your-Flex-deposit,data\raw\pages\help-monzo-flex-understanding-your-flex-deposit-d29e0174f0.html,200,True,2401a9182837212815b46cc35f572c06703071f35955804cc4b46e3c827576fc,97099,2026-08-16T19:01:04.301138+00:00,
https://monzo.com/help/monzo-flex/Unlocking-your-Flex-benefits,data\raw\pages\help-monzo-flex-unlocking-your-flex-benefits-ca1c5aa273.html,200,True,fea84a92312a7688192d97227c7695a4c27e7bdd405827904ad6c87719601f19,117787,2026-08-16T19:01:04.728574+00:00,
https://monzo.com/help/monzo-flex/using-flex-on-apple-pay,data\raw\pages\help-monzo-flex-using-flex-on-apple-pay-008faff7ce.html,200,True,3e412c475d9a9f267b56858f2e78fcca5e60f1efea640e2895f9689c547b20e8,107692,2026-08-16T19:01:05.157782+00:00,
https://monzo.com/help/monzo-flex/Using-your-deposit,data\raw\pages\help-monzo-flex-using-your-deposit-8d39f59dde.html,200,True,976cdfc1be931df8210e3fb59c2e8dbfc4540a99de77b2f1c41d6ae26b3e9130,109747,2026-08-16T19:01:05.585891+00:00,
https://monzo.com/help/monzo-flex/what-does-a-default-mean-for-my-flex,data\raw\pages\help-monzo-flex-what-does-a-default-mean-for-my-flex-55946a50a0.html,200,True,71d21373aad8628c2c6923a9e7ce78321530af2f98d8d342b38ba82ec3b35827,110783,2026-08-16T19:01:06.018705+00:00,
https://monzo.com/help/monzo-flex/What-happens-to-your-deposit,data\raw\pages\help-monzo-flex-what-happens-to-your-deposit-b7447ac3d6.html,200,True,501a508c7f0dd1aec77b09479a319686e2b8d6e24d16fa1da47c4d97138dbe53,102163,2026-08-16T19:01:06.449576+00:00,
https://monzo.com/help/monzo-flex/where-you-can-use-the-Flex-card,data\raw\pages\help-monzo-flex-where-you-can-use-the-flex-card-538acc6761.html,200,True,61d93d0bd44c10ae4cd307d593bd68cd7884d630b9c8a7c458406e0b7b2bec9f,101236,2026-08-16T19:01:06.878644+00:00,
https://monzo.com/help/monzo-for-under-16s,data\raw\pages\help-monzo-for-under-16s-182423bd16.html,200,True,a8624cc6557fd4e572ecf2ad62dd33159ced9b6311af8480697479d5fe035fcd,121317,2026-08-16T19:01:07.314023+00:00,
https://monzo.com/help/monzo-for-under-16s/going-abroad-under-16s,data\raw\pages\help-monzo-for-under-16s-going-abroad-under-16s-85ae6347ea.html,200,True,a211f730628d6807e08e41d2aa311d8ae7428803eeb4f2825272b96d481bdd79,104920,2026-08-16T19:01:07.743435+00:00,
https://monzo.com/help/monzo-for-under-16s/u16-to-16-17s,data\raw\pages\help-monzo-for-under-16s-u16-to-16-17s-0a0e558212.html,200,True,b5ca10d619dfbfaecd45281840db474948307b37449463deec5425f8803d466b,112983,2026-08-16T19:01:08.177681+00:00,
https://monzo.com/help/monzo-for-under-16s/under-16s-16-17s,data\raw\pages\help-monzo-for-under-16s-under-16s-16-17s-71e797ee15.html,200,True,2cc881ad3ab870b4ed354bd7d2fea1929ed5d34c94c0bb8478783f14cd56ac17,104098,2026-08-16T19:01:08.605686+00:00,
https://monzo.com/help/monzo-for-under-16s/under-16s-account-eligibility,data\raw\pages\help-monzo-for-under-16s-under-16s-account-eligibility-d2a4041365.html,200,True,67da1f67ab7386b402d897a7ae57e246f00b529723e89bd3a821077e23a1974f,98087,2026-08-16T19:01:09.031861+00:00,
https://monzo.com/help/monzo-for-under-16s/under-16s-add-family-member,data\raw\pages\help-monzo-for-under-16s-under-16s-add-family-member-36b4ad525c.html,200,True,429f58c2fcb024b58ef1ecb5c452acc0b98a6414c26ae22fa9989202818f5902,99986,2026-08-16T19:01:09.458651+00:00,
https://monzo.com/help/monzo-for-under-16s/under-16s-apple-google-pay,data\raw\pages\help-monzo-for-under-16s-under-16s-apple-google-pay-95afea16d0.html,200,True,2e99867e225814e0bc2e9a3dba61cc0a22386fb6d1ed93ea9dc2f89e980427d3,103627,2026-08-16T19:01:09.889454+00:00,
https://monzo.com/help/monzo-for-under-16s/under-16s-cass,data\raw\pages\help-monzo-for-under-16s-under-16s-cass-8200c170e3.html,200,True,c3455e16a7fe566f624aaa82062bb6a5db9ea572e30d1aa6c01cd90b33f9b7fb,107047,2026-08-16T19:01:10.355679+00:00,
https://monzo.com/help/monzo-for-under-16s/under-16s-cheques,data\raw\pages\help-monzo-for-under-16s-under-16s-cheques-5393378cca.html,200,True,20fde4c7b782f9c459cae55e7b4a3a1815343821c016d9bd33f7dce03e90f557,110670,2026-08-16T19:01:10.781591+00:00,
https://monzo.com/help/monzo-for-under-16s/under-16s-child-app-web,data\raw\pages\help-monzo-for-under-16s-under-16s-child-app-web-8240c5cad1.html,200,True,8d615586c357bddb897896e1eae509fa770aa3d8e4ba6ad3cbe385aa8b30af5e,109451,2026-08-16T19:01:11.207897+00:00,
https://monzo.com/help/monzo-for-under-16s/under-16s-child-requirements,data\raw\pages\help-monzo-for-under-16s-under-16s-child-requirements-794345cdec.html,200,True,344ac4b2aac68235dd48e35bae9650051c080ba20418109147dbead948e846b4,103377,2026-08-16T19:01:11.643589+00:00,
https://monzo.com/help/monzo-for-under-16s/under-16s-family-member-access,data\raw\pages\help-monzo-for-under-16s-under-16s-family-member-access-0c01276b06.html,200,True,75f330d9bdef3ed725436e6d92cd0df5da3637a5bd2f7c0bbb07b89fca85b7f0,106948,2026-08-16T19:01:12.084652+00:00,
https://monzo.com/help/monzo-for-under-16s/under-16s-family-member-join,data\raw\pages\help-monzo-for-under-16s-under-16s-family-member-join-dc8cfb6b22.html,200,True,c1079da8a4af9156b26141ddf1f33ed0fd2b829452c9103336429447a7e0b82a,106602,2026-08-16T19:01:12.525573+00:00,
https://monzo.com/help/monzo-for-under-16s/under-16s-freeze-replace-card,data\raw\pages\help-monzo-for-under-16s-under-16s-freeze-replace-card-28b22c4734.html,200,True,d33b39216c12f6c76d6b9149b4e1615e06716407359efc9696c9bbde8ae9c650,104650,2026-08-16T19:01:12.955459+00:00,
https://monzo.com/help/monzo-for-under-16s/under-16s-fscs,data\raw\pages\help-monzo-for-under-16s-under-16s-fscs-ec2fec28d9.html,200,True,06ec1daeeb2d767d75f308950b9670beb8c8d2661af593508fe2b06e19749c7a,98171,2026-08-16T19:01:13.381532+00:00,
https://monzo.com/help/monzo-for-under-16s/under-16s-limits-restrictions-web,data\raw\pages\help-monzo-for-under-16s-under-16s-limits-restrictions-web-ebf784a16d.html,200,True,6332873ff57b03ebb4250a21e4757ace45a8d86107fb2ae139d1a72e94c905a0,101901,2026-08-16T19:01:13.810289+00:00,
https://monzo.com/help/monzo-for-under-16s/under-16s-login-help,data\raw\pages\help-monzo-for-under-16s-under-16s-login-help-3fa0ac98d6.html,200,True,97a5f7f0c3a704d745b600941ee2d85e720adfe04bcdad1f1d98dee1e2b93aa9,112507,2026-08-16T19:01:14.239800+00:00,
https://monzo.com/help/monzo-for-under-16s/under-16s-open-account,data\raw\pages\help-monzo-for-under-16s-under-16s-open-account-bc20673807.html,200,True,5f32d1970adfbb76f069843b119d163362591af5df2c3490160bbbb9115264a6,104737,2026-08-16T19:01:14.664704+00:00,
https://monzo.com/help/monzo-for-under-16s/under-16s-overdrafts,data\raw\pages\help-monzo-for-under-16s-under-16s-overdrafts-6ca1987729.html,200,True,417470e11665052b6134f643ffc57bd8722a78e0acdb1de70585f2bbd599840f,98418,2026-08-16T19:01:15.092371+00:00,
https://monzo.com/help/monzo-for-under-16s/under-16s-payment-link,data\raw\pages\help-monzo-for-under-16s-under-16s-payment-link-ee03e2ff87.html,200,True,40b3f087428e1ce2517331ed8c76a785c0d9a37609dd77d7f72485192d3ac060,108687,2026-08-16T19:01:15.521709+00:00,
https://monzo.com/help/monzo-for-under-16s/under-16s-pay-using-payment-link,data\raw\pages\help-monzo-for-under-16s-under-16s-pay-using-payment-link-b8c1efdc34.html,200,True,2e7ea8728b51db4bd6e92d29142e4af3b680ed2f0826119f70b523aad76e690a,110278,2026-08-16T19:01:15.949476+00:00,
https://monzo.com/help/monzo-for-under-16s/under-16s-pin-reminder,data\raw\pages\help-monzo-for-under-16s-under-16s-pin-reminder-120c213011.html,200,True,d8d41fada323e46e947bd5ab511e7b6e2ba8b5818201b97ea2717042d7b1d528,107467,2026-08-16T19:01:16.383535+00:00,
https://monzo.com/help/monzo-for-under-16s/under-16s-pots,data\raw\pages\help-monzo-for-under-16s-under-16s-pots-8f955759cd.html,200,True,04a060c60a5bc3a961dbbd8ab74cc377debc2d3c8789b0f50b81ffee22222e82,109177,2026-08-16T19:01:16.809750+00:00,
https://monzo.com/help/monzo-for-under-16s/under-16s-safety-features-web,data\raw\pages\help-monzo-for-under-16s-under-16s-safety-features-web-3db119daa1.html,200,True,812c772361965929d584eb5e2bdae1692ac9e6100f00a7b4ddaccaa84afdc724,101835,2026-08-16T19:01:17.242124+00:00,
https://monzo.com/help/monzo-for-under-16s/under-16s-sending-money-web,data\raw\pages\help-monzo-for-under-16s-under-16s-sending-money-web-fc6dc232ef.html,200,True,415d6907f23b4f116b58be3b2497a269df1f914e17c456cf06096aaf1f4f8b87,111569,2026-08-16T19:01:17.683677+00:00,
https://monzo.com/help/monzo-for-under-16s/under-16s-understanding-account-web,data\raw\pages\help-monzo-for-under-16s-under-16s-understanding-account-web-593bcfeb2e.html,200,True,881f2b189402e011d2886b0c67369bf6a6e07d4732f5d95d647edb2f83e10548,111650,2026-08-16T19:01:18.115017+00:00,
https://monzo.com/help/monzo-for-under-16s/under-16s-view-account,data\raw\pages\help-monzo-for-under-16s-under-16s-view-account-64177cbcda.html,200,True,99db955fc554f5fa331c43e921b2d1494e61550b4ab34e271aead0b610ea131a,110157,2026-08-16T19:01:18.544043+00:00,
https://monzo.com/help/monzo-fraud-category,data\raw\pages\help-monzo-fraud-category-b3044a878d.html,200,True,5eedd9853a12968897ff33497f31da1db0fd24003fd5c72577ed03167c27a7c3,110693,2026-08-16T19:01:18.973636+00:00,
https://monzo.com/help/monzo-fraud-category/advance-fee-fraud-web,data\raw\pages\help-monzo-fraud-category-advance-fee-fraud-web-2d004edbed.html,200,True,83d766ded8f28ca0830fa91f19b21f02ca1e191bb07a783e7085ca43fa73d37a,110525,2026-08-16T19:01:19.407411+00:00,
https://monzo.com/help/monzo-fraud-category/authorised-card-scams,data\raw\pages\help-monzo-fraud-category-authorised-card-scams-bf02db3a8e.html,200,True,93889bef4cfc4d9279ae3c63438121484319cc6467dd528adfdccc5eb0ea1b8f,111381,2026-08-16T19:01:19.848497+00:00,
https://monzo.com/help/monzo-fraud-category/booking-a-holiday-online,data\raw\pages\help-monzo-fraud-category-booking-a-holiday-online-409775782f.html,200,True,3af26d0ba7ffeb45ec9ccfeb9606f44878b1ab5d85ecf576d06a7be399f53765,94979,2026-08-16T19:01:20.276233+00:00,
https://monzo.com/help/monzo-fraud-category/cryptocurrency-allowance,data\raw\pages\help-monzo-fraud-category-cryptocurrency-allowance-1afc0023c4.html,200,True,1b71ea385ac95b317cee66c1deb06878988758233a33ccd0e98023055636f0cf,110593,2026-08-16T19:01:20.704175+00:00,
https://monzo.com/help/monzo-fraud-category/email-from-monzo,data\raw\pages\help-monzo-fraud-category-email-from-monzo-a94a53562e.html,200,True,911a4efe642d91fd632fc63405a65f39ce0e3823a07577d0b87b5e44eaebc4e4,100971,2026-08-16T19:01:21.141203+00:00,
https://monzo.com/help/monzo-fraud-category/fraud-warnings,data\raw\pages\help-monzo-fraud-category-fraud-warnings-9cc7b6da04.html,200,True,98a6be2b5387ad5ff322b4bfc795737c07ea4036b50772ad22ba077fde75adb9,102019,2026-08-16T19:01:21.568606+00:00,
https://monzo.com/help/monzo-fraud-category/Getting-your-money-back-authorised-push-payment-fraud,data\raw\pages\help-monzo-fraud-category-getting-your-money-back-authorised-push-payment-fraud-b9a3778289.html,200,True,e937aebef5e277772a097ea2de936c7591831e8bffc55d237234014993e98b09,108077,2026-08-16T19:01:21.999823+00:00,
https://monzo.com/help/monzo-fraud-category/hmrc-scam,data\raw\pages\help-monzo-fraud-category-hmrc-scam-8787a4e70b.html,200,True,ce671f935b9f54763ba373275135f04ecf2289da486821b3423fac0dce21af9a,104787,2026-08-16T19:01:22.429592+00:00,
https://monzo.com/help/monzo-fraud-category/keep-your-account-safe,data\raw\pages\help-monzo-fraud-category-keep-your-account-safe-06f08e8430.html,200,True,aceace30fdeda9fad11631dbb817c3cce1cd8c7b27e03556cc1b9f5545a7cea9,104475,2026-08-16T19:01:22.862401+00:00,
https://monzo.com/help/monzo-fraud-category/money-mules,data\raw\pages\help-monzo-fraud-category-money-mules-8e3fbbaf0b.html,200,True,7357ce1807e6a21ad7851ecabe20e1086c73ec9e530ba9165044abe48a528632,106436,2026-08-16T19:01:23.289316+00:00,
https://monzo.com/help/monzo-fraud-category/monzo-call-status-web,data\raw\pages\help-monzo-fraud-category-monzo-call-status-web-fa8c5af085.html,200,True,5a27a603cb284675c31204f5f7d60ce94d6af1615c025b97d2c4d47adab61765,109518,2026-08-16T19:01:23.723266+00:00,
https://monzo.com/help/monzo-fraud-category/police-scam,data\raw\pages\help-monzo-fraud-category-police-scam-63c3eaa53d.html,200,True,f22973f83d524c538c1800bb0f69ac7b5901fe7b22999e101c0d51bbe170584d,104946,2026-08-16T19:01:24.151251+00:00,
https://monzo.com/help/monzo-fraud-category/product-service-scam,data\raw\pages\help-monzo-fraud-category-product-service-scam-d9450bbad8.html,200,True,c0551b12a9c3d401508be6d0bfac27795ce9edc7ff290de46654662009513dbc,106066,2026-08-16T19:01:24.585290+00:00,
https://monzo.com/help/monzo-fraud-category/report-attempted-scam,data\raw\pages\help-monzo-fraud-category-report-attempted-scam-83bcf5a04f.html,200,True,39a5f77f9b8460d56bb53430ae7f8d3a4c065d009b5e50cec595aa1efffddd84,97402,2026-08-16T19:01:25.013300+00:00,
https://monzo.com/help/monzo-fraud-category/report-scam,data\raw\pages\help-monzo-fraud-category-report-scam-017628f562.html,200,True,d25bd34d9095e5bf337f91627aa50c0fca7757b0171bdbcd04fea643e0210d62,97323,2026-08-16T19:01:25.446944+00:00,
https://monzo.com/help/monzo-fraud-category/safe-account-scam,data\raw\pages\help-monzo-fraud-category-safe-account-scam-0a90710e97.html,200,True,b5a18ef64f67a819ab36705a5f32e84809ebe7a69cbac3f0668843a11137191b,106626,2026-08-16T19:01:25.877419+00:00,
https://monzo.com/help/monzo-fraud-category/scam-goods-sold-online-web,data\raw\pages\help-monzo-fraud-category-scam-goods-sold-online-web-636b47c806.html,200,True,b3bfd8ead0aba50a9c2be86dcc272e335470ead1e740a8cef0aaa085cf583fdb,110072,2026-08-16T19:01:26.311318+00:00,
https://monzo.com/help/monzo-fraud-category/stay-safe-online,data\raw\pages\help-monzo-fraud-category-stay-safe-online-76ea0f2421.html,200,True,52d8df3cff42c36665c812c32be44bfe012b61ee637d2d9cb7d9646c9add5549,105970,2026-08-16T19:01:26.738104+00:00,
https://monzo.com/help/monzo-fraud-category/stay-safe-using-public-wifi,data\raw\pages\help-monzo-fraud-category-stay-safe-using-public-wifi-b5ee5291ae.html,200,True,34d0f9b88ee4ed6032894a2253a3bbf7b907b6204c446a9d1f5496b9a415dcb5,100699,2026-08-16T19:01:27.162973+00:00,
https://monzo.com/help/monzo-fraud-category/two-factor-authentication,data\raw\pages\help-monzo-fraud-category-two-factor-authentication-4cc2a55fe5.html,200,True,f6f8082c26fe1f49a7d138e243d424038e3bbe81084007a276068a198b14c1e8,101746,2026-08-16T19:01:27.601877+00:00,
https://monzo.com/help/monzo-fraud-category/understanding-impersonation-scams,data\raw\pages\help-monzo-fraud-category-understanding-impersonation-scams-cf7a780f5e.html,200,True,4eb2e0ae7b930cf28b1b06d835f4a98209041c75888cd77a89851186b29ac0ba,113576,2026-08-16T19:01:28.033487+00:00,
https://monzo.com/help/monzo-fraud-category/understanding-investment-scams-web,data\raw\pages\help-monzo-fraud-category-understanding-investment-scams-web-39b25f031b.html,200,True,1cd56aa3119b83008e26cffdd65d67486ed2f134ca6772dce12f34efbcdc9f24,111470,2026-08-16T19:01:28.474430+00:00,
https://monzo.com/help/monzo-home-insurance,,404,False,,9928,2026-08-16T19:01:29.091077+00:00,HTTP 404
https://monzo.com/help/monzo-home-insurance/home-insurance-accidental-damage,,404,False,,9928,2026-08-16T19:01:29.759689+00:00,HTTP 404
https://monzo.com/help/monzo-home-insurance/home-insurance-add-accidental-damage,,404,False,,9928,2026-08-16T19:01:30.448880+00:00,HTTP 404
https://monzo.com/help/monzo-home-insurance/home-insurance-annual-instead-of-monthly,,404,False,,9928,2026-08-16T19:01:31.109551+00:00,HTTP 404
https://monzo.com/help/monzo-home-insurance/home-insurance-automatic-renewal,,404,False,,9928,2026-08-16T19:01:31.811915+00:00,HTTP 404
https://monzo.com/help/monzo-home-insurance/home-insurance-away,,404,False,,9928,2026-08-16T19:01:32.402327+00:00,HTTP 404
https://monzo.com/help/monzo-home-insurance/home-insurance-buildings-only,,404,False,,9928,2026-08-16T19:01:33.126344+00:00,HTTP 404
https://monzo.com/help/monzo-home-insurance/home-insurance-cancelling,,404,False,,9928,2026-08-16T19:01:33.723753+00:00,HTTP 404
https://monzo.com/help/monzo-home-insurance/home-insurance-change-start-date,,404,False,,9928,2026-08-16T19:01:34.402360+00:00,HTTP 404
https://monzo.com/help/monzo-home-insurance/home-insurance-claim-update,,404,False,,9928,2026-08-16T19:01:34.988668+00:00,HTTP 404
https://monzo.com/help/monzo-home-insurance/home-insurance-cover,,404,False,,9928,2026-08-16T19:01:35.686487+00:00,HTTP 404
https://monzo.com/help/monzo-home-insurance/home-insurance-covered-who,,404,False,,9928,2026-08-16T19:01:36.383482+00:00,HTTP 404
https://monzo.com/help/monzo-home-insurance/home-insurance-does-claiming-impact-my-price,,404,False,,9928,2026-08-16T19:01:36.964280+00:00,HTTP 404
https://monzo.com/help/monzo-home-insurance/home-insurance-excess,,404,False,,9928,2026-08-16T19:01:37.650529+00:00,HTTP 404
https://monzo.com/help/monzo-home-insurance/home-insurance-excluded,,404,False,,9928,2026-08-16T19:01:38.323744+00:00,HTTP 404
https://monzo.com/help/monzo-home-insurance/home-insurance-how-to-pay,,404,False,,9928,2026-08-16T19:01:38.926229+00:00,HTTP 404
https://monzo.com/help/monzo-home-insurance/home-insurance-HVIs,,404,False,,9928,2026-08-16T19:01:39.511706+00:00,HTTP 404
https://monzo.com/help/monzo-home-insurance/home-insurance-HVIs-no-category,,404,False,,9928,2026-08-16T19:01:40.113707+00:00,HTTP 404
https://monzo.com/help/monzo-home-insurance/home-insurance-issue-time-limit,,404,False,,9928,2026-08-16T19:01:40.710533+00:00,HTTP 404
https://monzo.com/help/monzo-home-insurance/home-insurance-loss-before-policy-started,,404,False,,9928,2026-08-16T19:01:41.390074+00:00,HTTP 404
https://monzo.com/help/monzo-home-insurance/home-insurance-move,,404,False,,9928,2026-08-16T19:01:42.093578+00:00,HTTP 404
https://monzo.com/help/monzo-home-insurance/home-insurance-multiple-policies,,404,False,,9928,2026-08-16T19:01:42.746048+00:00,HTTP 404
https://monzo.com/help/monzo-home-insurance/home-insurance-out-of-home-cover,,404,False,,9928,2026-08-16T19:01:43.426443+00:00,HTTP 404
https://monzo.com/help/monzo-home-insurance/home-insurance-own-tradespeople,,404,False,,9928,2026-08-16T19:01:44.050327+00:00,HTTP 404
https://monzo.com/help/monzo-home-insurance/home-insurance-payment-date,,404,False,,9928,2026-08-16T19:01:44.732278+00:00,HTTP 404
https://monzo.com/help/monzo-home-insurance/home-insurance-policy-document,,404,False,,9928,2026-08-16T19:01:45.414097+00:00,HTTP 404
https://monzo.com/help/monzo-home-insurance/home-insurance-renewal-offer,,404,False,,9928,2026-08-16T19:01:46.019588+00:00,HTTP 404
https://monzo.com/help/monzo-home-insurance/home-insurance-struggling-pay,,404,False,,9928,2026-08-16T19:01:46.627144+00:00,HTTP 404
https://monzo.com/help/monzo-home-insurance/home-insurance-update-policy,,404,False,,9928,2026-08-16T19:01:47.242629+00:00,HTTP 404
https://monzo.com/help/monzo-max,data\raw\pages\help-monzo-max-43c979a15c.html,200,True,08c8560ffe4b4bd75946a66fc451ec6b02fe462d881663d96654c8e7e0428e9b,138322,2026-08-16T19:01:47.666979+00:00,
https://monzo.com/help/monzo-max/advanced-budgeting-auto-exports,data\raw\pages\help-monzo-max-advanced-budgeting-auto-exports-4cdf457cc7.html,200,True,aae017388af9cc3dd60045ab60ca10af33d9e719f9225caddee9da4eb829819f,96594,2026-08-16T19:01:48.095635+00:00,
https://monzo.com/help/monzo-max/advanced-budgeting-custom-categories,data\raw\pages\help-monzo-max-advanced-budgeting-custom-categories-61ba22b166.html,200,True,42b31cdf90a79bdb2aa53952d2fa84964173ebe8a811a58d6fca8b1409817525,97422,2026-08-16T19:01:48.522640+00:00,
https://monzo.com/help/monzo-max/advanced-budgeting-roundups,data\raw\pages\help-monzo-max-advanced-budgeting-roundups-e9abcdfd6b.html,200,True,7725fc4c7f28c3db3d90dd7b1e6e2c755dd9643bf76a077ecb20226aad0a3224,97314,2026-08-16T19:01:48.947337+00:00,
https://monzo.com/help/monzo-max/afford-plus-premium,data\raw\pages\help-monzo-max-afford-plus-premium-1760dbbf20.html,200,True,da8ca3816764624abb05fab6a8e9b6b2c0dd483cc8a08993e0a7cf766ffbb0ae,102498,2026-08-16T19:01:49.373873+00:00,
https://monzo.com/help/monzo-max/greggs-code-expiry,data\raw\pages\help-monzo-max-greggs-code-expiry-e7ca22d94a.html,200,True,16ae00db15af667bca2c0fb819f2f22c1a2ec3a973f08b0e1a1a323aa84f660c,98469,2026-08-16T19:01:49.801011+00:00,
https://monzo.com/help/monzo-max/greggs-code-not-working,data\raw\pages\help-monzo-max-greggs-code-not-working-455cd89265.html,200,True,3c4a729cb238409593768fd2e788d9b7fda989a8c3f50583b8a7e3c7962e451e,99154,2026-08-16T19:01:50.235317+00:00,
https://monzo.com/help/monzo-max/greggs-how-when,data\raw\pages\help-monzo-max-greggs-how-when-8208a7513d.html,200,True,c3f3b2e1edadffb48d223b0602eb19fc63bb3a9d0845013152fc96ea661f11c3,99194,2026-08-16T19:01:50.663486+00:00,
https://monzo.com/help/monzo-max/greggs-run-out,data\raw\pages\help-monzo-max-greggs-run-out-8215164b79.html,200,True,96efa6b27233655fb1e4cf50afcf2fe84d71c4c16d215474fe345338f1a098c4,98311,2026-08-16T19:01:51.092294+00:00,
https://monzo.com/help/monzo-max/keep-metal-card,data\raw\pages\help-monzo-max-keep-metal-card-175e02f7ab.html,200,True,34f9dbe0e5e3c4ef99e3b2f46c64ce0996f2915e84ebb7959c102a333ca13555,96840,2026-08-16T19:01:51.518887+00:00,
https://monzo.com/help/monzo-max/max-breakdown-cover,data\raw\pages\help-monzo-max-max-breakdown-cover-5435602eaf.html,200,True,a0b9dbc834d1260eb21cb7135f8472df007f91fd50dda49b10680bf12581efb8,97050,2026-08-16T19:01:51.948786+00:00,
https://monzo.com/help/monzo-max/max-cancellation-fee,data\raw\pages\help-monzo-max-max-cancellation-fee-67c41564d4.html,200,True,2b1e584952703ba0d74c38e0df4f76bcb4d7483cff0f2ac5a26e44bed84aafe1,108515,2026-08-16T19:01:52.380996+00:00,
https://monzo.com/help/monzo-max/max-perks-cards,data\raw\pages\help-monzo-max-max-perks-cards-37c6a974bb.html,200,True,a8f9fd2ecd346470e3579fe2b3135e50385da163fbadb05150e76fb718507ff0,95676,2026-08-16T19:01:52.820800+00:00,
https://monzo.com/help/monzo-max/max-phone-cover,data\raw\pages\help-monzo-max-max-phone-cover-73d8cf8e6a.html,200,True,96628e6a7064573455359d9fec290c1e77871589cbee933d1118154e868e92bd,95695,2026-08-16T19:01:53.254709+00:00,
https://monzo.com/help/monzo-max/max-travel-cover,data\raw\pages\help-monzo-max-max-travel-cover-49eb0dca90.html,200,True,4f7e461f06317f6abc6879364e5b61a554384f11ae3fbc17cb1eea8b36c60588,98503,2026-08-16T19:01:53.688862+00:00,
https://monzo.com/help/monzo-max/monzo-max-what,data\raw\pages\help-monzo-max-monzo-max-what-bf52ce0d5d.html,200,True,a1ecaea97cbe334488fe6bc95e6f7d8da445b9d527dcb7cf3dbcccae03acef1d,108051,2026-08-16T19:01:54.117894+00:00,
https://monzo.com/help/monzo-max/monzo-plan-ineligible,data\raw\pages\help-monzo-max-monzo-plan-ineligible-834c3f3c02.html,200,True,b8d38dfd4336a5d388edc6726e72c9feaf02e716b363a266eb8923ee16b4497e,104420,2026-08-16T19:01:54.546803+00:00,
https://monzo.com/help/monzo-max/paid-interest,data\raw\pages\help-monzo-max-paid-interest-1e6df3806f.html,200,True,306aba8815f098958398c4b7db8338c3d7de872c0a36ab2d1ea31571a264e655,98163,2026-08-16T19:01:54.980778+00:00,
https://monzo.com/help/monzo-max/pizza-express-removed,data\raw\pages\help-monzo-max-pizza-express-removed-b7c6c9adc7.html,200,True,4cdd3cb727c6f65b97382850959ad009f0ab142675824a010c488532ba699633,102001,2026-08-16T19:01:55.411380+00:00,
https://monzo.com/help/monzo-max/plan-signup,data\raw\pages\help-monzo-max-plan-signup-f17bec427b.html,200,True,4c3597b10f59f418df8b8ce9d9ab47a7861d850d70043cae93ef52efc3969cda,101415,2026-08-16T19:01:55.840261+00:00,
https://monzo.com/help/monzo-max/plus-connected-accounts,data\raw\pages\help-monzo-max-plus-connected-accounts-aa31f269df.html,200,True,f3696afcd1a783aa8b9d75a35a3cd814ab1579104a9dc14df3e8235ad0a1b883,95654,2026-08-16T19:01:56.267311+00:00,
https://monzo.com/help/monzo-max/premium-to-max-insurance,data\raw\pages\help-monzo-max-premium-to-max-insurance-506ac6e95c.html,200,True,57a7496bf0eac63cb2c22eb8fc494284c2eaa64c6312e03bb5e0e7c6aca4145a,100511,2026-08-16T19:01:56.698486+00:00,
https://monzo.com/help/monzo-max/qover-premium-travel-how-to-claim,data\raw\pages\help-monzo-max-qover-premium-travel-how-to-claim-c66c627e59.html,200,True,f38135dd210195acc6eef083141d25cfdd1bd5d85d278fd8aaa86ac20a1ddb7d,96968,2026-08-16T19:01:57.131395+00:00,
https://monzo.com/help/monzo-max/rac-request-breakdown-assistance,data\raw\pages\help-monzo-max-rac-request-breakdown-assistance-7d0c81fded.html,200,True,a23ab829b3e548be10269a768981d4edab2cb7a86d45bb12423252e48dca425e,96135,2026-08-16T19:01:57.560181+00:00,
https://monzo.com/help/monzo-max/railcard-benefit-code,data\raw\pages\help-monzo-max-railcard-benefit-code-f7fa879a47.html,200,True,e73ecdb3c628c2572bec46c14bf877bbd5de2a0f4fbc15468a34a198bfd5a86a,99893,2026-08-16T19:01:57.987244+00:00,
https://monzo.com/help/monzo-max/railcard-benefit-what,data\raw\pages\help-monzo-max-railcard-benefit-what-bcf1dfe83e.html,200,True,498c5587dea2c932b84eee8834fe1c9a28afd5779870153bc5532ecb3d5f845a,99036,2026-08-16T19:01:58.419881+00:00,
https://monzo.com/help/monzo-max/railcard-cancel,data\raw\pages\help-monzo-max-railcard-cancel-4062906f09.html,200,True,91f8c818710661054c3f7a29ef068a477a2b3445f00381d2703e94957654f02b,98848,2026-08-16T19:01:58.850724+00:00,
https://monzo.com/help/monzo-max/railcard-eligible,data\raw\pages\help-monzo-max-railcard-eligible-2f65ce21c2.html,200,True,5d0216f2dfbc2f00522f1f29921253f19ec1a1e05a3a32a994a051f931c82596,99869,2026-08-16T19:01:59.280435+00:00,
https://monzo.com/help/monzo-max/railcard-renewal-reminder,data\raw\pages\help-monzo-max-railcard-renewal-reminder-b427431698.html,200,True,8b770eb1b30d42d2001b7a796bc786de5d8afb9350cb7ed0cd309c3cf17b845e,99067,2026-08-16T19:01:59.708734+00:00,
https://monzo.com/help/monzo-max/renew-railcard-code-not-working,data\raw\pages\help-monzo-max-renew-railcard-code-not-working-0ea78587a0.html,200,True,ecb24e8c25ccf9b73410e3345b2f74aec2ea11b80c78cccebc9ef7dc79371d98,99596,2026-08-16T19:02:00.143226+00:00,
https://monzo.com/help/monzo-max/share-policy-details,data\raw\pages\help-monzo-max-share-policy-details-c5a9eb78c8.html,200,True,1023b3ef1a80ddc4200832aa69445cd7389d4973277e71da977232377ea90446,107672,2026-08-16T19:02:00.580038+00:00,
https://monzo.com/help/monzo-max/subs-credit-tracker-problem,data\raw\pages\help-monzo-max-subs-credit-tracker-problem-c20376e5fb.html,200,True,a71e3b283812a537931b254d8e297542db608fe80a2ca518e8eb2226215cfee2,96040,2026-08-16T19:02:01.008342+00:00,
https://monzo.com/help/monzo-max/uber-one,data\raw\pages\help-monzo-max-uber-one-a53234e97d.html,200,True,5d6c44b3330ab4169a9f49e535f05302fc05422d7cb6670cc4b80ad0fd1306b3,105738,2026-08-16T19:02:01.436314+00:00,
https://monzo.com/help/monzo-max/upgrade-downgrade-plans,data\raw\pages\help-monzo-max-upgrade-downgrade-plans-7e9b089a7f.html,200,True,f64764573aedb339fc571127699700c76809e7629bca25c4acf42b4598381286,105075,2026-08-16T19:02:01.875153+00:00,
https://monzo.com/help/monzo-max/virtual-card-on-pot-dispute,data\raw\pages\help-monzo-max-virtual-card-on-pot-dispute-b3826407bc.html,200,True,64f26a29f4de734557b8cfe8e29e2a06b619de9249671db1b583f2ec449c5f29,99801,2026-08-16T19:02:02.306760+00:00,
https://monzo.com/help/monzo-max/virtual-card-on-pot-how,data\raw\pages\help-monzo-max-virtual-card-on-pot-how-05afcd1b1b.html,200,True,eb1a6a4a9bff3a83c7c06978f411c44e47f9c5d2781d47f4cc9c2fe31b669503,99561,2026-08-16T19:02:02.748216+00:00,
https://monzo.com/help/monzo-max/virtual-cards-how,data\raw\pages\help-monzo-max-virtual-cards-how-ab0a4604a7.html,200,True,1101543dadef9d2e46c124dcc99bd683388fe09da9b449ba1ec9697d10943ac9,99159,2026-08-16T19:02:03.240442+00:00,
https://monzo.com/help/monzo-max/virtual-cards-limits,data\raw\pages\help-monzo-max-virtual-cards-limits-853e84285e.html,200,True,4e8b8c205bf31fb3592df914f9b9504e556d0064de5f6972f62e756af09e53c3,101167,2026-08-16T19:02:03.686426+00:00,
https://monzo.com/help/monzo-max/virtual-cards-what,data\raw\pages\help-monzo-max-virtual-cards-what-6d724f2733.html,200,True,f58adf4763ceedcc28e23638b1ae11fae392ab76f3bafabe2bc73527f4c1f932,100460,2026-08-16T19:02:04.115042+00:00,
https://monzo.com/help/monzo-max/web-bill-pots,data\raw\pages\help-monzo-max-web-bill-pots-0a05b979d8.html,200,True,510e09542ac6fbf5efecf994c9abbb35876e3ac79b76dc5ed781d832faa3fc7e,102365,2026-08-16T19:02:04.545205+00:00,
https://monzo.com/help/monzo-max/what-credit-insights,data\raw\pages\help-monzo-max-what-credit-insights-dfd1cf929e.html,200,True,cffeed0a6be6c23121e1d9b65381a21b261b38fa622fb36887ceeb78bf10c9ea,99696,2026-08-16T19:02:04.974335+00:00,
https://monzo.com/help/monzo-max/what-items-greggs,data\raw\pages\help-monzo-max-what-items-greggs-1950d4b985.html,200,True,6090e5b2e6f59be315335092c03968a27c9ebad02434de31fc21cec6ffe12a99,98476,2026-08-16T19:02:05.408300+00:00,
https://monzo.com/help/monzo-max/what-stores-greggs,data\raw\pages\help-monzo-max-what-stores-greggs-5057bbbf28.html,200,True,65b1e1b7a631bf476679962464856cc199bdd50667a9b964ed3e4a29e1e56f7e,98707,2026-08-16T19:02:05.845023+00:00,
https://monzo.com/help/monzo-perks,data\raw\pages\help-monzo-perks-2ea6d5aad1.html,200,True,8716ac7a692e0afc4a37093bb9ecd9a7cc21f8602203ab911a601807e1813c26,136695,2026-08-16T19:02:06.274806+00:00,
https://monzo.com/help/monzo-perks/advanced-budgeting-auto-exports,data\raw\pages\help-monzo-perks-advanced-budgeting-auto-exports-914db48f1a.html,200,True,c8eeaa9c9ce4eed2c031007e43840c0a06d75bcfb5f810f0452ba97d5a15fbf5,96644,2026-08-16T19:02:06.708268+00:00,
https://monzo.com/help/monzo-perks/advanced-budgeting-custom-categories,data\raw\pages\help-monzo-perks-advanced-budgeting-custom-categories-99ba9c3444.html,200,True,de0aed4b362ee85f24a6537a47719e5d5a9e66db00ee561b10a2557d5dbccd4f,97472,2026-08-16T19:02:07.137595+00:00,
https://monzo.com/help/monzo-perks/advanced-budgeting-multiple-categories,data\raw\pages\help-monzo-perks-advanced-budgeting-multiple-categories-9352500f2f.html,200,True,cb6e6b03406ef32afc51d4a721a880a0d401226cf6de461abbd2b58ab97f985a,98417,2026-08-16T19:02:07.564619+00:00,
https://monzo.com/help/monzo-perks/advanced-budgeting-roundups,data\raw\pages\help-monzo-perks-advanced-budgeting-roundups-1309b8a3f7.html,200,True,cbba8613af3b7421b44a80552cfdafacb4b8bfe7fc0a47881dc40c7b6c042e44,97364,2026-08-16T19:02:08.006184+00:00,
https://monzo.com/help/monzo-perks/afford-plus-premium,data\raw\pages\help-monzo-perks-afford-plus-premium-bfaf9502d5.html,200,True,f474be960fac6d7d9d0c5332aa077247a387cdffc28540821dcc51b212588d0a,102650,2026-08-16T19:02:08.434843+00:00,
https://monzo.com/help/monzo-perks/greggs-code-expiry,data\raw\pages\help-monzo-perks-greggs-code-expiry-10b6d62483.html,200,True,611f31b73f4b31985ccab7efd89e7b3b836c2e88aa1252abdc8830c7cd2d0c9d,98537,2026-08-16T19:02:08.868164+00:00,
https://monzo.com/help/monzo-perks/greggs-code-not-working,data\raw\pages\help-monzo-perks-greggs-code-not-working-97d9eb58c2.html,200,True,49c8b83ca81b62ac185273071e1cc552b61b423fd9583585ca597ff9a78c40b4,99222,2026-08-16T19:02:09.306401+00:00,
https://monzo.com/help/monzo-perks/greggs-how-when,data\raw\pages\help-monzo-perks-greggs-how-when-bcb1fba24a.html,200,True,cfebf6eee7d952743e5cc135f0670f0c7e395e1960725e93f42d34c3930d255d,99262,2026-08-16T19:02:09.738270+00:00,
https://monzo.com/help/monzo-perks/greggs-run-out,data\raw\pages\help-monzo-perks-greggs-run-out-1fdfc280d7.html,200,True,47e79d1869682e76492acfbf135a1ae32479b0b4cccfec1ecc95ac272555237c,98379,2026-08-16T19:02:10.170901+00:00,
https://monzo.com/help/monzo-perks/keep-metal-card,data\raw\pages\help-monzo-perks-keep-metal-card-42060187dd.html,200,True,eb617a95509220d41c54d178cbc21253102e8898679bf3934212a1529341ee22,96884,2026-08-16T19:02:10.606782+00:00,
https://monzo.com/help/monzo-perks/max-perks-cards,data\raw\pages\help-monzo-perks-max-perks-cards-9f592f6ca0.html,200,True,055481c2417ff874d17d147059cf4761cbcd0622b5516e4472e0d7bec8bdd1b1,95720,2026-08-16T19:02:11.034329+00:00,
https://monzo.com/help/monzo-perks/monzo-perks-what,data\raw\pages\help-monzo-perks-monzo-perks-what-95c1cd9530.html,200,True,7d4101d1bdc7bb6dbd5b0a8710a0ea225ae4cc7e0189d790ec6a080e666422a9,108338,2026-08-16T19:02:11.474388+00:00,
https://monzo.com/help/monzo-perks/monzo-plan-ineligible,data\raw\pages\help-monzo-perks-monzo-plan-ineligible-3f71cbb0eb.html,200,True,9e22748d51699544cd65118cebe66a8396caa7d900f1e9c39f471917f0ecdd2e,104572,2026-08-16T19:02:11.906019+00:00,
https://monzo.com/help/monzo-perks/paid-interest,data\raw\pages\help-monzo-perks-paid-interest-d86c99030c.html,200,True,74db08e8f40a168481d4fc30241c55b974fa79b3acf45d4a2cbe73dbce8ad686,98201,2026-08-16T19:02:12.332760+00:00,
https://monzo.com/help/monzo-perks/perks-cancellation-fee,data\raw\pages\help-monzo-perks-perks-cancellation-fee-a52b94a475.html,200,True,b4c0dec03c18be007310302b30fa750f35112326be8fbc00004874992f878283,104446,2026-08-16T19:02:12.759751+00:00,
https://monzo.com/help/monzo-perks/pizza-express-removed,data\raw\pages\help-monzo-perks-pizza-express-removed-8977e6eace.html,200,True,08aaf97e4ba531dfb6e37abc60159d2863c0abc1df28669f83a14ec4fb3223fa,102153,2026-08-16T19:02:13.190215+00:00,
https://monzo.com/help/monzo-perks/plan-pay-from-pot,data\raw\pages\help-monzo-perks-plan-pay-from-pot-ca246f9835.html,200,True,c7d7d36952197dd08352671e4e8c9cc6a3dc70a93108e2c3f425a7e4fbc99717,103216,2026-08-16T19:02:13.621707+00:00,
https://monzo.com/help/monzo-perks/plan-signup,data\raw\pages\help-monzo-perks-plan-signup-02fbcea411.html,200,True,5e1633fbb8b92cad304a227defbfd08ab93da9b7d4606cb82003e42d78a340b9,101567,2026-08-16T19:02:14.064965+00:00,
https://monzo.com/help/monzo-perks/plus-connected-accounts,data\raw\pages\help-monzo-perks-plus-connected-accounts-b91963f073.html,200,True,0a909ce409d1b0ba87ba8e2847015145272d38954d38b5457319ced40517bf05,95692,2026-08-16T19:02:14.500071+00:00,
https://monzo.com/help/monzo-perks/railcard-benefit-code,data\raw\pages\help-monzo-perks-railcard-benefit-code-0b921b1d57.html,200,True,c69f959c54b86a89c7b98b041d09d45fccd60b05378fa04dbc8773f1b14ef1e8,99961,2026-08-16T19:02:14.928626+00:00,
https://monzo.com/help/monzo-perks/railcard-benefit-what,data\raw\pages\help-monzo-perks-railcard-benefit-what-a703a15834.html,200,True,c27a4bd93a42a2ffe607a73b4120cd17ea2be477e1661a2e0d9c875f8130beab,99104,2026-08-16T19:02:15.362058+00:00,
https://monzo.com/help/monzo-perks/railcard-cancel,data\raw\pages\help-monzo-perks-railcard-cancel-3c39bcf352.html,200,True,8545b9cdfe9e8d6cb20dd7658c9026388054d830ed263a51ab0c2f3584e60479,98916,2026-08-16T19:02:15.814165+00:00,
https://monzo.com/help/monzo-perks/railcard-eligible,data\raw\pages\help-monzo-perks-railcard-eligible-885e1d5a0e.html,200,True,7881bef2ac5097d57fd2928a43c62ccf16907b20a3d86d6e87678f9a7f29d003,99937,2026-08-16T19:02:16.244108+00:00,
https://monzo.com/help/monzo-perks/railcard-renewal-reminder,data\raw\pages\help-monzo-perks-railcard-renewal-reminder-279512a5c8.html,200,True,9d3a70e6db68b8ed47cf08f7ddb313bca7335e2d58c89b54adba30d1c2e5ac97,99135,2026-08-16T19:02:16.682962+00:00,
https://monzo.com/help/monzo-perks/renew-railcard-code-not-working,data\raw\pages\help-monzo-perks-renew-railcard-code-not-working-2cd0cd808f.html,200,True,feea69d29b69ec342cf1e42acd88349ff8189e4a7d41e6610843ba647c8ec9ca,99664,2026-08-16T19:02:17.123979+00:00,
https://monzo.com/help/monzo-perks/subs-credit-tracker-problem,data\raw\pages\help-monzo-perks-subs-credit-tracker-problem-397a409191.html,200,True,df5610bb367a9dbeffdd3a6db6d09f2017edb4d054072a195194bc4f7f94a485,96084,2026-08-16T19:02:17.590338+00:00,
https://monzo.com/help/monzo-perks/trends-custom-categories-web,data\raw\pages\help-monzo-perks-trends-custom-categories-web-aff234df32.html,200,True,0fe37445c5549b7e37e0dc30a9f951d0c3fbe3f43ef05f4cd80645f9f7d4b8b8,100598,2026-08-16T19:02:18.017220+00:00,
https://monzo.com/help/monzo-perks/trends-spending-and-balance-web,data\raw\pages\help-monzo-perks-trends-spending-and-balance-web-98a732d4b9.html,200,True,2743f5e68657fa6c34c68d338219b82fc2fd1631c2b232256d836e935657c8bf,100204,2026-08-16T19:02:18.448749+00:00,
https://monzo.com/help/monzo-perks/uber-one,data\raw\pages\help-monzo-perks-uber-one-2454224c0e.html,200,True,ab5eb7d819d39f3884ffe69d0c01e29be21ca5c23928c6ae054b2927a9ff837f,105890,2026-08-16T19:02:18.879805+00:00,
https://monzo.com/help/monzo-perks/upgrade-downgrade-plans,data\raw\pages\help-monzo-perks-upgrade-downgrade-plans-35b6a348bc.html,200,True,8d6990239217981d11a3d7b0bf5aa54309aea1f6991cd8d712a85b32e44c1ea9,105227,2026-08-16T19:02:19.306293+00:00,
https://monzo.com/help/monzo-perks/virtual-card-on-pot-dispute,data\raw\pages\help-monzo-perks-virtual-card-on-pot-dispute-61305bcf63.html,200,True,f956b4077c42905b737d38543a3a6c5bf7872a4d47087fbe74ad6a8cc81c3a48,99875,2026-08-16T19:02:19.738689+00:00,
https://monzo.com/help/monzo-perks/virtual-card-on-pot-how,data\raw\pages\help-monzo-perks-virtual-card-on-pot-how-7f3ada51f7.html,200,True,2798232d36be9ae9362dfa20f04bf1a048a8dc03c9df7a9c5697fac2481357d6,99635,2026-08-16T19:02:20.167446+00:00,
https://monzo.com/help/monzo-perks/virtual-cards-how,data\raw\pages\help-monzo-perks-virtual-cards-how-fe6cb136f3.html,200,True,696a0ae0f0a63a58b7137edd5836e51d990088858b1e01a3381bcaf55f4631c9,99233,2026-08-16T19:02:20.605164+00:00,
https://monzo.com/help/monzo-perks/virtual-cards-limits,data\raw\pages\help-monzo-perks-virtual-cards-limits-0364febb3f.html,200,True,57eb25c291f1f6ec7d83815e362def53eb43ac6310f14beadc48d0a588637c55,101241,2026-08-16T19:02:21.045169+00:00,
https://monzo.com/help/monzo-perks/virtual-cards-what,data\raw\pages\help-monzo-perks-virtual-cards-what-1969661535.html,200,True,2444aadebda45b8294abc9802e8cc2c3d48d91a118b7896c7c37bf0faf695981,100534,2026-08-16T19:02:21.474059+00:00,
https://monzo.com/help/monzo-perks/web-bill-pots,data\raw\pages\help-monzo-perks-web-bill-pots-d37fc410c2.html,200,True,b6064d6cb325acb495fd6465c5bd3c433400cccc7db8a35b357a450a62e8d8d1,102439,2026-08-16T19:02:21.914402+00:00,
https://monzo.com/help/monzo-perks/what-credit-insights,data\raw\pages\help-monzo-perks-what-credit-insights-53b95fffa9.html,200,True,dee7a1e9d9768451c328430f248e02369badc8049469c4bd75a3819aa0c13ca4,99740,2026-08-16T19:02:22.348027+00:00,
https://monzo.com/help/monzo-perks/what-items-greggs,data\raw\pages\help-monzo-perks-what-items-greggs-a85701c73b.html,200,True,d455ffd3400157ddfda5c8036bf552e8ca60fa9159d8a01c81e2dd4991ab13ca,98544,2026-08-16T19:02:22.786925+00:00,
https://monzo.com/help/monzo-perks/what-stores-greggs,data\raw\pages\help-monzo-perks-what-stores-greggs-994e879063.html,200,True,3c4fb046835c76de17eb47606aadd95cc799e9a863d7e983da1f5655d2a96630,98775,2026-08-16T19:02:23.216621+00:00,
https://monzo.com/help/monzo-plus,data\raw\pages\help-monzo-plus-46ab1241aa.html,200,True,2e4117284af343822f5a01081ae1b5c2eb20eb216e52927545b7d39c8c050066,113419,2026-08-16T19:02:23.643913+00:00,
https://monzo.com/help/monzo-plus/advanced-budgeting-auto-exports,data\raw\pages\help-monzo-plus-advanced-budgeting-auto-exports-f7fa6c180d.html,200,True,4f16118ce7ed9176cac6991aebf494ba30f77b661f3fab10cdae5bbc06bc409a,96623,2026-08-16T19:02:24.067792+00:00,
https://monzo.com/help/monzo-plus/advanced-budgeting-custom-categories,data\raw\pages\help-monzo-plus-advanced-budgeting-custom-categories-f5bed53513.html,200,True,c06111a0d5ab500d9aedb69708f34efd4ccb7da9f354fe3118e081d9d04edcd0,97451,2026-08-16T19:02:24.494438+00:00,
https://monzo.com/help/monzo-plus/advanced-budgeting-roundups,data\raw\pages\help-monzo-plus-advanced-budgeting-roundups-31fc684846.html,200,True,364614433c3ec7566fba716287918778f365ed87e4de44e6ba47461885767257,97343,2026-08-16T19:02:24.920364+00:00,
https://monzo.com/help/monzo-plus/afford-plus-premium,data\raw\pages\help-monzo-plus-afford-plus-premium-846c974b34.html,200,True,1f3615d9cdc23bb1529d3160a56d51cf1bd3689e76f6565c2a40afc04661ef48,102769,2026-08-16T19:02:25.358952+00:00,
https://monzo.com/help/monzo-plus/credit-score-what,data\raw\pages\help-monzo-plus-credit-score-what-f7c4847f76.html,200,True,64e7a50c1e080b1bd4dfade049afeead36c3f33c39f0bbbc5a2473e60eff94f7,96372,2026-08-16T19:02:25.786283+00:00,
https://monzo.com/help/monzo-plus/monzo-plus-benefits,data\raw\pages\help-monzo-plus-monzo-plus-benefits-7f96248f69.html,200,True,38f6b363631a447a406d8aa30068a05871fd49c6f774ef61a23a9367a926c3e7,105493,2026-08-16T19:02:26.220338+00:00,
https://monzo.com/help/monzo-plus/monzo-plus-billing-date,data\raw\pages\help-monzo-plus-monzo-plus-billing-date-7fd435f2f4.html,200,True,d16bff1ec2ba238ce2b78af5566a5fdb31e55e95ef454299201a0aa5e8d2160d,102459,2026-08-16T19:02:26.646773+00:00,
https://monzo.com/help/monzo-plus/paid-downgrade-premium,data\raw\pages\help-monzo-plus-paid-downgrade-premium-161b31a2f2.html,200,True,265a2171c2b84f11d30b05aac65aeffd7bf65734b3893d6b51d853d2db993eb9,103510,2026-08-16T19:02:27.074667+00:00,
https://monzo.com/help/monzo-plus/paid-interest,data\raw\pages\help-monzo-plus-paid-interest-9fcb260319.html,200,True,ddc0abe2b2aef52164228d0683f2da5fce2ca4f660448800bb096ef4f96b7bbf,98186,2026-08-16T19:02:27.502459+00:00,
https://monzo.com/help/monzo-plus/paid-upgrade-premium,data\raw\pages\help-monzo-plus-paid-upgrade-premium-d8264bae2c.html,200,True,44dcded3199ffc6731c7e2bb0b23e8654d864d2b188a6ae1c2e5b2d24dca4fd2,103582,2026-08-16T19:02:27.938309+00:00,
https://monzo.com/help/monzo-plus/plus-cancel,data\raw\pages\help-monzo-plus-plus-cancel-5a71c57391.html,200,True,b7af83b2f54e3f6c4b62066d918cea9c5a777b7500abf6eae487909c1940143f,105140,2026-08-16T19:02:28.364616+00:00,
https://monzo.com/help/monzo-plus/plus-connected-accounts,data\raw\pages\help-monzo-plus-plus-connected-accounts-5c6dd669ee.html,200,True,cc35ae87a0a78119d1d652885a77813351945f3a322adc80134521e9e238b24b,95677,2026-08-16T19:02:28.801711+00:00,
https://monzo.com/help/monzo-plus/plus-credit-tracker,data\raw\pages\help-monzo-plus-plus-credit-tracker-42411b8a47.html,200,True,6473d7d3ce0587cf0a314e12b186e8d7b5462927eac97ca94e54e3d456aff3fe,96548,2026-08-16T19:02:29.238762+00:00,
https://monzo.com/help/monzo-plus/plus-fees,data\raw\pages\help-monzo-plus-plus-fees-45595065d6.html,200,True,482885883cf7da97c35ff696ffb63c6bfef7809b2d5b61c5bdcdfb805277b636,105635,2026-08-16T19:02:29.667668+00:00,
https://monzo.com/help/monzo-plus/plus-joint-account,data\raw\pages\help-monzo-plus-plus-joint-account-645fb840c7.html,200,True,8d0f8e4684417a63b8eb805668fdc78558cc49eabd4febca6af97d3de2ef96c3,104537,2026-08-16T19:02:30.092242+00:00,
https://monzo.com/help/monzo-plus/plus-premium-whats-happening,data\raw\pages\help-monzo-plus-plus-premium-whats-happening-0efbedd530.html,200,True,24c61453580a1c38c6a6bff46d74affaf34890166e32b913e67d2ac14ef67c10,102662,2026-08-16T19:02:30.520298+00:00,
https://monzo.com/help/monzo-plus/remove-credit-tracker,data\raw\pages\help-monzo-plus-remove-credit-tracker-9ddad23a57.html,200,True,3412e24759dfe1b8a5d0225fa911779aed8ba136466e560574b001e52dbf7e53,95779,2026-08-16T19:02:30.949401+00:00,
https://monzo.com/help/monzo-plus/virtual-card-on-pot-dispute,data\raw\pages\help-monzo-plus-virtual-card-on-pot-dispute-9d3e7257f2.html,200,True,a864ec0ee0c25b1677a92086886e288b2546069854d8c28e9b1fe848f9315aa0,99842,2026-08-16T19:02:31.373381+00:00,
https://monzo.com/help/monzo-plus/virtual-card-on-pot-how,data\raw\pages\help-monzo-plus-virtual-card-on-pot-how-b7f4a84aa9.html,200,True,aafa8b6e7b1585129e3b05ff6847bd64fcf073c878f86397fbc851c51482c02c,99602,2026-08-16T19:02:31.800604+00:00,
https://monzo.com/help/monzo-plus/virtual-cards-how,data\raw\pages\help-monzo-plus-virtual-cards-how-50d6649ce4.html,200,True,74ce5419be3adcb1cfe616fd658e51dc24fb5ab450bc5a13c78fe68806fa4dc7,99200,2026-08-16T19:02:32.227755+00:00,
https://monzo.com/help/monzo-plus/virtual-cards-limits,data\raw\pages\help-monzo-plus-virtual-cards-limits-c0b3d434fd.html,200,True,8e25dd5a1bdfc4cd4babfba2e9f8e92774a8d762be2ff07b984b866fdbc54a01,101208,2026-08-16T19:02:32.663722+00:00,
https://monzo.com/help/monzo-plus/virtual-cards-what,data\raw\pages\help-monzo-plus-virtual-cards-what-69500cf73a.html,200,True,b7d4022bdd00b21d25fa23ace710bcc224fdd102df5670584be6970c3ba386fb,100501,2026-08-16T19:02:33.094843+00:00,
https://monzo.com/help/monzo-plus/web-bill-pots,data\raw\pages\help-monzo-plus-web-bill-pots-770a72bb37.html,200,True,18e68f56edc41c56c0788621caab121851617723f71614dd854c2d0d84b18cf3,102406,2026-08-16T19:02:33.523642+00:00,
https://monzo.com/help/monzo-premium,data\raw\pages\help-monzo-premium-26c83fb221.html,200,True,f9131159cbda623d6cdd26d23fd82728761126f6cdd133990cf22e0acb791c6c,119364,2026-08-16T19:02:33.952086+00:00,
https://monzo.com/help/monzo-premium/advanced-budgeting-auto-exports,data\raw\pages\help-monzo-premium-advanced-budgeting-auto-exports-815e02edb6.html,200,True,c9806fcd32769de546cf6b176114e1d16760d71f5e9a963180e606175e211071,96694,2026-08-16T19:02:34.393269+00:00,
https://monzo.com/help/monzo-premium/advanced-budgeting-custom-categories,data\raw\pages\help-monzo-premium-advanced-budgeting-custom-categories-2a272dd6a2.html,200,True,1c6b5ff8e4e432e320acc2885be6effe34579ea3f93c4f5289e3d57386039756,97522,2026-08-16T19:02:34.825497+00:00,
https://monzo.com/help/monzo-premium/advanced-budgeting-roundups,data\raw\pages\help-monzo-premium-advanced-budgeting-roundups-b0c5e57101.html,200,True,c6c97b16bcedc84d74109ff3fb25b663817a157f2fb76b4aa4ed1b1c267de54f,97414,2026-08-16T19:02:35.253308+00:00,
https://monzo.com/help/monzo-premium/afford-plus-premium,data\raw\pages\help-monzo-premium-afford-plus-premium-30391d0f31.html,200,True,7a6f2d52ab01136044951bd98156f494b38fc9b3d171282ca5ae32e603abc48d,99502,2026-08-16T19:02:35.686370+00:00,
https://monzo.com/help/monzo-premium/credit-score-what,data\raw\pages\help-monzo-premium-credit-score-what-acf13cf698.html,200,True,593b04f5db385672979b89d3cbb324849b6215b88f3e0a0f0f04f098b1d14b88,96443,2026-08-16T19:02:36.116003+00:00,
https://monzo.com/help/monzo-premium/family-cover-qover,data\raw\pages\help-monzo-premium-family-cover-qover-d5b3d79a59.html,200,True,64cfe1e5d6eee563cd6cc0f15cb89839a4a784ece770ac8f71f32b4adbaa7095,97109,2026-08-16T19:02:36.543512+00:00,
https://monzo.com/help/monzo-premium/keep-metal-card,data\raw\pages\help-monzo-premium-keep-metal-card-6d9a9cd3d2.html,200,True,6485ad8df9f5d4397e2e38e96f43a4c3b533ee424b4dd1f24c9aea6f8bef83da,100492,2026-08-16T19:02:36.983356+00:00,
https://monzo.com/help/monzo-premium/metal-card-cleaning,data\raw\pages\help-monzo-premium-metal-card-cleaning-1f1b32adf7.html,200,True,95a04c6029c2ac49313b31cd42ecea0fb78eaac9d1a510c8ecc94bb5e7774c8d,96213,2026-08-16T19:02:37.411762+00:00,
https://monzo.com/help/monzo-premium/paid-downgrade-premium,data\raw\pages\help-monzo-premium-paid-downgrade-premium-ce08eccd0c.html,200,True,018b4b20d7aa0ce4b51fcc04426dfdbf839ba9a01990f6aa751ad2631686875d,100231,2026-08-16T19:02:37.838205+00:00,
https://monzo.com/help/monzo-premium/paid-interest,data\raw\pages\help-monzo-premium-paid-interest-1bf907b1b5.html,200,True,0540db9fa800f4084e1624fc37a1e13f1f466b6dbe9295c1928b80f7fcfe26ee,98239,2026-08-16T19:02:38.279478+00:00,
https://monzo.com/help/monzo-premium/plus-connected-accounts,data\raw\pages\help-monzo-premium-plus-connected-accounts-611a794def.html,200,True,d7c35ecf22daa3a6854eb20470b1a6daed188a4d1e9ec2e312cd96f75481b110,95730,2026-08-16T19:02:38.714726+00:00,
https://monzo.com/help/monzo-premium/plus-credit-tracker,data\raw\pages\help-monzo-premium-plus-credit-tracker-cfea81da94.html,200,True,550faa590f3f075c47b05a7c3fdcc21eb92f9e66d7271ba49e4c950d735a2e74,96619,2026-08-16T19:02:39.159304+00:00,
https://monzo.com/help/monzo-premium/plus-premium-whats-happening,data\raw\pages\help-monzo-premium-plus-premium-whats-happening-581484c5c2.html,200,True,48f452df5d67ed9981b36229a856a59365df63f30dd6d25c6ac96fcf99edac9e,99359,2026-08-16T19:02:39.598332+00:00,
https://monzo.com/help/monzo-premium/prem-card-recycle,data\raw\pages\help-monzo-premium-prem-card-recycle-60524ab257.html,200,True,50c32c22819456c0706ef9b31efdb8eb07023117646ef268f18b964726f0affa,95786,2026-08-16T19:02:40.028142+00:00,
https://monzo.com/help/monzo-premium/premium-cancel,data\raw\pages\help-monzo-premium-premium-cancel-ce0c084890.html,200,True,83685a5d59cd8eec9af2e13006b95328492b477ab2acbc7db2a385e367a98904,102591,2026-08-16T19:02:40.457660+00:00,
https://monzo.com/help/monzo-premium/premium-phone-repair,data\raw\pages\help-monzo-premium-premium-phone-repair-5125ee898f.html,200,True,6138fd1c82cbad222bf8462a79a2bcc63916e88c6392e7fc1268e3a55abf8055,98248,2026-08-16T19:02:40.883590+00:00,
https://monzo.com/help/monzo-premium/premium-phone-replace,data\raw\pages\help-monzo-premium-premium-phone-replace-e715e076d7.html,200,True,ba0289101edf93f6b0d13054d5f1819ec11b44122ac24e6470fe5c2b935feada,96796,2026-08-16T19:02:41.333888+00:00,
https://monzo.com/help/monzo-premium/premium-phone-what,data\raw\pages\help-monzo-premium-premium-phone-what-05de57c9ad.html,200,True,5623c394562fe53003842aabc717116833022c0df66d8ab757f2ca6145f98b8a,98804,2026-08-16T19:02:41.759280+00:00,
https://monzo.com/help/monzo-premium/premium-to-max-insurance,data\raw\pages\help-monzo-premium-premium-to-max-insurance-a4f65a21c5.html,200,True,4a37d1c14fd2dfa8da4910322f64f3ea02113a933e6455a9e3bcde83f340ee39,100591,2026-08-16T19:02:42.196804+00:00,
https://monzo.com/help/monzo-premium/premium-travel-covered-web,data\raw\pages\help-monzo-premium-premium-travel-covered-web-ec3c2e8ba2.html,200,True,2d0fc34e8ba1dc0dff5b2fc887380b71312af239d9dc046da2c8b95e6b42af31,98668,2026-08-16T19:02:42.623618+00:00,
https://monzo.com/help/monzo-premium/remove-credit-tracker,data\raw\pages\help-monzo-premium-remove-credit-tracker-79ffac79b8.html,200,True,2c252575b6fa72b19b92eb2c0b197151dfb0417a46ec47c104a263b0f4e5b768,95850,2026-08-16T19:02:43.059528+00:00,
https://monzo.com/help/monzo-premium/virtual-card-on-pot-dispute,data\raw\pages\help-monzo-premium-virtual-card-on-pot-dispute-a7b35e8112.html,200,True,ba3817a2d5c6ffdb47ebe5c95e75e6816d062146d53102934a0b49a60c4afa00,99949,2026-08-16T19:02:43.497331+00:00,
https://monzo.com/help/monzo-premium/virtual-card-on-pot-how,data\raw\pages\help-monzo-premium-virtual-card-on-pot-how-df295740f3.html,200,True,4d2bddf434fa70eb3047dc60cfaeb851a6cfefa691e1989cfe281fea4e8bb30c,99709,2026-08-16T19:02:43.926671+00:00,
https://monzo.com/help/monzo-premium/virtual-cards-how,data\raw\pages\help-monzo-premium-virtual-cards-how-e4e0b20c40.html,200,True,2f5fb99759eb76f8258609475b6403e898f245e2f273f85c1d2c2d3ef0bce73c,99307,2026-08-16T19:02:44.355690+00:00,
https://monzo.com/help/monzo-premium/virtual-cards-limits,data\raw\pages\help-monzo-premium-virtual-cards-limits-593ba17e7f.html,200,True,d2ade997562ce43f33825b590253dbd3804eb0f96b8a13d1dc64bcf7773721af,101315,2026-08-16T19:02:44.786456+00:00,
https://monzo.com/help/monzo-premium/virtual-cards-what,data\raw\pages\help-monzo-premium-virtual-cards-what-5ae235c034.html,200,True,ca5dcb109ffe3b3ec1791f9851e8c5244a3d104acaaace2513b87cba92cc056a,100608,2026-08-16T19:02:45.219312+00:00,
https://monzo.com/help/monzo-premium/web-bill-pots,data\raw\pages\help-monzo-premium-web-bill-pots-91749518d9.html,200,True,58e89639d397badb28fb25752881f907617bfe10f3e038da05b7bd30b8667981,102513,2026-08-16T19:02:45.660772+00:00,
https://monzo.com/help/monzo-with-friends,data\raw\pages\help-monzo-with-friends-f5fb34d274.html,200,True,0d936ba7892a2ccc13abac7c02dc492c2f513fd16ca53f2e05027e3fa9bde250,100932,2026-08-16T19:02:46.085666+00:00,
https://monzo.com/help/monzo-with-friends/block-someone-on-monzo,data\raw\pages\help-monzo-with-friends-block-someone-on-monzo-8d7125eaad.html,200,True,8d12f9beaa780055a1356153364152b23691481c20ec3a46cad50e0fea423f55,104700,2026-08-16T19:02:46.513766+00:00,
https://monzo.com/help/monzo-with-friends/existinginvite-waiting-for-bonus,data\raw\pages\help-monzo-with-friends-existinginvite-waiting-for-bonus-6f00870dc5.html,200,True,4965058f117630f68edef236c0eec3e3291edb0b8521ac5e4ae78024001fc0df,95052,2026-08-16T19:02:46.939155+00:00,
https://monzo.com/help/monzo-with-friends/how-to-pay-someone,data\raw\pages\help-monzo-with-friends-how-to-pay-someone-b352f143d0.html,200,True,78de47786cd325460c4d0f93038a08d4e07b1d9ccefb96443f4d976ce4f4bd99,102369,2026-08-16T19:02:47.371881+00:00,
https://monzo.com/help/monzo-with-friends/InboundpaymentsviaQR,data\raw\pages\help-monzo-with-friends-inboundpaymentsviaqr-6cdf245902.html,200,True,4d0b9433a6c3a16c585bf88178f23c543b12859e542de4ba0e882fc2e63087c7,103250,2026-08-16T19:02:47.795709+00:00,
https://monzo.com/help/monzo-with-friends/invite-to-monzo-web,data\raw\pages\help-monzo-with-friends-invite-to-monzo-web-1c362f5e5d.html,200,True,3f43eebc5b28c6dca301f67485d537dda45b2ee072880dda7d993686f0abd3c8,96073,2026-08-16T19:02:48.235621+00:00,
https://monzo.com/help/monzo-with-friends/monzo-me-how-to,data\raw\pages\help-monzo-with-friends-monzo-me-how-to-aca33d95d9.html,200,True,5035b955fba42edd6f14e58af614bc7069c6e9a4700d728a5e193df2b8bdb647,103796,2026-08-16T19:02:48.661906+00:00,
https://monzo.com/help/monzo-with-friends/nearby-friends-help,data\raw\pages\help-monzo-with-friends-nearby-friends-help-b6a1658d50.html,200,True,4ab1231db77839c26a7d990963d78a04c86e3df8e547b53ac664d2bdbfb9ddc2,103300,2026-08-16T19:02:49.099909+00:00,
https://monzo.com/help/monzo-with-friends/newsignup-waiting-for-bonus-web,data\raw\pages\help-monzo-with-friends-newsignup-waiting-for-bonus-web-517bda0bb9.html,200,True,b0085edfd0dec94ace66d4f893b458e356ffb00ed8c041949902d31307822f64,97054,2026-08-16T19:02:49.525547+00:00,
https://monzo.com/help/monzo-with-friends/sending-money-monzo-to-monzo,data\raw\pages\help-monzo-with-friends-sending-money-monzo-to-monzo-4c76834657.html,200,True,0148a1cfc148c129cc2e1a62c546f23a44e62546bbf23b698a76a86ee1037e99,105535,2026-08-16T19:02:49.958578+00:00,
https://monzo.com/help/monzo-with-friends/SplitandPaytheMonzowaywithSharedTabs,data\raw\pages\help-monzo-with-friends-splitandpaythemonzowaywithsharedtabs-359bdbbf6a.html,200,True,098af1a701d50f301f8a28d1bf585b0ee32fff580127f348f90b91b52d449987,110092,2026-08-16T19:02:50.385769+00:00,
https://monzo.com/help/monzo-with-friends/split-bill,data\raw\pages\help-monzo-with-friends-split-bill-d817c850b2.html,200,True,d5681573ce18aff5aad4c9f4adcfb3594e1ffeb0d149438db8dbae8b2cbfbf50,103642,2026-08-16T19:02:50.812458+00:00,
https://monzo.com/help/monzo-with-friends/split-costs-with-pals-web,data\raw\pages\help-monzo-with-friends-split-costs-with-pals-web-07787e16a3.html,200,True,477b4f5e34554312a5d386ceaa484d60df177fffe7aa35a7c628c19e52f48371,108089,2026-08-16T19:02:51.272454+00:00,
https://monzo.com/help/monzo-with-friends/what-nearby-friends,data\raw\pages\help-monzo-with-friends-what-nearby-friends-813c1ac81e.html,200,True,6cbf337ff6c377d13a09b30e78277c6b5574f87d9395442f3d47c3c5d807c615,102374,2026-08-16T19:02:51.701555+00:00,
https://monzo.com/help/new-users-transactions,data\raw\pages\help-new-users-transactions-bf057fc16c.html,200,True,6cc618ab5bec6eed97423bf015c29728756236046d95e4019b5b6cbcda73f77c,91813,2026-08-16T19:02:52.138700+00:00,
https://monzo.com/help/new-users-transactions/adding-card-to-google-pay,data\raw\pages\help-new-users-transactions-adding-card-to-google-pay-8d22aebfef.html,200,True,348014e21698d788425f415076fc03daba6430430cf3ca1b43d2e2ca35e5463b,95801,2026-08-16T19:02:52.579700+00:00,
https://monzo.com/help/opening-an-account,data\raw\pages\help-opening-an-account-79d8cd4d8b.html,200,True,afc0e1b69b6587f5bed264ac551a0e72dd4cb86e739cde0f015f508bf9c4a42a,104944,2026-08-16T19:02:53.015286+00:00,
https://monzo.com/help/opening-an-account/business-account-getting-in-after-submitting-application,data\raw\pages\help-opening-an-account-business-account-getting-in-after-submitting-application-14d9dc4d41.html,200,True,b8ae7fd4cef83ffd0ddc34074ca4c25f603acf53e107110697708e02663d924f,105946,2026-08-16T19:02:53.441084+00:00,
https://monzo.com/help/opening-an-account/business-account-signup-no-personal-account,data\raw\pages\help-opening-an-account-business-account-signup-no-personal-account-219a7ab233.html,200,True,2f3b8adb05b7885361e12ad6f0cce23add2b9716a7b08dac08414ceddd159a62,111773,2026-08-16T19:02:53.867614+00:00,
https://monzo.com/help/opening-an-account/business-account-signup-start-on-web,data\raw\pages\help-opening-an-account-business-account-signup-start-on-web-8bf45458a0.html,200,True,8ff9a63e321b87797b7b9b227bbfe2990262e104198836905fb3aa9fe23daf1c,108368,2026-08-16T19:02:54.296698+00:00,
https://monzo.com/help/opening-an-account/business-banking-cass,data\raw\pages\help-opening-an-account-business-banking-cass-663ab2127b.html,200,True,464b4f2494a857bf9b931a23d32583c11db2521b8d74f32433e0b986242397d9,105231,2026-08-16T19:02:54.723564+00:00,
https://monzo.com/help/opening-an-account/business-card-delivery-address,data\raw\pages\help-opening-an-account-business-card-delivery-address-9360ce8dd3.html,200,True,f03cd8f5870c6aed3b3f834d355c96a27d0448dd6c483bec4e0fbe959b577b68,106108,2026-08-16T19:02:55.161348+00:00,
https://monzo.com/help/opening-an-account/business-verifying-persons-of-significant-control-at-sign-up,data\raw\pages\help-opening-an-account-business-verifying-persons-of-significant-control-at-sig-d0541653a1.html,200,True,25a64168ddd714a17308c0e1cbea783085e4f6f713344cd570bb88b1f3188b32,108185,2026-08-16T19:02:55.593440+00:00,
https://monzo.com/help/opening-an-account/eligible-businesses,data\raw\pages\help-opening-an-account-eligible-businesses-7784582d41.html,200,True,9a25ac415862d8ca00ca33252029ac8630306063460588f5e10ef10bcbc2875c,107358,2026-08-16T19:02:56.034131+00:00,
https://monzo.com/help/opening-an-account/how-to-open-a-Monzo-Joint-Account,data\raw\pages\help-opening-an-account-how-to-open-a-monzo-joint-account-1a2c5a3905.html,200,True,c833e42fed5823c58f3a406d6337572d66a87f73b32a9cc14777ab1f615b16be,98334,2026-08-16T19:02:56.468594+00:00,
https://monzo.com/help/opening-an-account/how-to-open-a-Monzo-Personal-Account,data\raw\pages\help-opening-an-account-how-to-open-a-monzo-personal-account-02de798b9a.html,200,True,01dee9aa2e4b731783e75954f3fe6bced1b6fb471c41873eb5abd4da43f38c03,105744,2026-08-16T19:02:56.895484+00:00,
https://monzo.com/help/opening-an-account/monzo-business-signup-existing-personal-account,data\raw\pages\help-opening-an-account-monzo-business-signup-existing-personal-account-069d2619a9.html,200,True,80f916e08cd70991fa0953b5609e4f112da999ec33a97a42edd98f60b4582802,112033,2026-08-16T19:02:57.323888+00:00,
https://monzo.com/help/opening-an-account/monzo-business-team-members,data\raw\pages\help-opening-an-account-monzo-business-team-members-b1c2e7b6f5.html,200,True,5c9c8c09521e910d68cba85240d486bcafc0b556618898b7df563174019cec78,108076,2026-08-16T19:02:57.752802+00:00,
https://monzo.com/help/opening-an-account/multiple-business-accounts,data\raw\pages\help-opening-an-account-multiple-business-accounts-60a6434c67.html,200,True,0dd7f44d39959de6b3b0cd99f0cb8a9c8ff0752dc50f4ccce4f07ae6bbfebf50,106257,2026-08-16T19:02:58.183638+00:00,
https://monzo.com/help/opening-an-account/using-current-account-for-business,data\raw\pages\help-opening-an-account-using-current-account-for-business-0e7461eb08.html,200,True,5c61b9399772c8bfa0aea929276d5a79b3d07379eb23ec991d31cc26f13d04df,107520,2026-08-16T19:02:58.618524+00:00,
https://monzo.com/help/opening-an-account/why-we-ask-for-a-video-when-you-open-a-monzo-account,data\raw\pages\help-opening-an-account-why-we-ask-for-a-video-when-you-open-a-monzo-account-de78ab0b50.html,200,True,fe498f60a4e6acba4924242e26fad8e31264a2a2c9f0ddfa9d009ddff4071e98,101802,2026-08-16T19:02:59.044526+00:00,
https://monzo.com/help/overdrafts-loans,data\raw\pages\help-overdrafts-loans-2c94b972ad.html,200,True,9369fc5daef3b59e8c5a2a836274b1dac5103ad36a2ebda59cdd66f57d5ba1d1,128010,2026-08-16T19:02:59.479271+00:00,
https://monzo.com/help/overdrafts-loans/borrowing-more,data\raw\pages\help-overdrafts-loans-borrowing-more-5dde093e4b.html,200,True,975c02d863d968f4273ca2e0cd862e38ceef8d89e172f1f71c223348e54a6597,109567,2026-08-16T19:02:59.917707+00:00,
https://monzo.com/help/overdrafts-loans/cant-see-Monzo-on-credit-agencies,data\raw\pages\help-overdrafts-loans-cant-see-monzo-on-credit-agencies-ff3244e31f.html,200,True,dfde62462d6e4c46b148aa8f5d4dd2d47312ab412110d09821037d46dc174550,99093,2026-08-16T19:03:00.345492+00:00,
https://monzo.com/help/overdrafts-loans/change-overdraft-notifications,data\raw\pages\help-overdrafts-loans-change-overdraft-notifications-4a65accb1c.html,200,True,430fadb04856209b65e730697d16964233fb1d90ac040b992a08c5a8756e5e25,111894,2026-08-16T19:03:00.774737+00:00,
https://monzo.com/help/overdrafts-loans/change-repayment-date-limited-company-loan,data\raw\pages\help-overdrafts-loans-change-repayment-date-limited-company-loan-9934e4fc45.html,200,True,aee2dba8e22496a5ce6e91a3d1659252ab7c58392c0a3d71a640a1d8f036cba4,109444,2026-08-16T19:03:01.201178+00:00,
https://monzo.com/help/overdrafts-loans/change-repaymentdate-loan-web,data\raw\pages\help-overdrafts-loans-change-repaymentdate-loan-web-cef52258a8.html,200,True,5ed15706f019a143c99da5edf88246c46af45e5a9ac459bf2c0112fdaee81ccd,108734,2026-08-16T19:03:01.632665+00:00,
https://monzo.com/help/overdrafts-loans/changing-overdraft-limit,data\raw\pages\help-overdrafts-loans-changing-overdraft-limit-8a03e2f0d3.html,200,True,b556ddd60476167aa3458d2082d4186d63bd84612e16d204753da4aef30d9791,112193,2026-08-16T19:03:02.066395+00:00,
https://monzo.com/help/overdrafts-loans/consolidation-loans,data\raw\pages\help-overdrafts-loans-consolidation-loans-fd12ca9e72.html,200,True,3c89ac803661b9426db55315467ba90229043d02d84bc107c28e581bb3214768,108426,2026-08-16T19:03:02.494295+00:00,
https://monzo.com/help/overdrafts-loans/credit-score-joint-account,data\raw\pages\help-overdrafts-loans-credit-score-joint-account-8d14e719f9.html,200,True,dfdbb51870bff63992a4e64e71e7eccac78ada1340f678d60e705b65796a84d9,100232,2026-08-16T19:03:02.921953+00:00,
https://monzo.com/help/overdrafts-loans/does-opening-account-affect-credit-score,data\raw\pages\help-overdrafts-loans-does-opening-account-affect-credit-score-27eccbaefa.html,200,True,d70bd9e4c4d2064b46650746268611a41992b37f67452a4a7f66a87a9bbdf6e4,99479,2026-08-16T19:03:03.357316+00:00,
https://monzo.com/help/overdrafts-loans/early-payment-personal-loan,data\raw\pages\help-overdrafts-loans-early-payment-personal-loan-f012fe7c70.html,200,True,da518a58478d543f58f10d4ff5ad26ca29258e0a523122944b7923c03bb161dc,108402,2026-08-16T19:03:03.783412+00:00,
https://monzo.com/help/overdrafts-loans/early-repayment-limited-company-loan,data\raw\pages\help-overdrafts-loans-early-repayment-limited-company-loan-17c3c350b3.html,200,True,841ec638b65691a316aeeaaf08ce5997369b89ca757def23cbf05a84dec17d82,108966,2026-08-16T19:03:04.211359+00:00,
https://monzo.com/help/overdrafts-loans/eligibility-limited-company-loans,data\raw\pages\help-overdrafts-loans-eligibility-limited-company-loans-9d382aa6bd.html,200,True,0ecd6aedc157dd4abf719d1ed2f77b93aaf989bb9d3fb09ceec8ffcdb217a126,109092,2026-08-16T19:03:04.637176+00:00,
https://monzo.com/help/overdrafts-loans/eligibility-limited-company-overdrafts,data\raw\pages\help-overdrafts-loans-eligibility-limited-company-overdrafts-b627afab8f.html,200,True,a5927c9f6f38a8385bd3a03da89934c5d96ffa46595b4eef76f635229b6a7bc7,116179,2026-08-16T19:03:05.063824+00:00,
https://monzo.com/help/overdrafts-loans/eligiblity-personal-loans,data\raw\pages\help-overdrafts-loans-eligiblity-personal-loans-bfda3375b1.html,200,True,601a115c3a42b9072ccd05b187ff4d8744c141efdfceee5054a7677d050b1f66,108049,2026-08-16T19:03:05.488314+00:00,
https://monzo.com/help/overdrafts-loans/emergency-overdrafts,data\raw\pages\help-overdrafts-loans-emergency-overdrafts-613d71d5ef.html,200,True,2899bf20ccc5b78ecdcc5cae5d8d3a172a565423930c4f99b7cb56429e69d786,111469,2026-08-16T19:03:05.921758+00:00,
https://monzo.com/help/overdrafts-loans/Help-to-use-your-overdraft-less,data\raw\pages\help-overdrafts-loans-help-to-use-your-overdraft-less-39a88de3ef.html,200,True,a4db67cba055955eb3546f7f96d8174b005eb33fd3de1951b2b77a66d73d9b2d,113685,2026-08-16T19:03:06.358991+00:00,
https://monzo.com/help/overdrafts-loans/how-do-overdrafts-work,data\raw\pages\help-overdrafts-loans-how-do-overdrafts-work-ddf4119ec0.html,200,True,6bb88d2b2c1bb257c183c27206c05613e212c9031fdbfc26be42884d9f9815c1,114140,2026-08-16T19:03:06.785968+00:00,
https://monzo.com/help/overdrafts-loans/how-to-improve-credit-score,data\raw\pages\help-overdrafts-loans-how-to-improve-credit-score-7966e76c98.html,200,True,4c72ffb532bf1da5a8331b2759f5408100ca8fb0d52a02f61e002933a70cdc06,102386,2026-08-16T19:03:07.216766+00:00,
https://monzo.com/help/overdrafts-loans/how-to-open-overdraft,data\raw\pages\help-overdrafts-loans-how-to-open-overdraft-ce232e8484.html,200,True,c86cbc9f725ef0081e32e40ac5cbaaebb6826d284e7cdd3ca7d5f03b8a73a3b2,112130,2026-08-16T19:03:07.647688+00:00,
https://monzo.com/help/overdrafts-loans/limitedcompany-overdraft-renewal,data\raw\pages\help-overdrafts-loans-limitedcompany-overdraft-renewal-9f108cb08f.html,200,True,8617d967d6a9cd14017b0aab9a4d46d6f6f35b585f647762e29c140914120bfe,111439,2026-08-16T19:03:08.073509+00:00,
https://monzo.com/help/overdrafts-loans/limited-company-overdrafts-fees,data\raw\pages\help-overdrafts-loans-limited-company-overdrafts-fees-b60db557e1.html,200,True,631b2b0aead64b6cdd1c53ec3a20c32e9a162e89069ac2ad7f31dd66ca93a2fa,111217,2026-08-16T19:03:08.500012+00:00,
https://monzo.com/help/overdrafts-loans/limitedcompany-reduce-overdraft,data\raw\pages\help-overdrafts-loans-limitedcompany-reduce-overdraft-fdcdf68966.html,200,True,16a3c9912e225525ab394f2e4bcebfdb40157623f949ce82a25941c103c8edd4,110890,2026-08-16T19:03:08.926761+00:00,
https://monzo.com/help/overdrafts-loans/loans-monzo-business-web,data\raw\pages\help-overdrafts-loans-loans-monzo-business-web-5e3ce76bc9.html,200,True,dc1b4126e76fbd0d718d73ea16e3505c90d9cce41440f8f70a4813cae143e764,110429,2026-08-16T19:03:09.352491+00:00,
https://monzo.com/help/overdrafts-loans/lost-job,data\raw\pages\help-overdrafts-loans-lost-job-7a74ba546c.html,200,True,284f5c1d1cf1f37b34da523857b0a59f667e80b64637738c8472da7973908b18,110763,2026-08-16T19:03:09.780231+00:00,
https://monzo.com/help/overdrafts-loans/manage-overdraft-web,data\raw\pages\help-overdrafts-loans-manage-overdraft-web-b5040f6c4c.html,200,True,4575e98463926b10357540f1234ec9357cb3f2e052f587e92e5b617edab152e9,116621,2026-08-16T19:03:10.210535+00:00,
https://monzo.com/help/overdrafts-loans/Managing-your-money,data\raw\pages\help-overdrafts-loans-managing-your-money-91efb9a92e.html,200,True,0846edd2974a5a7d932cebd8f37416ddec58ed45e4e731d000bed20fa65de6f3,112681,2026-08-16T19:03:10.637831+00:00,
https://monzo.com/help/overdrafts-loans/missing-payment-limited-company-loan,data\raw\pages\help-overdrafts-loans-missing-payment-limited-company-loan-fd8476dd83.html,200,True,a5702a658439a1c7e504c71c9ae2c73ef6394248f905ae3366a66c8979f444c3,108937,2026-08-16T19:03:11.065017+00:00,
https://monzo.com/help/overdrafts-loans/missing-payment-personal-loan,data\raw\pages\help-overdrafts-loans-missing-payment-personal-loan-6c424e8474.html,200,True,2bb4fe1cdf5299a76e36dd9a23d66b875efd83af84f12ac101ef5192bb5fc554,108416,2026-08-16T19:03:11.492853+00:00,
https://monzo.com/help/overdrafts-loans/notice-of-sums-in-arrears,data\raw\pages\help-overdrafts-loans-notice-of-sums-in-arrears-70aa885a3a.html,200,True,e77a4cb117f59a0d7010794301939b1fd034f573de6a6a3f56b3ca6a7d66aaf1,110078,2026-08-16T19:03:11.939815+00:00,
https://monzo.com/help/overdrafts-loans/notices-of-correction,data\raw\pages\help-overdrafts-loans-notices-of-correction-97a7c8dc7f.html,200,True,1a758ac7609087db2a86ed325912f9c869394fab4f7bc6a2d889a64be655077e,111533,2026-08-16T19:03:12.376842+00:00,
https://monzo.com/help/overdrafts-loans/nova-credit,data\raw\pages\help-overdrafts-loans-nova-credit-8229657441.html,200,True,8f468a25bf72b5bcc166cf1c83c31cbc35323dd7c956929204c3a4420c91284d,108656,2026-08-16T19:03:12.819647+00:00,
https://monzo.com/help/overdrafts-loans/open-banking-loan-repayment,data\raw\pages\help-overdrafts-loans-open-banking-loan-repayment-4299b0cdb5.html,200,True,b91221c817e3e8cc40cafbde4b3341a0eb564ea274a0163982718129ad592ba4,115236,2026-08-16T19:03:13.245624+00:00,
https://monzo.com/help/overdrafts-loans/overdraft-monzo-business-web,data\raw\pages\help-overdrafts-loans-overdraft-monzo-business-web-d2a5478226.html,200,True,9de36c1bd5a68f9ddb260b9ced298f89798cc2892fdd0c8dc9c5b1f213078c89,115536,2026-08-16T19:03:13.675084+00:00,
https://monzo.com/help/overdrafts-loans/overdrafts-credit-score,data\raw\pages\help-overdrafts-loans-overdrafts-credit-score-e3babd8f66.html,200,True,545fb1884108dced18f2b23d9efe78269788add128e0aaff4d91bbc20840831e,113164,2026-08-16T19:03:14.100968+00:00,
https://monzo.com/help/overdrafts-loans/overdrafts-fees,data\raw\pages\help-overdrafts-loans-overdrafts-fees-0bc10b07b2.html,200,True,d5bf81058bbadbfa2f9f6f89eb3f1b8be7ca866c84efd1a0998c5d818612923d,110681,2026-08-16T19:03:14.528287+00:00,
https://monzo.com/help/overdrafts-loans/subs-credit-tracker-problem,data\raw\pages\help-overdrafts-loans-subs-credit-tracker-problem-b2409c0157.html,200,True,07babcbebfa05878439c4601c63d3ac7ec1f45b11bf14e829491c5668d1299aa,96210,2026-08-16T19:03:14.957399+00:00,
https://monzo.com/help/overdrafts-loans/switching-off-ltdoverdraft,data\raw\pages\help-overdrafts-loans-switching-off-ltdoverdraft-0957b934b8.html,200,True,89f07666b54efc752cdc27d596ba36d9d260a428dc92fba4ab9aea20e5dd6b29,112158,2026-08-16T19:03:15.381035+00:00,
https://monzo.com/help/overdrafts-loans/switching-off-overdraft,data\raw\pages\help-overdrafts-loans-switching-off-overdraft-1203db37da.html,200,True,ca59679b6098622a041ad1f6f7afc414d3f29686219c67ce1d9b5b828cca4039,112164,2026-08-16T19:03:15.819893+00:00,
https://monzo.com/help/overdrafts-loans/turn-off-lending-offers,data\raw\pages\help-overdrafts-loans-turn-off-lending-offers-1f32e6452b.html,200,True,31597d9dcf0cae30720d72bd502401ed497d13ffa83af9a439b92d268be26a5b,108875,2026-08-16T19:03:16.257826+00:00,
https://monzo.com/help/overdrafts-loans/unauthorised-overdrafts,data\raw\pages\help-overdrafts-loans-unauthorised-overdrafts-d7c02f3b9a.html,200,True,1cfac0546962343a373fc1f33f9753b9c1486ed5f2462129a60d6c29430d419c,112688,2026-08-16T19:03:16.698786+00:00,
https://monzo.com/help/overdrafts-loans/what-credit-insights,data\raw\pages\help-overdrafts-loans-what-credit-insights-bcaef120f7.html,200,True,24fe1c28a009aafa905ddcf7bba0838f8fa1cab9bcd112e7eae18531e5ff10bf,99866,2026-08-16T19:03:17.124927+00:00,
https://monzo.com/help/overdrafts-loans/what-is-an-overdraft,data\raw\pages\help-overdrafts-loans-what-is-an-overdraft-59ee6bf748.html,200,True,b5401785feca3601eeffb247da86b11d624f9c8faf5d9360d7ae792c307c4299,110839,2026-08-16T19:03:17.583080+00:00,
https://monzo.com/help/overdrafts-loans/why-is-monzo-on-my-credit-file,data\raw\pages\help-overdrafts-loans-why-is-monzo-on-my-credit-file-141c91ea29.html,200,True,b9b64983c64f2cff4f630b12f504746549d2ee36dc2386a5374175f430fbdfbd,98720,2026-08-16T19:03:18.013666+00:00,
https://monzo.com/help/payments-getting-started,data\raw\pages\help-payments-getting-started-a1ece1fad7.html,200,True,ddc0bdd87bf5fa732e3bd3b9e987038e9981450dd9555cc2791834b759a39114,156132,2026-08-16T19:03:18.441283+00:00,
https://monzo.com/help/payments-getting-started/1-percent-euro-fee-breakdown,data\raw\pages\help-payments-getting-started-1-percent-euro-fee-breakdown-2bc88963f2.html,200,True,5b37665cd5675ee857960c1206a1a2b2f4c065552d4c79ffd57306a441574d15,101439,2026-08-16T19:03:18.884384+00:00,
https://monzo.com/help/payments-getting-started/add-card-to-apple-google-pay,,404,False,,9928,2026-08-16T19:03:19.465245+00:00,HTTP 404
https://monzo.com/help/payments-getting-started/adding-card-to-google-pay,data\raw\pages\help-payments-getting-started-adding-card-to-google-pay-59a3fbea1b.html,200,True,11e69839c0de23af6fd28302566c26c8186a04545f3b0193e43b8f298f2ef613,107511,2026-08-16T19:03:19.891001+00:00,
https://monzo.com/help/payments-getting-started/add-money-from-outside-uk,data\raw\pages\help-payments-getting-started-add-money-from-outside-uk-f769aaeed5.html,200,True,cc46851cd8403377d2aef16e5ff0fd9b3bf45308c82bdd0513a82f4face5b19f,102806,2026-08-16T19:03:20.317170+00:00,
https://monzo.com/help/payments-getting-started/apple-pay-devices,data\raw\pages\help-payments-getting-started-apple-pay-devices-d91200734d.html,200,True,0d5cd84287f8ab0574489da7a20cd54124cc4e48c7bf4978594655911cbeac35,105179,2026-08-16T19:03:20.757777+00:00,
https://monzo.com/help/payments-getting-started/apple-pay-payment-limit,data\raw\pages\help-payments-getting-started-apple-pay-payment-limit-bd3155864a.html,200,True,5a9d837b43b0a07c0f88ee8ad4ce8248052c20a20670b81f2699e25232923894,105402,2026-08-16T19:03:21.183848+00:00,
https://monzo.com/help/payments-getting-started/bank-holiday-delays-web,data\raw\pages\help-payments-getting-started-bank-holiday-delays-web-6c6ec85449.html,200,True,49836c7f809ef726895af55374b19edc7866daa6741213f016b11bbcccda08b0,101471,2026-08-16T19:03:21.610278+00:00,
https://monzo.com/help/payments-getting-started/bb-web-create-st-order,data\raw\pages\help-payments-getting-started-bb-web-create-st-order-3f827d9b5f.html,200,True,cde07eb22dd67ddfecad51c515fd216d437fb16f9fad300dd3020c2dd27c9c45,98900,2026-08-16T19:03:22.102346+00:00,
https://monzo.com/help/payments-getting-started/bb-web-edit-cancel-st-order,data\raw\pages\help-payments-getting-started-bb-web-edit-cancel-st-order-0c97d8db29.html,200,True,5b76cc2ccd79dabe59989c673cdcce1cda0858c009ee51b6f0b7e4d6c603d7ae,97731,2026-08-16T19:03:22.574293+00:00,
https://monzo.com/help/payments-getting-started/bb-web-make-payment,data\raw\pages\help-payments-getting-started-bb-web-make-payment-6b7bda1b07.html,200,True,aca578ae1a2b336168ab062981080d87470c5e636fa291fd24bf9c5b13b41df0,96650,2026-08-16T19:03:23.094299+00:00,
https://monzo.com/help/payments-getting-started/binance-block-why,data\raw\pages\help-payments-getting-started-binance-block-why-b5ed062a1c.html,200,True,7f57af7005e9e23a718a0c9cd687799e853812560522e5876ac39821fad8c158,101934,2026-08-16T19:03:23.525742+00:00,
https://monzo.com/help/payments-getting-started/block-someone-on-monzo,data\raw\pages\help-payments-getting-started-block-someone-on-monzo-2e1b426e6b.html,200,True,ae15dfc954c1a87db8b3ef6711893632ca2682ffa260eb7e4c9f799e235ae145,104980,2026-08-16T19:03:23.953499+00:00,
https://monzo.com/help/payments-getting-started/cancel-direct-debit,data\raw\pages\help-payments-getting-started-cancel-direct-debit-50b1481aca.html,200,True,a53bd2629fd8c2c74a397fa6ad316dedc22a4b9b6c069d617406e795b61a5746,98652,2026-08-16T19:03:24.435996+00:00,
https://monzo.com/help/payments-getting-started/card-not-accepted-paypoint,data\raw\pages\help-payments-getting-started-card-not-accepted-paypoint-d7818891a2.html,200,True,e73b85b69b93e4cacbc09aa004b7601ad37fb9a3dd6535e12a3e24a8b01edda6,99647,2026-08-16T19:03:24.922340+00:00,
https://monzo.com/help/payments-getting-started/cash-deposit-how-to,data\raw\pages\help-payments-getting-started-cash-deposit-how-to-c9af504394.html,200,True,0f69c89ed5ab897b122ba7f63b8507800cccf7272fb34a2ac4ed026aa0a19e96,100232,2026-08-16T19:03:25.369721+00:00,
https://monzo.com/help/payments-getting-started/cash-deposit-limit,data\raw\pages\help-payments-getting-started-cash-deposit-limit-cff9bba26e.html,200,True,f3660254f768c4ce636a04e910fc195d4ebbc0ceb0acb268049ae05cd8881c1f,98667,2026-08-16T19:03:25.831727+00:00,
https://monzo.com/help/payments-getting-started/cash-deposit-limit-why,data\raw\pages\help-payments-getting-started-cash-deposit-limit-why-c63278a068.html,200,True,6fd0354df0dbd685838c8d4a4ade120656d21f9ebbe671fa2e79a7bc49d6c818,98493,2026-08-16T19:03:26.260192+00:00,
https://monzo.com/help/payments-getting-started/cheque-foreign-currency,data\raw\pages\help-payments-getting-started-cheque-foreign-currency-e285b79bfe.html,200,True,07e06b9494b8ee232fd159fca2abdd660eed8a3d4a3a0a1ae3a5af8756e954d0,98833,2026-08-16T19:03:26.704134+00:00,
https://monzo.com/help/payments-getting-started/cheque-how-to-pay,data\raw\pages\help-payments-getting-started-cheque-how-to-pay-a97bbf6003.html,200,True,0fcc1c8469ae87e82fca5ea2b5e65e1d59e653244449d40f50e42f76ac624d6e,102611,2026-08-16T19:03:27.136869+00:00,
https://monzo.com/help/payments-getting-started/cheque-how-to-pay-web-by-app,data\raw\pages\help-payments-getting-started-cheque-how-to-pay-web-by-app-f61eda880c.html,200,True,75e1d90d08f17363023e068502201b1af6cf3cb9e6512a23011c1fb5793a4ca0,100371,2026-08-16T19:03:27.566462+00:00,
https://monzo.com/help/payments-getting-started/coinbase-supported,data\raw\pages\help-payments-getting-started-coinbase-supported-50b31911bd.html,200,True,a1e30df056d10e5e13cb5c65f164068ff0b679cdd07fe07eac4ddc5cfd784c12,101654,2026-08-16T19:03:27.996133+00:00,
https://monzo.com/help/payments-getting-started/cop-account-doesnt-match,data\raw\pages\help-payments-getting-started-cop-account-doesnt-match-5745cee75e.html,200,True,2e9c7dcbbf1b520f9aee36b3b53860e234b5d0ea4889151df735904bed927930,98299,2026-08-16T19:03:28.423854+00:00,
https://monzo.com/help/payments-getting-started/cop-cant-check-account,data\raw\pages\help-payments-getting-started-cop-cant-check-account-6dfe70ac62.html,200,True,d97b27fc769a7e70a36d336ba15fdae4f941f2f5235157b3f8a89c390ffd8a19,98677,2026-08-16T19:03:28.861996+00:00,
https://monzo.com/help/payments-getting-started/cop-details-dont-match,data\raw\pages\help-payments-getting-started-cop-details-dont-match-ce97e83e21.html,200,True,280eda428047671b3741ea124c215078ec6b2006cadaad208d39950383e3e2e0,98894,2026-08-16T19:03:29.292370+00:00,
https://monzo.com/help/payments-getting-started/cop-no-check,data\raw\pages\help-payments-getting-started-cop-no-check-611fd0cb8a.html,200,True,134c8b309b8410d487f1e92eb3728915422c028054d66f3b332dd5d9e0ee6d2f,98748,2026-08-16T19:03:29.718603+00:00,
https://monzo.com/help/payments-getting-started/cryptocurrency-allowance,data\raw\pages\help-payments-getting-started-cryptocurrency-allowance-f76efbeef3.html,200,True,80c773bf727273d6bda553dc9a7f73041d9cca381ff63ab53aae9ad43d504e82,112654,2026-08-16T19:03:30.161117+00:00,
https://monzo.com/help/payments-getting-started/direct-debit-guarantee-what,data\raw\pages\help-payments-getting-started-direct-debit-guarantee-what-9d7f2e9bb4.html,200,True,9192a49844b1acc3885486025b62254614fa1723fe6c2dcc3a9ecdc97fab8ed3,97888,2026-08-16T19:03:30.596026+00:00,
https://monzo.com/help/payments-getting-started/direct-debit-set-up,data\raw\pages\help-payments-getting-started-direct-debit-set-up-fbd625c188.html,200,True,21243dcefe53264d7c2eac4de235c5115eebd48f7eebe5f2362e9a15a566be73,98423,2026-08-16T19:03:31.026045+00:00,
https://monzo.com/help/payments-getting-started/duplicate-notifications-apple-pay,data\raw\pages\help-payments-getting-started-duplicate-notifications-apple-pay-74eae65dd2.html,200,True,488bd002f7f1efda97c9b6d8cf64d5401d74cb18e8a5342517c5aaf0ec372747,106477,2026-08-16T19:03:31.457486+00:00,
https://monzo.com/help/payments-getting-started/easy-bank-transfers,data\raw\pages\help-payments-getting-started-easy-bank-transfers-703725cdc0.html,200,True,31be79942225e0ac51b522d86aad80e63776af1be3fe5bf75ae2dca79f8ee572,97616,2026-08-16T19:03:31.887895+00:00,
https://monzo.com/help/payments-getting-started/easy-bank-transfers-not-supported,data\raw\pages\help-payments-getting-started-easy-bank-transfers-not-supported-ae766c5789.html,200,True,88812e35b4c513e3a9d9330977f35048bd0bc69967ab73d7ac9789a0abe10292,96818,2026-08-16T19:03:32.321860+00:00,
https://monzo.com/help/payments-getting-started/google-pay-activation-issues,data\raw\pages\help-payments-getting-started-google-pay-activation-issues-47464c49f7.html,200,True,b4d66bf415a5b56fea9743819f80f88fa298dc692a2dbaad41d30091ed6124af,106774,2026-08-16T19:03:32.754548+00:00,
https://monzo.com/help/payments-getting-started/GooglePayFAQs,data\raw\pages\help-payments-getting-started-googlepayfaqs-b117660f9c.html,200,True,3c49c4b418f8928f55266d9cdfc8f6b8dab04e9d29209dba288aa484d1b5c4e6,107803,2026-08-16T19:03:33.185958+00:00,
https://monzo.com/help/payments-getting-started/google-pay-payment-limit,data\raw\pages\help-payments-getting-started-google-pay-payment-limit-560b7e76c5.html,200,True,a841bf5836ac466db45ba75420d17fdd2451cdf41fa6860c9c483bb005bdf8c0,105241,2026-08-16T19:03:33.613844+00:00,
https://monzo.com/help/payments-getting-started/how-direct-debits-work,data\raw\pages\help-payments-getting-started-how-direct-debits-work-44516c973f.html,200,True,78ce824094c7171949c31fa91354a0114eaaa2c6e75e7afd2dc47a4b5e84cf63,98468,2026-08-16T19:03:34.043512+00:00,
https://monzo.com/help/payments-getting-started/how-long-cheque-web,data\raw\pages\help-payments-getting-started-how-long-cheque-web-c5905a077f.html,200,True,94b171f53f9a36334b271fb772ac8e5b472ec5d9b855d3aaf52370df9ae0ef9f,99441,2026-08-16T19:03:34.473732+00:00,
https://monzo.com/help/payments-getting-started/how-to-pay-someone,data\raw\pages\help-payments-getting-started-how-to-pay-someone-a01f32d276.html,200,True,21ab2cd4533537cef239074e91aa4afae8966158755a11fc6585273ae9b5b3a9,102649,2026-08-16T19:03:34.907639+00:00,
https://monzo.com/help/payments-getting-started/I_cant_withdraw_my_funds_from_FTX,data\raw\pages\help-payments-getting-started-i-cant-withdraw-my-funds-from-ftx-26f283fd37.html,200,True,3466601e625456aa219963994e14cc2e881a753b9260df3c8a65723dd0b27719,107261,2026-08-16T19:03:35.339755+00:00,
https://monzo.com/help/payments-getting-started/InboundpaymentsviaQR,data\raw\pages\help-payments-getting-started-inboundpaymentsviaqr-3bf18dcda0.html,200,True,a6fcbb4334c5bc7720416c4a2b34289ca86777e5ee05f70e93bfbba7b17af0f6,103530,2026-08-16T19:03:35.767738+00:00,
https://monzo.com/help/payments-getting-started/international-transfers-local-currency,data\raw\pages\help-payments-getting-started-international-transfers-local-currency-bfba750946.html,200,True,f376c18a063e3b21cdf7309efb3f518036c68c9d2a199f45ae92d70d4ea00ac2,101748,2026-08-16T19:03:36.197942+00:00,
https://monzo.com/help/payments-getting-started/is-crypto-allowed,data\raw\pages\help-payments-getting-started-is-crypto-allowed-d081a1b414.html,200,True,d3f42aa2409af065d1d21c04e5dbd7b769998a83e69a75cf7026eb5d2984cc83,101372,2026-08-16T19:03:36.628024+00:00,
https://monzo.com/help/payments-getting-started/is-monzo-anti-crypto,data\raw\pages\help-payments-getting-started-is-monzo-anti-crypto-8e63a86c56.html,200,True,3662e652d6eff5196bdd319ef51527c0c12a5c488984b9455ac14102953f43c5,102677,2026-08-16T19:03:37.074708+00:00,
https://monzo.com/help/payments-getting-started/making-monzo-default-card-google-pay,data\raw\pages\help-payments-getting-started-making-monzo-default-card-google-pay-c5845411a7.html,200,True,1fe26582990480a83fc4e0caab7fe80ccc68a7e9a84c3e74fbdb505435547271,106665,2026-08-16T19:03:37.500968+00:00,
https://monzo.com/help/payments-getting-started/monzo-cheque-missing,data\raw\pages\help-payments-getting-started-monzo-cheque-missing-d19d9bbc0c.html,200,True,49911d7e532a21b6e93e69be84cfc4410fd409a8a98b597d9cf710d3c1e35a47,99559,2026-08-16T19:03:37.937366+00:00,
https://monzo.com/help/payments-getting-started/monzo-crypto-friendly,data\raw\pages\help-payments-getting-started-monzo-crypto-friendly-b0015f768b.html,200,True,16fff22ab743dc0c8c1f9774473f8c6cd14fed7116165a0fdc9ecc06fdeb6b2d,101754,2026-08-16T19:03:38.373554+00:00,
https://monzo.com/help/payments-getting-started/monzo-default-apple-pay-card,data\raw\pages\help-payments-getting-started-monzo-default-apple-pay-card-41040fd913.html,200,True,fe2bf751043495aac2ca951ff7b33818c232eaaef4714be55433faa914a0bd7a,105799,2026-08-16T19:03:38.800408+00:00,
https://monzo.com/help/payments-getting-started/monzo-iban,data\raw\pages\help-payments-getting-started-monzo-iban-ba303beccc.html,200,True,b55f323bad3bb6eb9ff63c6cb646bb575b42130362e7fba95d1335f45d10f961,103021,2026-08-16T19:03:39.224350+00:00,
https://monzo.com/help/payments-getting-started/monzo-me-how-to,data\raw\pages\help-payments-getting-started-monzo-me-how-to-11413576a9.html,200,True,13efe1c26caab22214c019349ff49b5b303cced767e2207b6983736be32ca156,104076,2026-08-16T19:03:39.661648+00:00,
https://monzo.com/help/payments-getting-started/moving-salary-to-monzo,data\raw\pages\help-payments-getting-started-moving-salary-to-monzo-09816af5b2.html,200,True,e927ad64cfa229a732ba7a4e6bcdf39f5481fb8c64707c07ffaa341281666ff5,97040,2026-08-16T19:03:40.097391+00:00,
https://monzo.com/help/payments-getting-started/nearby-friends-help,data\raw\pages\help-payments-getting-started-nearby-friends-help-2765385ce7.html,200,True,cafe2f73faef5e58ec7d4f4258270ed745ce19f7ed1564adb877dcb8933c9e72,103580,2026-08-16T19:03:40.524071+00:00,
https://monzo.com/help/payments-getting-started/paid-early-how-to,data\raw\pages\help-payments-getting-started-paid-early-how-to-9b3b739c7d.html,200,True,93e591c29a2bd7f67cb84366474d630ca46c53c513fc6a7b34f5335dcca6f0b8,97073,2026-08-16T19:03:40.962023+00:00,
https://monzo.com/help/payments-getting-started/payments-to-express-remit-not-available,data\raw\pages\help-payments-getting-started-payments-to-express-remit-not-available-683fa51ad5.html,200,True,33e6200e3d8e872c2e08795d2c23092232828c459fa01bfb67df3e8200b51f14,101820,2026-08-16T19:03:41.397461+00:00,
https://monzo.com/help/payments-getting-started/payments-to-trade-excel-not-available,data\raw\pages\help-payments-getting-started-payments-to-trade-excel-not-available-d439915ef4.html,200,True,a89bd4a8b74e096c6917b54cb98f3cf19b74bdf25be6b2dafe8e77c581b8ce62,102193,2026-08-16T19:03:41.835410+00:00,
https://monzo.com/help/payments-getting-started/paypoint-fee-why,data\raw\pages\help-payments-getting-started-paypoint-fee-why-304a57e295.html,200,True,22d273b8d206fbeabe56ac5d27db3fc924b97dab95e5bbf5bfcf4023460ddf12,98365,2026-08-16T19:03:42.261530+00:00,
https://monzo.com/help/payments-getting-started/pay-with-monzo-cheque,data\raw\pages\help-payments-getting-started-pay-with-monzo-cheque-fb54c1a03d.html,200,True,3c9abd8df1270ccee0130fd5e86682d3cb91fb2bd0c72775ee9b6787a225a76e,98764,2026-08-16T19:03:42.695093+00:00,
https://monzo.com/help/payments-getting-started/remove-monzo-card-from-apple-pay,data\raw\pages\help-payments-getting-started-remove-monzo-card-from-apple-pay-c2753cccf0.html,200,True,bf4b06e1537a8d5fa2e66fc92daabf83d3d51e8633171b9af187965813ebf482,106584,2026-08-16T19:03:43.125433+00:00,
https://monzo.com/help/payments-getting-started/samsung-pay,data\raw\pages\help-payments-getting-started-samsung-pay-ea7dcf612b.html,200,True,fed76333f0c4d608a9b27f75486d22eb59c9794b9396bd054ff6fa40aeb3024c,105469,2026-08-16T19:03:43.549957+00:00,
https://monzo.com/help/payments-getting-started/sending-money-monzo-to-monzo,data\raw\pages\help-payments-getting-started-sending-money-monzo-to-monzo-f06cc509b6.html,200,True,9b4afb41ffddff90875514d46421e7ccf8c80c3dbe0fbf716228f27885a0e887,105815,2026-08-16T19:03:43.981498+00:00,
https://monzo.com/help/payments-getting-started/SplitandPaytheMonzowaywithSharedTabs,data\raw\pages\help-payments-getting-started-splitandpaythemonzowaywithsharedtabs-ca75da5d41.html,200,True,fbaadd08362fededbf7464814e23f5aa5c9256e3627e3a25611cfe74a20f6de6,110372,2026-08-16T19:03:44.409550+00:00,
https://monzo.com/help/payments-getting-started/split-bill,data\raw\pages\help-payments-getting-started-split-bill-29a734ce58.html,200,True,6007fae5df8ef62e13882d448936b9ad898e0f2bc3b19f092fa399b7725d9c0d,103922,2026-08-16T19:03:44.835262+00:00,
https://monzo.com/help/payments-getting-started/split-costs-with-pals-web,data\raw\pages\help-payments-getting-started-split-costs-with-pals-web-913df4ee30.html,200,True,c21412b42b151e0cd504d213b2c47ad07a45202e40384c4b9e62ba1dd2f182b1,108369,2026-08-16T19:03:45.265495+00:00,
https://monzo.com/help/payments-getting-started/standing-order-cancel,data\raw\pages\help-payments-getting-started-standing-order-cancel-05bc7e148c.html,200,True,16895b10737927b2ec51ea35196ab532d723300cf46500097a86b77b2b4eda4b,97841,2026-08-16T19:03:45.692615+00:00,
https://monzo.com/help/payments-getting-started/standing-order-set-up,data\raw\pages\help-payments-getting-started-standing-order-set-up-b1af9df7ba.html,200,True,5f6592e86da1ffafd399493da655d75ddd15c51bdb84a75f8ed8004094fa8430,99236,2026-08-16T19:03:46.134238+00:00,
https://monzo.com/help/payments-getting-started/unsupported-currencies,data\raw\pages\help-payments-getting-started-unsupported-currencies-43c324e9a3.html,200,True,437346bb7cc893ca5c2143dd95eb4029e8977c7e54cd649ceea5dc7468becb6e,102294,2026-08-16T19:03:46.565736+00:00,
https://monzo.com/help/payments-getting-started/using-google-pay-card-frozen,data\raw\pages\help-payments-getting-started-using-google-pay-card-frozen-0892951a48.html,200,True,245f1b7b6561a92e443f82dce8abe2cdef216f28146d497ef557bd7137e7b50e,105541,2026-08-16T19:03:46.995619+00:00,
https://monzo.com/help/payments-getting-started/web-low-balance,data\raw\pages\help-payments-getting-started-web-low-balance-3099a5d580.html,200,True,3197b97f8047c748f10240f1bb00c34c52392fd97996fe23db09fea1629e403b,97130,2026-08-16T19:03:47.425552+00:00,
https://monzo.com/help/payments-getting-started/what-nearby-friends,data\raw\pages\help-payments-getting-started-what-nearby-friends-278b5a3d66.html,200,True,cab3c9d752805031e8b19f75129713322c25fe557f51c5197f355c34d13db9e0,102654,2026-08-16T19:03:47.851957+00:00,
https://monzo.com/help/payments-paying-monzobusiness,data\raw\pages\help-payments-paying-monzobusiness-0fd844303c.html,200,True,d116d77be5f91babe3fb5b128b213c693dbf30dcf20ab8d73ee22c3ea4e014fe,98573,2026-08-16T19:03:48.282658+00:00,
https://monzo.com/help/payments-paying-monzobusiness/paying-business-email,data\raw\pages\help-payments-paying-monzobusiness-paying-business-email-de1a3f6e96.html,200,True,7f9f7f00151fd2c7d9d68581c898cd2aaeeb758960b28c17664f1e59a280c34f,101828,2026-08-16T19:03:48.714032+00:00,
https://monzo.com/help/payments-paying-monzobusiness/paying-business-fees,data\raw\pages\help-payments-paying-monzobusiness-paying-business-fees-0281b0ebfb.html,200,True,660b17044a3b6a3fd9056b811d060ba4e33199d98e7dc8aaa50eddfe8fe0cb78,102225,2026-08-16T19:03:49.140068+00:00,
https://monzo.com/help/payments-paying-monzobusiness/paying-business-no-account,data\raw\pages\help-payments-paying-monzobusiness-paying-business-no-account-b87e5f4680.html,200,True,c18a3aa43e45642d3c25179c2928b1ab8c7fc141a008344d88ab4104fda4c3dc,102828,2026-08-16T19:03:49.579502+00:00,
https://monzo.com/help/payments-paying-monzobusiness/paying-business-paymentlinks,data\raw\pages\help-payments-paying-monzobusiness-paying-business-paymentlinks-de8ab7b70e.html,200,True,6a8c3a21ab9cbc90a3a38ddbd2e1b85b2f1bc677c22e8ccba19547e903ff0d8d,105226,2026-08-16T19:03:50.007787+00:00,
https://monzo.com/help/payments-paying-monzobusiness/paying-business-paynow,data\raw\pages\help-payments-paying-monzobusiness-paying-business-paynow-debc5c57a6.html,200,True,2378e1d7edcbcc103e6235854664a62e08b4df1bf1483f3c0350482ea98d6bf1,105188,2026-08-16T19:03:50.436079+00:00,
https://monzo.com/help/payments-paying-monzobusiness/paying-business-protection,data\raw\pages\help-payments-paying-monzobusiness-paying-business-protection-4db8576b38.html,200,True,4895b8fe773b62b37ecd6b7e5da1b0bded4baa063a9c2b05623f74397636c6ee,103704,2026-08-16T19:03:50.864141+00:00,
https://monzo.com/help/payments-paying-monzobusiness/paying-business-receipt,data\raw\pages\help-payments-paying-monzobusiness-paying-business-receipt-4b87a18c79.html,200,True,371f0b74fcc53982791e04eaf0bb6513315f8fc99513c9e300840a2ad7088cbb,101561,2026-08-16T19:03:51.292766+00:00,
https://monzo.com/help/payments-paying-monzobusiness/paying-easy-bank-transfer,data\raw\pages\help-payments-paying-monzobusiness-paying-easy-bank-transfer-dcf6a2846e.html,200,True,62f227357ce293f84f2c33f77950c6373d586702b631b9a8341956a62d8beae9,102930,2026-08-16T19:03:51.736727+00:00,
https://monzo.com/help/payments-troubleshooting,data\raw\pages\help-payments-troubleshooting-57c1f708a8.html,200,True,029e233eec93b36c404ceeecad66a0be71c26d20dc443e537131f8881ad51286,109720,2026-08-16T19:03:52.175270+00:00,
https://monzo.com/help/payments-troubleshooting/3ds-fail-online-payment,data\raw\pages\help-payments-troubleshooting-3ds-fail-online-payment-9956ad1457.html,200,True,88b36b0546a1fb8310484bf4e6f92613d4dff0f1681b9d5b7ce4b44feeaa014a,96696,2026-08-16T19:03:52.609605+00:00,
https://monzo.com/help/payments-troubleshooting/active-card-check-what,data\raw\pages\help-payments-troubleshooting-active-card-check-what-55c76af54c.html,200,True,4ed11ab0dddea68b59db63c4f7f1d0607aba6158ceef775fabe4e67fee45dbb9,103964,2026-08-16T19:03:53.036611+00:00,
https://monzo.com/help/payments-troubleshooting/card-payment-declined-still-been-charged,data\raw\pages\help-payments-troubleshooting-card-payment-declined-still-been-charged-a329145631.html,200,True,81df102dd221ad270f2f74576c3ce4f5164f1b444c7ec7d614802ac619c61597,106066,2026-08-16T19:03:53.475459+00:00,
https://monzo.com/help/payments-troubleshooting/chargebacks-current-account,data\raw\pages\help-payments-troubleshooting-chargebacks-current-account-a7ccf71127.html,200,True,3de2b24ce467d25532b4a2d582cdf412280d053b308ee4c8614df18eed1a0b8d,105122,2026-08-16T19:03:53.912972+00:00,
https://monzo.com/help/payments-troubleshooting/direct-debit-failed,data\raw\pages\help-payments-troubleshooting-direct-debit-failed-eba0228719.html,200,True,068541df9adc1c77c78b60a447fedec99fdfa0572ed1eb3590e7d76941874c5c,97311,2026-08-16T19:03:54.347955+00:00,
https://monzo.com/help/payments-troubleshooting/dispute-process-explainer,data\raw\pages\help-payments-troubleshooting-dispute-process-explainer-e00e8db971.html,200,True,1e4fe895468d99d48c96ace0c9e65d4a2cf7337a241278daec0713e74e29c5d3,105701,2026-08-16T19:03:54.775043+00:00,
https://monzo.com/help/payments-troubleshooting/frozen-card-payment,data\raw\pages\help-payments-troubleshooting-frozen-card-payment-d1d99e31de.html,200,True,79e9eaf83d556908d296dfe8bbc6b31479ca7d0318e461fb7d0e516d77c80ffa,104734,2026-08-16T19:03:55.203009+00:00,
https://monzo.com/help/payments-troubleshooting/hsbc-bank-transfer,data\raw\pages\help-payments-troubleshooting-hsbc-bank-transfer-24ae6f9f6a.html,200,True,ba69fdb27ea52c05241d972b99ca2c7185bbb76f5d6dc48a5f8bc428105d3f71,96090,2026-08-16T19:03:55.635278+00:00,
https://monzo.com/help/payments-troubleshooting/monzo-card-blocked,data\raw\pages\help-payments-troubleshooting-monzo-card-blocked-4ca5e40c8b.html,200,True,6af3675da4622855e24c1116bd09b7c9b2405798470a730976564d80a5d2a783,104599,2026-08-16T19:03:56.062112+00:00,
https://monzo.com/help/payments-troubleshooting/nearby-friends-help,data\raw\pages\help-payments-troubleshooting-nearby-friends-help-dd78218a20.html,200,True,50125808da7045da1dd403494ab5cae9882d2a086d17423d233df183d625eb14,95767,2026-08-16T19:03:56.492992+00:00,
https://monzo.com/help/payments-troubleshooting/offline-payments,data\raw\pages\help-payments-troubleshooting-offline-payments-83fc26d34b.html,200,True,4a8ce76d109d325144b7c25cac8dc5cfb3e530dbe65b71dc7f3b04b415ec5800,103695,2026-08-16T19:03:56.924709+00:00,
https://monzo.com/help/payments-troubleshooting/pending-payment,data\raw\pages\help-payments-troubleshooting-pending-payment-bebb58b912.html,200,True,d57960dd15330ab9242d0e21b23ed119ebcad88072b7624a404b7cdfa7770e12,105223,2026-08-16T19:03:57.363485+00:00,
https://monzo.com/help/payments-troubleshooting/refund-how-long,data\raw\pages\help-payments-troubleshooting-refund-how-long-261894a48a.html,200,True,9b465ab7103f1bcf482c11962cf40d43f5da174d0af1b4a025ce170ea052f64e,105358,2026-08-16T19:03:57.793111+00:00,
https://monzo.com/help/payments-troubleshooting/section-75-protection,data\raw\pages\help-payments-troubleshooting-section-75-protection-354e10f64e.html,200,True,863b75df5b869a4e7ee4f420dc3efc25083479abd57d2a1dc485e602a41edf33,105032,2026-08-16T19:03:58.223256+00:00,
https://monzo.com/help/payments-troubleshooting/standing-order-failed,data\raw\pages\help-payments-troubleshooting-standing-order-failed-ec3a598499.html,200,True,3bbaada1ba33e66e9853742c455eb6eee4a538b8102f7b516d9317b1a44cbc22,95291,2026-08-16T19:03:58.651623+00:00,
https://monzo.com/help/payments-troubleshooting/transfer-not-arrived,data\raw\pages\help-payments-troubleshooting-transfer-not-arrived-444c617374.html,200,True,cc4882259c38790c1daf6a2edb6dc22e1926c9874828d33d3bc6c499d421d5b0,97975,2026-08-16T19:03:59.080154+00:00,
https://monzo.com/help/payments-troubleshooting/unrecognised-payment-web,data\raw\pages\help-payments-troubleshooting-unrecognised-payment-web-35d7a99464.html,200,True,fd2e842c6c33a5da40f8b3e1306d9670f4fa5ed371e3506c5086b788e8a08505,106324,2026-08-16T19:03:59.517094+00:00,
https://monzo.com/help/payments-troubleshooting/why-are-my-contactless-card-payments-being-declined,data\raw\pages\help-payments-troubleshooting-why-are-my-contactless-card-payments-being-decline-545facce01.html,200,True,ddcb6be4e96b69c73cb5229bd02148a413a8334a7f72e2cb744d1c0eef260dc9,105200,2026-08-16T19:03:59.945191+00:00,
https://monzo.com/help/service-quality-results,data\raw\pages\help-service-quality-results-20c9767a3f.html,200,True,8c1d1c0664fe01ce2eadf273396578c7eacc0a76abb19b5e4d61953d2c2d25b3,91936,2026-08-16T19:04:00.373796+00:00,
https://monzo.com/help/service-quality-results/service-quality-results,data\raw\pages\help-service-quality-results-service-quality-results-74e0b271c8.html,200,True,84a1a8d4fbcc3159f1dc4c8a2cd1ed434c4591dcc7564d1c1c6a27e6252e02f1,93796,2026-08-16T19:04:00.812789+00:00,
https://monzo.com/help/switching-to-monzo,data\raw\pages\help-switching-to-monzo-4fb12ed02f.html,200,True,46f4ddc4338b74432410e927336c23116c22b6e5073108390e30807033bcb469,96292,2026-08-16T19:04:01.246816+00:00,
https://monzo.com/help/switching-to-monzo/cass-cancel-how-to,data\raw\pages\help-switching-to-monzo-cass-cancel-how-to-9612b25279.html,200,True,0733262017ef49753498a072830dfd6424400e0b73b16d294e53e6f6fff85e4d,98322,2026-08-16T19:04:01.678780+00:00,
https://monzo.com/help/switching-to-monzo/cass-full-switch-what,data\raw\pages\help-switching-to-monzo-cass-full-switch-what-5f4745570a.html,200,True,99105f14fbc27fb412b0f19b6e2c08bf8ed7c22ed9e1f429f544181c1942f259,99395,2026-08-16T19:04:02.116449+00:00,
https://monzo.com/help/switching-to-monzo/cass-status-update,data\raw\pages\help-switching-to-monzo-cass-status-update-263a877f7a.html,200,True,2d091b66af727379017f9dde9136e2cefa4e4efc3a9e84faa9671c314d87dedb,97582,2026-08-16T19:04:02.558610+00:00,
https://monzo.com/help/switching-to-monzo/cass-what,data\raw\pages\help-switching-to-monzo-cass-what-266f6e3d82.html,200,True,7468a6e0c7c7026fbd335b982a432c300e5f04ef525f914cef7d0215ac67e1aa,98576,2026-08-16T19:04:02.988954+00:00,
https://monzo.com/help/switching-to-monzo/overdraft-cass,data\raw\pages\help-switching-to-monzo-overdraft-cass-97b802fd20.html,200,True,c426759a2a67b982b029d7c79679a8324fd236ea8a62511845a69c8a1dd47cbe,98227,2026-08-16T19:04:03.417178+00:00,
https://monzo.com/help/switching-to-monzo/reasons-to-switch,data\raw\pages\help-switching-to-monzo-reasons-to-switch-481bb62ed0.html,200,True,cb523ab8cf30e16a19162bc21acebc6fa062f937b648633e68f2a547c344f57d,93883,2026-08-16T19:04:03.851187+00:00,
https://monzo.com/help/travelling,data\raw\pages\help-travelling-6493ee3381.html,200,True,7565e202db7c00bebfbbfc6e145e9b5d9d02080688c25396321eedca85de00dc,96271,2026-08-16T19:04:04.280730+00:00,
https://monzo.com/help/travelling/fees-abroad,data\raw\pages\help-travelling-fees-abroad-26acd42ed4.html,200,True,0aa409ee705d9675244755ad141eea96df93fbbcc6e24e1f244fec7b7c10f8bf,99458,2026-08-16T19:04:04.722883+00:00,
https://monzo.com/help/travelling/monzo-card-accepted-everywhere,data\raw\pages\help-travelling-monzo-card-accepted-everywhere-e9ac7295e1.html,200,True,4cddc0fd9746745762af4814bf5e5fe53a1ac9393595bd6936ca9790ebe0299c,100176,2026-08-16T19:04:05.153348+00:00,
https://monzo.com/help/travelling/reasons-travel-is-better-with-monzo,data\raw\pages\help-travelling-reasons-travel-is-better-with-monzo-17707c3b65.html,200,True,05d512eb9eed3d200ab3a567a81e2aa8a59d62fccf9fb46c82177694d9b5d728,105310,2026-08-16T19:04:05.586223+00:00,
https://monzo.com/help/travelling/reasons-travel-is-better-with-monzo-app,data\raw\pages\help-travelling-reasons-travel-is-better-with-monzo-app-ad733b126b.html,200,True,13e06ad2bf7cf251a93412a719819d68949e360807525fda58582b1e0ce1ce33,105306,2026-08-16T19:04:06.016940+00:00,
https://monzo.com/help/travelling/Tipping-in-the-USA,data\raw\pages\help-travelling-tipping-in-the-usa-67d7595231.html,200,True,1a5ae7798b8b7d9b168861a7ead64cc4350c197eae3c588a7f45e823a1cdb618,99954,2026-08-16T19:04:06.449152+00:00,
https://monzo.com/help/travelling/understanding-fees,data\raw\pages\help-travelling-understanding-fees-38e7154362.html,200,True,b4f405de2ace321a2d1c94fe6c3f98ae3aa78ef4b02015dee08de50f942c0088,106687,2026-08-16T19:04:06.880950+00:00,
https://monzo.com/help/travelling/web-my-limits,data\raw\pages\help-travelling-web-my-limits-ba488117de.html,200,True,034f59bca2ca47ad65c596de563344a633157d50cc28eeed3ad9e9403045c4f0,100633,2026-08-16T19:04:07.308843+00:00,
https://monzo.com/help/web-logging-in-to-the-app,data\raw\pages\help-web-logging-in-to-the-app-e5bc14fbf2.html,200,True,a0e7cd808a49da39b802acb8b533034963e25c2c2ae61414e1c61951904c238c,97139,2026-08-16T19:04:07.743196+00:00,
https://monzo.com/help/web-logging-in-to-the-app/web-locked-out-app,data\raw\pages\help-web-logging-in-to-the-app-web-locked-out-app-e407434797.html,200,True,d90fab9f27ab26832b3aee58f36a47bb42f2117d4938913975b30aad0197e0f8,101422,2026-08-16T19:04:08.178472+00:00,
https://monzo.com/help/web-logging-in-to-the-app/web-loggin-error-message,data\raw\pages\help-web-logging-in-to-the-app-web-loggin-error-message-18e524a3be.html,200,True,5cc32386a9fa0d849d5362293cdc791798752da042081eb1b4b06214347b4361,105289,2026-08-16T19:04:08.607029+00:00,
https://monzo.com/help/web-logging-in-to-the-app/web-login-email-not-working,data\raw\pages\help-web-logging-in-to-the-app-web-login-email-not-working-fe6938372c.html,200,True,6749e4342a306c1712cfb1816e3d09a23a2218e5c27161ae085c48db74848686,105532,2026-08-16T19:04:09.034695+00:00,
https://monzo.com/help/web-logging-in-to-the-app/web-login-icloud-issue,data\raw\pages\help-web-logging-in-to-the-app-web-login-icloud-issue-1185a2cf3d.html,200,True,c8f9fd1713923e911093dbb238dcc916fa73ed3281890dff3a637e9689d367f5,100597,2026-08-16T19:04:09.464417+00:00,
https://monzo.com/help/web-logging-in-to-the-app/web-remember-email-login-monzo,data\raw\pages\help-web-logging-in-to-the-app-web-remember-email-login-monzo-89ee340524.html,200,True,f87ea1b52871c785d0a19b65e2acb2825599b566b1ba3e0cd8979ff9804b29e9,103130,2026-08-16T19:04:09.892674+00:00,
https://monzo.com/help/your-needs,data\raw\pages\help-your-needs-394aa4c10e.html,200,True,954f5e3f18a78cd6cea582055e3f3c916ef24882b4224c178e9d6adb8760bad8,110786,2026-08-16T19:04:10.322763+00:00,
https://monzo.com/help/your-needs/accessibility-support,data\raw\pages\help-your-needs-accessibility-support-39bfd141d6.html,200,True,57f07b6d39a0df9cb7cb8c1d15b3a081378ac8195d22f31dda42ddabb81c16d7,103018,2026-08-16T19:04:10.749581+00:00,
https://monzo.com/help/your-needs/adhd-support,data\raw\pages\help-your-needs-adhd-support-87ff9ace8a.html,200,True,dc162d136f84b98bc9b2e9b87a062ee90c7d9e476b57847a0d635c1889532df3,105085,2026-08-16T19:04:11.177453+00:00,
https://monzo.com/help/your-needs/BALANCE-TRANSFER-WHEN-A-MONZO-ACCOUNT-HOLDER-PASSES-AWAY,data\raw\pages\help-your-needs-balance-transfer-when-a-monzo-account-holder-passes-away-a84c0178fe.html,200,True,bbd563a30a89d3d5dbeca85bc07d2ff0df21923960e5f3449c00a58dddd4d0ea,101181,2026-08-16T19:04:11.601012+00:00,
https://monzo.com/help/your-needs/domestic-financial-abuse,,404,False,,9928,2026-08-16T19:04:12.304258+00:00,HTTP 404
https://monzo.com/help/your-needs/experian-support-hub-web,data\raw\pages\help-your-needs-experian-support-hub-web-95c714be18.html,200,True,6d25454e82ec3d027462908ea11754da28d6349b5de09c73937419194ba24ff9,104139,2026-08-16T19:04:12.729534+00:00,
https://monzo.com/help/your-needs/gambling-support,data\raw\pages\help-your-needs-gambling-support-e4f849f7c3.html,200,True,b00d27418ef376006e7355da35b36b500b7de2aedece48b2ce3d9d78b9ebade6,102158,2026-08-16T19:04:13.158125+00:00,
https://monzo.com/help/your-needs/illness-support,data\raw\pages\help-your-needs-illness-support-4b459cf502.html,200,True,c536df95d0454b83fcef47ab62078c9734c86b9973fcd21818725c37e0d31be4,104489,2026-08-16T19:04:13.588538+00:00,
https://monzo.com/help/your-needs/mental-health-support,data\raw\pages\help-your-needs-mental-health-support-514725a532.html,200,True,20332e19cc1295972f3858b2d8052ac08a01d0ce1ce2f768c037efd5b86e9744,106145,2026-08-16T19:04:14.016767+00:00,
https://monzo.com/help/your-needs/SUPPORT-WHEN-A-MONZO-ACCOUNT-HOLDER-PASSES-AWAY,data\raw\pages\help-your-needs-support-when-a-monzo-account-holder-passes-away-b972144f22.html,200,True,d35075e800c9f48e0ab1361fc7fef4c21ffb8ef7efd9290443d5259158db6d49,110004,2026-08-16T19:04:14.449117+00:00,
https://monzo.com/help/your-needs/unexpected-life-events,data\raw\pages\help-your-needs-unexpected-life-events-8567fe980f.html,200,True,5df453caa8b43429010fc1c419b61e66dd3d5a44319c7bce73734ce547df2bf1,102000,2026-08-16T19:04:14.878671+00:00,
https://monzo.com/investments,data\raw\pages\investments-1b566f52fb.html,200,True,be84f72d833f604ca1e6d74222c4e617426e5426ad41873fd47e42d8c4af00cc,204244,2026-08-16T19:04:15.307228+00:00,
https://monzo.com/legal/business-account-decisions-using-open-banking/terms-and-conditions,data\raw\pages\legal-business-account-decisions-using-open-banking-terms-and-conditions-5fc953f5ab.html,200,True,2eeaff1099452dac44150ee89d3a7a3fac3bb184c03b69a9b3b0a0b0d00cf2fc,101178,2026-08-16T19:04:15.741038+00:00,
https://monzo.com/legal/credit-insights-terms-and-conditions,data\raw\pages\legal-credit-insights-terms-and-conditions-33500473f3.html,200,True,9d7c2f28ff013f4cc55d29984ea6fc37e0102fdb3bc00f885196a1f16336967e,124683,2026-08-16T19:04:16.170929+00:00,
https://monzo.com/legal/decisions-using-open-banking/terms-and-conditions,data\raw\pages\legal-decisions-using-open-banking-terms-and-conditions-92de31f3af.html,200,True,b7925325d4a5e4a8924ce016582967d6d05795c7ddfad0da886b25488517bb9a,105939,2026-08-16T19:04:16.601528+00:00,
https://monzo.com/legal/extra/terms-and-conditions,data\raw\pages\legal-extra-terms-and-conditions-fefde52e79.html,200,True,208b85864d5e00536c917d072b415fa3962caf740531427c226afde9fb0e2c77,123060,2026-08-16T19:04:17.030789+00:00,
https://monzo.com/legal/max/terms-and-conditions,data\raw\pages\legal-max-terms-and-conditions-9215e056a5.html,200,True,1035db4b715ee92f682935b88701c35dd83ad7c077851eeff226b91117479322,158727,2026-08-16T19:04:17.478071+00:00,
https://monzo.com/legal/perks/terms-and-conditions,data\raw\pages\legal-perks-terms-and-conditions-727de814c0.html,200,True,4c84e210a527ebdde64e86902d3d2a36bc0ebac06adc6b595536ea9e008fd937,141240,2026-08-16T19:04:17.906868+00:00,
https://monzo.com/legal/plans/connected-banks-terms-and-conditions,data\raw\pages\legal-plans-connected-banks-terms-and-conditions-3eec5ef773.html,200,True,696266b15dde67e11184fee80445cff18b6d08d634dee1a0c5c202e7f615e85a,113419,2026-08-16T19:04:18.339114+00:00,
https://monzo.com/legal/plans/credit-insights-terms-and-conditions,data\raw\pages\legal-plans-credit-insights-terms-and-conditions-bfe7f941b7.html,200,True,4a1ee2691f3fc9e85bc4cef7611535b8740e6a318c7c06073bd762b4d25b254c,125728,2026-08-16T19:04:18.777776+00:00,
https://monzo.com/legal/plans/fee-information,data\raw\pages\legal-plans-fee-information-e8dddebdd4.html,200,True,6861e71a3ca005acd3a7ca4333c7d4e38ca2498f3b1ac1d853da5a16d369918a,118150,2026-08-16T19:04:19.218679+00:00,
https://monzo.com/legal/plus/credit-tracker-terms-and-conditions,data\raw\pages\legal-plus-credit-tracker-terms-and-conditions-4492136a0b.html,200,True,11b9066e275162ede8efb03b484cf7116e5b9670049a42285cc55783b3d73548,110272,2026-08-16T19:04:19.648547+00:00,
https://monzo.com/legal/plus/fee-information,data\raw\pages\legal-plus-fee-information-805ab20890.html,200,True,41e8c1feaf78d919178f1c342585636cb9a4c58c9ec7b5c028a5277c7ef18396,112729,2026-08-16T19:04:20.086831+00:00,
https://monzo.com/legal/plus/savings-summary,data\raw\pages\legal-plus-savings-summary-f4a353fc41.html,200,True,86a10c48ad9507dbb55adfd0b32d0f330dd175e4034cb770dafd6867a21360e5,103624,2026-08-16T19:04:20.527860+00:00,
https://monzo.com/legal/plus/terms-and-conditions,data\raw\pages\legal-plus-terms-and-conditions-190bb2f9df.html,200,True,a827a1ed42295195ff2bf7e0fff545d2e044ab028c5a33bc84089ca3b5422326,135654,2026-08-16T19:04:20.959663+00:00,
https://monzo.com/legal/premium/fee-information,data\raw\pages\legal-premium-fee-information-9498ea57d8.html,200,True,97b832922dc9d8d4ece1a9261539f67ab5ea9f570a42e4689ba0fe2807a4b9a4,110314,2026-08-16T19:04:21.384734+00:00,
https://monzo.com/legal/premium/savings-summary,data\raw\pages\legal-premium-savings-summary-687f2c3847.html,200,True,f87764bdbacf539e34410e7f3c48e95af949dec54348968b4b5f2855a22b8f1a,102565,2026-08-16T19:04:21.811051+00:00,
https://monzo.com/legal/premium/terms-and-conditions,data\raw\pages\legal-premium-terms-and-conditions-dce3142f66.html,200,True,9664e05b9448b4757a37c38828b17958dfc3eec5f1d1664f74ca42f1e1f6e086,142129,2026-08-16T19:04:22.238556+00:00,
https://monzo.com/legal/under-16s/terms-and-conditions,data\raw\pages\legal-under-16s-terms-and-conditions-07618fcb58.html,200,True,be92e333a516314c689707b1b6240698fc568603b8c099f0149765cc391890fe,118903,2026-08-16T19:04:22.666683+00:00,
https://monzo.com/loans,data\raw\pages\loans-76cd3fcd48.html,200,True,6a0eb1c2547824b9305c51c4e19d44d1df1f8d09a56c21c08133b10594fa835f,124644,2026-08-16T19:04:23.098812+00:00,
https://monzo.com/loans/3000,data\raw\pages\loans-3000-fad32288be.html,200,True,f7217ca7ab44d4e0afac0d2ddfe670b87dfb699c9a16cfdea8277aa608c1a964,125974,2026-08-16T19:04:23.524190+00:00,
https://monzo.com/loans/5000,data\raw\pages\loans-5000-89a813aa45.html,200,True,82b44eabbd601a996aa05372e370354ad0c5ef72bd6b6170aa918d2c70f7dce0,127283,2026-08-16T19:04:23.963226+00:00,
https://monzo.com/loans/car-loans,data\raw\pages\loans-car-loans-fad2d080b6.html,200,True,783e4f8ff3030a69aac7ff06990ff0f85689dad5c74481cf72d90c089794b87e,120320,2026-08-16T19:04:24.393630+00:00,
https://monzo.com/loans/home-improvement-loans,data\raw\pages\loans-home-improvement-loans-3242130387.html,200,True,c2c7722b78014c71726dce6ecf50f87242a332663f0d683e2eed576c52d3431e,120363,2026-08-16T19:04:24.838127+00:00,
https://monzo.com/loans/personal-loan-calculator,data\raw\pages\loans-personal-loan-calculator-38f3455ae7.html,200,True,9f163b75b5912192921c10277403e81f690f65d789c17f3b2101a161ec5b5bd2,118800,2026-08-16T19:04:25.267197+00:00,
https://monzo.com/loans-desktop,data\raw\pages\loans-desktop-6d3e746f4a.html,200,True,c27ac7c340f88163df7a42bd14f83807a033ce0abe92db146b45593f87167b6e,95533,2026-08-16T19:04:25.696741+00:00,
https://monzo.com/overdraft-calculator,data\raw\pages\overdraft-calculator-5dbd97c54c.html,200,True,44ead9cd3d100248075863897cf18cf18f05e6d93f4a732bb1e64a2edef5d324,105153,2026-08-16T19:04:26.168657+00:00,
https://monzo.com/overdrafts,data\raw\pages\overdrafts-e638dc8982.html,200,True,8a24831aab8d35b415776dda7125739a41a9e411de537fe5915dcd980b50e6bc,143393,2026-08-16T19:04:26.621355+00:00,
https://monzo.com/pots,data\raw\pages\pots-dc8e748fea.html,200,True,3a31d6386ac7b27420a18411416b2119d077270b894ab85e2c4534f6657ad558,124922,2026-08-16T19:04:27.055749+00:00,
https://monzo.com/savings-isas,data\raw\pages\savings-isas-b44d833283.html,200,True,6e8d6e729f5c367a72c80e7530e52ba91c81b8c658f6b94a46e84e1c7abfbecc,1286187,2026-08-16T19:04:27.575068+00:00,
https://monzo.com/savings-isas/instant-access,data\raw\pages\savings-isas-instant-access-fe422a5461.html,200,True,308b22d5208c6ff3b8a74a09c4dbd7f27c1b1302c9f873f4137a09e983f3bc5c,477798,2026-08-16T19:04:28.053852+00:00,
https://monzo.com/savings-isas/under-16s-instant-access,data\raw\pages\savings-isas-under-16s-instant-access-67e5331178.html,200,True,048e6e4394dfaeb4dfdaa979996e81dfe2b594e2460a5fd0b66689cba7e772ef,145101,2026-08-16T19:04:28.532258+00:00,
https://monzo.com/security,data\raw\pages\security-3c46687894.html,200,True,6a8d356c4857a0a459c387ab83a039d0ccacabc5205b144ed9c51a0bfdf01227,143191,2026-08-16T19:04:29.009579+00:00,
https://monzo.com/help/business-accounts/bbaccountlimits,data\raw\pages\help-business-accounts-bbaccountlimits-360dd56fa5.html,200,True,78660526c5f700c257b2ba07b8037220fb682cd06f4722345536187a69771d83,111616,2026-08-16T19:04:29.469143+00:00,
https://monzo.com/help/investments/investments-fees,data\raw\pages\help-investments-investments-fees-eddbd8b96d.html,200,True,933e84f852b414a089e37cbc714117eda1fa7fb407d7af95743cd9bd6b734ebd,113364,2026-08-16T19:04:29.909925+00:00,
https://monzo.com/help/monzo-extra/Billsback-missing-merchant,data\raw\pages\help-monzo-extra-billsback-missing-merchant-4635896989.html,200,True,cfd53f6a19e2352bcc46ad48bafeacb9cb97601694dd2d0f92cf68f384445d15,95938,2026-08-16T19:04:30.339880+00:00,
https://monzo.com/help/monzo-extra/what-is-billsback,data\raw\pages\help-monzo-extra-what-is-billsback-b189573beb.html,200,True,9f3c0fb28d3fa5d2ddf2e0e93f1b9c9cc0bb2531998b8f88436962a1d227a5bd,97084,2026-08-16T19:04:30.769936+00:00,
https://monzo.com/help/monzo-flex/Easy-Bank-Transfers-For-Flex,data\raw\pages\help-monzo-flex-easy-bank-transfers-for-flex-5550f69199.html,200,True,5e23bc1013dd01463104a84f6e78ab5cb12ac91959c65cf8249e81182361a6e1,117497,2026-08-16T19:04:31.196717+00:00,
https://monzo.com/help/monzo-for-under-16s/under-16s-interest,data\raw\pages\help-monzo-for-under-16s-under-16s-interest-a85b560b6a.html,200,True,1a2f0dc450c68783803fc227d642ee9acb48d31c13ecdc7fa8f87c96bbf6add2,104986,2026-08-16T19:04:31.635945+00:00,
https://monzo.com/help/monzo-for-under-16s/under-16s-savings,data\raw\pages\help-monzo-for-under-16s-under-16s-savings-8c27c088e5.html,200,True,307f82f232a4a0793598dee2a85bb4c9cb3efe0aaf2392a49783757c788280d5,105295,2026-08-16T19:04:32.079312+00:00,
https://monzo.com/help/monzo-max/Billsback-missing-merchant,data\raw\pages\help-monzo-max-billsback-missing-merchant-1fae328107.html,200,True,483b9fe55ebb5093c4ab45d1b346069d23ce6a4223ed65347579b5361eb2c575,95894,2026-08-16T19:04:32.507320+00:00,
https://monzo.com/help/monzo-max/what-is-billsback,data\raw\pages\help-monzo-max-what-is-billsback-553b910adb.html,200,True,b812d8c733db89aa4187c51d5210907db2b300967be5a07d7c8845583c953bea,97040,2026-08-16T19:04:32.939580+00:00,
https://monzo.com/help/monzo-perks/Billsback-missing-merchant,data\raw\pages\help-monzo-perks-billsback-missing-merchant-fb343f7295.html,200,True,41a52836037a7276526a81ebce2b3c98c5e6a21b8e9fc2690611fdc8d7d1bae6,95938,2026-08-16T19:04:33.374256+00:00,
https://monzo.com/help/monzo-perks/what-is-billsback,data\raw\pages\help-monzo-perks-what-is-billsback-fadb60ca82.html,200,True,31d31c3c2c2c54e9d5d2523349d4b19251c225bf032ef49cca9255529c25f7eb,97084,2026-08-16T19:04:33.801890+00:00,
https://monzo.com/savings-isas/joint-instant-access,data\raw\pages\savings-isas-joint-instant-access-aaafa3889d.html,200,True,58199b6252278b35787df1f941c8af75a57e4205c2cc1183f777e91d5c51b01e,165430,2026-08-16T19:04:34.234278+00:00,
https://monzo.com/savings-isas/stocks-shares-isa,data\raw\pages\savings-isas-stocks-shares-isa-6add448378.html,200,True,308d6516f4c9dc75431f0b4dabfb3f1fc946b5053f75826441a5187ef85a231b,151591,2026-08-16T19:04:34.664709+00:00,
https://monzo.com/savings-isas/select-access,data\raw\pages\savings-isas-select-access-c4a54609a7.html,200,True,2b64c3e47696f0a6bbc6bc5714d369a710ecba52cf12626d1690d77b0f5be2ca,161868,2026-08-16T19:04:35.099032+00:00,
https://monzo.com/savings-isas/cash-isas,data\raw\pages\savings-isas-cash-isas-5ecc8063c0.html,200,True,eab89913902dc330467fe03bd169ca11d90526c14c0ae9eda30e0d298d727aec,207498,2026-08-16T19:04:35.525327+00:00,
https://monzo.com/en-es/business-banking,data\raw\pages\en-es-business-banking-9c66183bf9.html,200,True,5f4fc2196bb597246a89e37bffa51c4b2c991642900f10a49dbb4e6e0692d3cb,162341,2026-08-16T19:04:36.105885+00:00,
https://monzo.com/ie/business-banking,data\raw\pages\ie-business-banking-049bebbd9c.html,200,True,38a988869a7f56fc6fafc2c28a350bdfaa10c8dabcbf0fbc82af78f140bd0542,250400,2026-08-16T19:04:36.537045+00:00,
https://monzo.com/ie/current-account/personal,data\raw\pages\ie-current-account-personal-34a3c63140.html,200,True,3aa8de13394e8415154659d6c63f783cc7c04de015bb574c70767dc2037ce2fe,178174,2026-08-16T19:04:36.982360+00:00,
https://monzo.com/ie/business-banking/eligibility,data\raw\pages\ie-business-banking-eligibility-01d90293a6.html,200,True,80862250a30b9e24308e05dda6de88a96eec1d7e89accb0cdaaf494e016396ef,129506,2026-08-16T19:04:37.556173+00:00,
https://monzo.com/ie/current-account/under-16s,data\raw\pages\ie-current-account-under-16s-4fabf97aa3.html,200,True,3ad31ca00b35eeaa77d5c5638f07b9e8d9b15083350fb0f397ddeda4cb28d622,176822,2026-08-16T19:04:37.996425+00:00,
https://monzo.com/ie/current-account/16-17,data\raw\pages\ie-current-account-16-17-44b95a293f.html,200,True,9eef3c2e2bad94185e939631708f434e632739dffe52eae22a338b3c3fc6e837,142681,2026-08-16T19:04:38.428001+00:00,
https://monzo.com/ie/current-account/joint-account,data\raw\pages\ie-current-account-joint-account-fe9c56fd29.html,200,True,4cbaf2414b39310706a1104206da25f01b71deb28f29eb2c5383a5b067ea6d37,166835,2026-08-16T19:04:38.864498+00:00,
https://monzo.com/ie/savings,data\raw\pages\ie-savings-4758b39390.html,200,True,6d357703c0d3db4105a22f0159651a8d9d0e73974701d8625dbb121bed6f62ae,133659,2026-08-16T19:04:39.433932+00:00,
https://monzo.com/ie/savings/instant-access,data\raw\pages\ie-savings-instant-access-71ac80b21a.html,200,True,03b3327b6eccb266aa31700e39b72d7b30596212d126185550265eb5ca13b8e0,161905,2026-08-16T19:04:39.861928+00:00,
https://monzo.com/ie/security,data\raw\pages\ie-security-0269fb425a.html,200,True,139a9cc0cf3c327d233d77fe2762e7fb7559cd162807c9bcfaab437a768990d8,145154,2026-08-16T19:04:40.457433+00:00,
https://monzo.com/ie/business-banking/features,data\raw\pages\ie-business-banking-features-640cc7193d.html,200,True,a236c7faaa7bac33c4ddd4dcfc3df959daa33477146bd960e09c564588bba8f2,161032,2026-08-16T19:04:41.251784+00:00,
https://monzo.com/ie/business-banking/plans-pricing,data\raw\pages\ie-business-banking-plans-pricing-6f8b3fa878.html,200,True,7e64326a2dd69e443a55fdea4d973b6e0f9958bdff00e6f388094198881584f5,181188,2026-08-16T19:04:41.683943+00:00,
https://monzo.com/ie/business-banking/get-paid,data\raw\pages\ie-business-banking-get-paid-806def8d40.html,200,True,61eecc9b2d4d7e521fe40e77ef56d9930309d224395fb3f9b562f044318dab05,146121,2026-08-16T19:04:42.276772+00:00,
https://monzo.com/ie/business-banking/making-payments,data\raw\pages\ie-business-banking-making-payments-9789f24d32.html,200,True,f978abd4f2077f81efbe0205768642e23842762c3b97c97c1bafe77a4cd8a95c,135844,2026-08-16T19:04:42.877917+00:00,
https://monzo.com/ie/business-banking/features/auto-exports,data\raw\pages\ie-business-banking-features-auto-exports-2934f1e68d.html,200,True,ace0a5bf0892631707d4fe04880b09076aa121e5356d354f96675ed0172d34e9,133460,2026-08-16T19:04:43.523496+00:00,
https://monzo.com/ie/business-banking/features/accept-contactless-payments,data\raw\pages\ie-business-banking-features-accept-contactless-payments-4b7ba87d84.html,200,True,39098b5f1a386b045978ed99b649950cb71f6174f3f379499af61b88881da570,153589,2026-08-16T19:04:44.174298+00:00,
https://monzo.com/ie/business-banking/features/insights,data\raw\pages\ie-business-banking-features-insights-46b473b2ee.html,200,True,2621789fb7ac813b345689081ce6cdde0aa93cb410dac0347d42bece77cd268a,132122,2026-08-16T19:04:44.750058+00:00,
https://monzo.com/ie/business-banking/features/tax-pots,data\raw\pages\ie-business-banking-features-tax-pots-e72c0294da.html,200,True,c1abe3404262ec825762513f9558f384053fa20c863183d5c816daef1bc206d4,144451,2026-08-16T19:04:45.334139+00:00,
https://monzo.com/ie/business-banking/features/invoices,data\raw\pages\ie-business-banking-features-invoices-d34de79974.html,200,True,a226fe9a16050a31dcf07799128bdc49ceafeac04837f1f9ac42e91aae327e73,137451,2026-08-16T19:04:45.906200+00:00,
https://monzo.com/ie/business-banking/features/mobile-and-web-access,data\raw\pages\ie-business-banking-features-mobile-and-web-access-fea352d705.html,200,True,c5874d918df726a9ebf8115962b39799ae7364bbb6811fb55cb351ab29215049,132188,2026-08-16T19:04:46.498146+00:00,
https://monzo.com/ie/business-banking/features/business-savings,data\raw\pages\ie-business-banking-features-business-savings-b149ea190b.html,200,True,3a82594d323c7d407f486bca8cd46dd9a666f8d76ab4aeda559f36caf2cfb58f,143099,2026-08-16T19:04:47.163408+00:00,
https://monzo.com/ie/business-banking/security,data\raw\pages\ie-business-banking-security-95ccab7be8.html,200,True,3afc19ec7cb736cf05aab2958533eb35cd769b4dee948aa861cca7ac77500b06,148963,2026-08-16T19:04:47.821933+00:00,
https://monzo.com/ie/business-banking/tax-accounting,data\raw\pages\ie-business-banking-tax-accounting-445a82909a.html,200,True,d51a2d5f5ddf25e4d988e426e0d7355e3cfac72582a6ac6af6defe6a9c9ab897,149173,2026-08-16T19:04:48.397155+00:00,
https://monzo.com/ie/business-banking/features/multi-user-access,data\raw\pages\ie-business-banking-features-multi-user-access-07bc8c6301.html,200,True,0e9a881697823613d0f7158ac5b1042f9eb01517cff901f3a7033af07c15ac3d,149941,2026-08-16T19:04:48.831013+00:00,
https://monzo.com/ie/features/payments,data\raw\pages\ie-features-payments-886b7363d5.html,200,True,a00c10eae1176e55f16fc3da45938425e7ea825f4dda89822d2f4eae39a1655c,171305,2026-08-16T19:04:49.256429+00:00,
https://monzo.com/ie/features/monzo-split,data\raw\pages\ie-features-monzo-split-d935000711.html,200,True,309b214be0ea5464b6393140e47f12f20a00af597ea89906c0a45d426d9d72b0,159371,2026-08-16T19:04:49.847900+00:00,
https://monzo.com/ie/features/travel,data\raw\pages\ie-features-travel-13fd3aae9e.html,200,True,f2f28454b59482b5b667ad527d3bcfdc095ad18028e08eb0b459a66e89510783,153700,2026-08-16T19:04:50.273808+00:00,
https://monzo.com/ie/features/money-management,data\raw\pages\ie-features-money-management-649c119f20.html,200,True,1b1ce7884e952726a886e23095900648a4d1f1e940493cee08ff5a210989810d,149952,2026-08-16T19:04:50.848225+00:00,
https://monzo.com/ie/features/apple-pay,data\raw\pages\ie-features-apple-pay-01bff55007.html,200,True,e3ed775600ead41fe086cb8075712163f176ed183cdd1f7fad770bcd1b9e63b3,144955,2026-08-16T19:04:51.295002+00:00,
